image_id,depth_scope,hpq,otq,tq,bq,mean_nq,mq,lq,mask_recovery,tp,fp,fn,num_gt_masks,num_pred_masks,num_branch_pairs,num_correct_branch_pairs,num_gt_nodes,num_pred_nodes,gt_max_depth,gt_mean_depth,gt_depth_variance,pred_max_depth,pred_mean_depth,pred_depth_variance
10130,<=1,1.0,1.0,1.0,1.0,1.0,1.0,1.0,1.0,38,0,0,38,38,703,703,8,8,1,1.0,0.0,1,1.0,0.0
10136,<=1,1.0,1.0,1.0,1.0,1.0,1.0,1.0,1.0,40,0,0,40,40,780,780,9,9,1,1.0,0.0,1,1.0,0.0
10138,<=1,1.0,1.0,1.0,1.0,1.0,1.0,1.0,1.0,43,0,0,43,43,903,903,18,18,1,1.0,0.0,1,1.0,0.0
10142,<=1,1.0,1.0,1.0,1.0,1.0,1.0,1.0,1.0,8,0,0,8,8,28,28,6,6,1,1.0,0.0,1,1.0,0.0
10145,<=1,1.0,1.0,1.0,1.0,1.0,1.0,1.0,1.0,20,0,0,20,20,190,190,14,14,1,1.0,0.0,1,1.0,0.0
10161,<=1,1.0,1.0,1.0,1.0,1.0,1.0,1.0,1.0,8,0,0,8,8,28,28,7,7,1,1.0,0.0,1,1.0,0.0
10166,<=1,1.0,0.0,0.0,1.0,0.0,0.0,0.0,0.0,0,0,0,0,0,0,0,1,1,1,1.0,0.0,1,1.0,0.0
10176,<=1,1.0,1.0,1.0,1.0,1.0,1.0,1.0,1.0,19,0,0,19,19,171,171,11,11,1,1.0,0.0,1,1.0,0.0
10179,<=1,1.0,1.0,1.0,1.0,1.0,1.0,1.0,1.0,4,0,0,4,4,6,6,4,4,1,1.0,0.0,1,1.0,0.0
10192,<=1,1.0,1.0,1.0,1.0,1.0,1.0,1.0,1.0,24,0,0,24,24,276,276,14,14,1,1.0,0.0,1,1.0,0.0
10196,<=1,1.0,1.0,1.0,1.0,1.0,1.0,1.0,1.0,28,0,0,28,28,378,378,6,6,1,1.0,0.0,1,1.0,0.0
10205,<=1,1.0,1.0,1.0,1.0,1.0,1.0,1.0,1.0,25,0,0,25,25,300,300,15,15,1,1.0,0.0,1,1.0,0.0
10211,<=1,1.0,1.0,1.0,1.0,1.0,1.0,1.0,1.0,29,0,0,29,29,406,406,9,9,1,1.0,0.0,1,1.0,0.0
10217,<=1,1.0,1.0,1.0,1.0,1.0,1.0,1.0,1.0,8,0,0,8,8,28,28,5,5,1,1.0,0.0,1,1.0,0.0
10219,<=1,1.0,1.0,1.0,1.0,1.0,1.0,1.0,1.0,24,0,0,24,24,276,276,6,6,1,1.0,0.0,1,1.0,0.0
10232,<=1,1.0,1.0,1.0,1.0,1.0,1.0,1.0,1.0,5,0,0,5,5,10,10,4,4,1,1.0,0.0,1,1.0,0.0
10243,<=1,1.0,1.0,1.0,1.0,1.0,1.0,1.0,1.0,37,0,0,37,37,666,666,12,12,1,1.0,0.0,1,1.0,0.0
10244,<=1,1.0,1.0,1.0,1.0,1.0,1.0,1.0,1.0,22,0,0,22,22,231,231,14,14,1,1.0,0.0,1,1.0,0.0
10245,<=1,1.0,1.0,1.0,1.0,1.0,1.0,1.0,1.0,8,0,0,8,8,28,28,7,7,1,1.0,0.0,1,1.0,0.0
10248,<=1,1.0,1.0,1.0,1.0,1.0,1.0,1.0,1.0,2,0,0,2,2,1,1,3,3,1,1.0,0.0,1,1.0,0.0
10249,<=1,1.0,1.0,1.0,1.0,1.0,1.0,1.0,1.0,7,0,0,7,7,21,21,6,6,1,1.0,0.0,1,1.0,0.0
10256,<=1,1.0,1.0,1.0,1.0,1.0,1.0,1.0,1.0,4,0,0,4,4,6,6,4,4,1,1.0,0.0,1,1.0,0.0
10263,<=1,1.0,1.0,1.0,1.0,1.0,1.0,1.0,1.0,20,0,0,20,20,190,190,12,12,1,1.0,0.0,1,1.0,0.0
10265,<=1,1.0,1.0,1.0,1.0,1.0,1.0,1.0,1.0,7,0,0,7,7,21,21,6,6,1,1.0,0.0,1,1.0,0.0
10275,<=1,1.0,1.0,1.0,1.0,1.0,1.0,1.0,1.0,14,0,0,14,14,91,91,8,8,1,1.0,0.0,1,1.0,0.0
10276,<=1,1.0,1.0,1.0,1.0,1.0,1.0,1.0,1.0,29,0,0,29,29,406,406,9,9,1,1.0,0.0,1,1.0,0.0
10281,<=1,1.0,1.0,1.0,1.0,1.0,1.0,1.0,1.0,27,0,0,27,27,351,351,7,7,1,1.0,0.0,1,1.0,0.0
10303,<=1,1.0,1.0,1.0,1.0,1.0,1.0,1.0,1.0,1,0,0,1,1,0,0,2,2,1,1.0,0.0,1,1.0,0.0
10309,<=1,1.0,1.0,1.0,1.0,1.0,1.0,1.0,1.0,7,0,0,7,7,21,21,5,5,1,1.0,0.0,1,1.0,0.0
10319,<=1,1.0,1.0,1.0,1.0,1.0,1.0,1.0,1.0,10,0,0,10,10,45,45,7,7,1,1.0,0.0,1,1.0,0.0
10324,<=1,1.0,1.0,1.0,1.0,1.0,1.0,1.0,1.0,4,0,0,4,4,6,6,3,3,1,1.0,0.0,1,1.0,0.0
10327,<=1,1.0,1.0,1.0,1.0,1.0,1.0,1.0,1.0,45,0,0,45,45,990,990,4,4,1,1.0,0.0,1,1.0,0.0
10343,<=1,1.0,1.0,1.0,1.0,1.0,1.0,1.0,1.0,23,0,0,23,23,253,253,7,7,1,1.0,0.0,1,1.0,0.0
10369,<=1,1.0,1.0,1.0,1.0,1.0,1.0,1.0,1.0,6,0,0,6,6,15,15,6,6,1,1.0,0.0,1,1.0,0.0
10386,<=1,1.0,1.0,1.0,1.0,1.0,1.0,1.0,1.0,12,0,0,12,12,66,66,7,7,1,1.0,0.0,1,1.0,0.0
10388,<=1,1.0,1.0,1.0,1.0,1.0,1.0,1.0,1.0,6,0,0,6,6,15,15,7,7,1,1.0,0.0,1,1.0,0.0
10403,<=1,1.0,1.0,1.0,1.0,1.0,1.0,1.0,1.0,27,0,0,27,27,351,351,8,8,1,1.0,0.0,1,1.0,0.0
10407,<=1,1.0,1.0,1.0,1.0,1.0,1.0,1.0,1.0,8,0,0,8,8,28,28,5,5,1,1.0,0.0,1,1.0,0.0
10414,<=1,1.0,1.0,1.0,1.0,1.0,1.0,1.0,1.0,4,0,0,4,4,6,6,2,2,1,1.0,0.0,1,1.0,0.0
10420,<=1,1.0,1.0,1.0,1.0,1.0,1.0,1.0,1.0,5,0,0,5,5,10,10,5,5,1,1.0,0.0,1,1.0,0.0
10421,<=1,1.0,1.0,1.0,1.0,1.0,1.0,1.0,1.0,4,0,0,4,4,6,6,3,3,1,1.0,0.0,1,1.0,0.0
10430,<=1,1.0,1.0,1.0,1.0,1.0,1.0,1.0,1.0,24,0,0,24,24,276,276,11,11,1,1.0,0.0,1,1.0,0.0
10432,<=1,1.0,1.0,1.0,1.0,1.0,1.0,1.0,1.0,112,0,0,112,112,6216,6216,5,5,1,1.0,0.0,1,1.0,0.0
10440,<=1,1.0,1.0,1.0,1.0,1.0,1.0,1.0,1.0,2,0,0,2,2,1,1,3,3,1,1.0,0.0,1,1.0,0.0
10444,<=1,1.0,1.0,1.0,1.0,1.0,1.0,1.0,1.0,5,0,0,5,5,10,10,5,5,1,1.0,0.0,1,1.0,0.0
10445,<=1,1.0,1.0,1.0,1.0,1.0,1.0,1.0,1.0,8,0,0,8,8,28,28,5,5,1,1.0,0.0,1,1.0,0.0
10449,<=1,1.0,1.0,1.0,1.0,1.0,1.0,1.0,1.0,29,0,0,29,29,406,406,8,8,1,1.0,0.0,1,1.0,0.0
10463,<=1,1.0,1.0,1.0,1.0,1.0,1.0,1.0,1.0,18,0,0,18,18,153,153,8,8,1,1.0,0.0,1,1.0,0.0
10471,<=1,1.0,1.0,1.0,1.0,1.0,1.0,1.0,1.0,13,0,0,13,13,78,78,8,8,1,1.0,0.0,1,1.0,0.0
10472,<=1,1.0,1.0,1.0,1.0,1.0,1.0,1.0,1.0,18,0,0,18,18,153,153,7,7,1,1.0,0.0,1,1.0,0.0
10476,<=1,1.0,1.0,1.0,1.0,1.0,1.0,1.0,1.0,13,0,0,13,13,78,78,9,9,1,1.0,0.0,1,1.0,0.0
10484,<=1,1.0,1.0,1.0,1.0,1.0,1.0,1.0,1.0,15,0,0,15,15,105,105,9,9,1,1.0,0.0,1,1.0,0.0
10495,<=1,1.0,1.0,1.0,1.0,1.0,1.0,1.0,1.0,37,0,0,37,37,666,666,6,6,1,1.0,0.0,1,1.0,0.0
10496,<=1,1.0,1.0,1.0,1.0,1.0,1.0,1.0,1.0,11,0,0,11,11,55,55,8,8,1,1.0,0.0,1,1.0,0.0
10498,<=1,1.0,1.0,1.0,1.0,1.0,1.0,1.0,1.0,12,0,0,12,12,66,66,6,6,1,1.0,0.0,1,1.0,0.0
10526,<=1,1.0,1.0,1.0,1.0,1.0,1.0,1.0,1.0,20,0,0,20,20,190,190,9,9,1,1.0,0.0,1,1.0,0.0
10534,<=1,1.0,1.0,1.0,1.0,1.0,1.0,1.0,1.0,4,0,0,4,4,6,6,5,5,1,1.0,0.0,1,1.0,0.0
10539,<=1,1.0,1.0,1.0,1.0,1.0,1.0,1.0,1.0,42,0,0,42,42,861,861,9,9,1,1.0,0.0,1,1.0,0.0
10546,<=1,1.0,1.0,1.0,1.0,1.0,1.0,1.0,1.0,4,0,0,4,4,6,6,4,4,1,1.0,0.0,1,1.0,0.0
10547,<=1,1.0,1.0,1.0,1.0,1.0,1.0,1.0,1.0,4,0,0,4,4,6,6,5,5,1,1.0,0.0,1,1.0,0.0
10560,<=1,1.0,1.0,1.0,1.0,1.0,1.0,1.0,1.0,8,0,0,8,8,28,28,6,6,1,1.0,0.0,1,1.0,0.0
10579,<=1,1.0,1.0,1.0,1.0,1.0,1.0,1.0,1.0,20,0,0,20,20,190,190,10,10,1,1.0,0.0,1,1.0,0.0
10580,<=1,1.0,1.0,1.0,1.0,1.0,1.0,1.0,1.0,4,0,0,4,4,6,6,3,3,1,1.0,0.0,1,1.0,0.0
10581,<=1,1.0,1.0,1.0,1.0,1.0,1.0,1.0,1.0,23,0,0,23,23,253,253,13,13,1,1.0,0.0,1,1.0,0.0
10591,<=1,1.0,1.0,1.0,1.0,1.0,1.0,1.0,1.0,38,0,0,38,38,703,703,8,8,1,1.0,0.0,1,1.0,0.0
10600,<=1,1.0,1.0,1.0,1.0,1.0,1.0,1.0,1.0,7,0,0,7,7,21,21,8,8,1,1.0,0.0,1,1.0,0.0
10613,<=1,1.0,1.0,1.0,1.0,1.0,1.0,1.0,1.0,18,0,0,18,18,153,153,5,5,1,1.0,0.0,1,1.0,0.0
10614,<=1,1.0,1.0,1.0,1.0,1.0,1.0,1.0,1.0,12,0,0,12,12,66,66,6,6,1,1.0,0.0,1,1.0,0.0
10621,<=1,1.0,1.0,1.0,1.0,1.0,1.0,1.0,1.0,17,0,0,17,17,136,136,11,11,1,1.0,0.0,1,1.0,0.0
10624,<=1,1.0,1.0,1.0,1.0,1.0,1.0,1.0,1.0,7,0,0,7,7,21,21,6,6,1,1.0,0.0,1,1.0,0.0
10627,<=1,1.0,1.0,1.0,1.0,1.0,1.0,1.0,1.0,2,0,0,2,2,1,1,3,3,1,1.0,0.0,1,1.0,0.0
10639,<=1,1.0,1.0,1.0,1.0,1.0,1.0,1.0,1.0,21,0,0,21,21,210,210,11,11,1,1.0,0.0,1,1.0,0.0
10644,<=1,1.0,1.0,1.0,1.0,1.0,1.0,1.0,1.0,50,0,0,50,50,1225,1225,7,7,1,1.0,0.0,1,1.0,0.0
10655,<=1,1.0,1.0,1.0,1.0,1.0,1.0,1.0,1.0,9,0,0,9,9,36,36,8,8,1,1.0,0.0,1,1.0,0.0
10681,<=1,1.0,1.0,1.0,1.0,1.0,1.0,1.0,1.0,4,0,0,4,4,6,6,5,5,1,1.0,0.0,1,1.0,0.0
10683,<=1,1.0,1.0,1.0,1.0,1.0,1.0,1.0,1.0,13,0,0,13,13,78,78,11,11,1,1.0,0.0,1,1.0,0.0
10684,<=1,1.0,1.0,1.0,1.0,1.0,1.0,1.0,1.0,4,0,0,4,4,6,6,5,5,1,1.0,0.0,1,1.0,0.0
10691,<=1,1.0,1.0,1.0,1.0,1.0,1.0,1.0,1.0,10,0,0,10,10,45,45,9,9,1,1.0,0.0,1,1.0,0.0
10693,<=1,1.0,1.0,1.0,1.0,1.0,1.0,1.0,1.0,8,0,0,8,8,28,28,8,8,1,1.0,0.0,1,1.0,0.0
10694,<=1,1.0,1.0,1.0,1.0,1.0,1.0,1.0,1.0,4,0,0,4,4,6,6,5,5,1,1.0,0.0,1,1.0,0.0
10698,<=1,1.0,1.0,1.0,1.0,1.0,1.0,1.0,1.0,4,0,0,4,4,6,6,5,5,1,1.0,0.0,1,1.0,0.0
10701,<=1,1.0,1.0,1.0,1.0,1.0,1.0,1.0,1.0,85,0,0,85,85,3570,3570,12,12,1,1.0,0.0,1,1.0,0.0
10702,<=1,1.0,1.0,1.0,1.0,1.0,1.0,1.0,1.0,4,0,0,4,4,6,6,4,4,1,1.0,0.0,1,1.0,0.0
10711,<=1,1.0,1.0,1.0,1.0,1.0,1.0,1.0,1.0,24,0,0,24,24,276,276,7,7,1,1.0,0.0,1,1.0,0.0
10714,<=1,1.0,1.0,1.0,1.0,1.0,1.0,1.0,1.0,16,0,0,16,16,120,120,11,11,1,1.0,0.0,1,1.0,0.0
10716,<=1,1.0,1.0,1.0,1.0,1.0,1.0,1.0,1.0,15,0,0,15,15,105,105,4,4,1,1.0,0.0,1,1.0,0.0
10719,<=1,1.0,1.0,1.0,1.0,1.0,1.0,1.0,1.0,11,0,0,11,11,55,55,8,8,1,1.0,0.0,1,1.0,0.0
10720,<=1,1.0,1.0,1.0,1.0,1.0,1.0,1.0,1.0,8,0,0,8,8,28,28,6,6,1,1.0,0.0,1,1.0,0.0
10727,<=1,1.0,1.0,1.0,1.0,1.0,1.0,1.0,1.0,26,0,0,26,26,325,325,7,7,1,1.0,0.0,1,1.0,0.0
10728,<=1,1.0,1.0,1.0,1.0,1.0,1.0,1.0,1.0,13,0,0,13,13,78,78,8,8,1,1.0,0.0,1,1.0,0.0
10733,<=1,1.0,1.0,1.0,1.0,1.0,1.0,1.0,1.0,8,0,0,8,8,28,28,6,6,1,1.0,0.0,1,1.0,0.0
10735,<=1,1.0,1.0,1.0,1.0,1.0,1.0,1.0,1.0,10,0,0,10,10,45,45,8,8,1,1.0,0.0,1,1.0,0.0
10743,<=1,1.0,1.0,1.0,1.0,1.0,1.0,1.0,1.0,13,0,0,13,13,78,78,7,7,1,1.0,0.0,1,1.0,0.0
10766,<=1,1.0,1.0,1.0,1.0,1.0,1.0,1.0,1.0,3,0,0,3,3,3,3,4,4,1,1.0,0.0,1,1.0,0.0
10769,<=1,1.0,1.0,1.0,1.0,1.0,1.0,1.0,1.0,10,0,0,10,10,45,45,5,5,1,1.0,0.0,1,1.0,0.0
10779,<=1,1.0,1.0,1.0,1.0,1.0,1.0,1.0,1.0,18,0,0,18,18,153,153,11,11,1,1.0,0.0,1,1.0,0.0
10784,<=1,1.0,1.0,1.0,1.0,1.0,1.0,1.0,1.0,166,0,0,166,166,13695,13695,14,14,1,1.0,0.0,1,1.0,0.0
10785,<=1,1.0,1.0,1.0,1.0,1.0,1.0,1.0,1.0,7,0,0,7,7,21,21,5,5,1,1.0,0.0,1,1.0,0.0
10787,<=1,1.0,1.0,1.0,1.0,1.0,1.0,1.0,1.0,3,0,0,3,3,3,3,4,4,1,1.0,0.0,1,1.0,0.0
10793,<=1,1.0,1.0,1.0,1.0,1.0,1.0,1.0,1.0,12,0,0,12,12,66,66,9,9,1,1.0,0.0,1,1.0,0.0
10817,<=1,1.0,1.0,1.0,1.0,1.0,1.0,1.0,1.0,9,0,0,9,9,36,36,7,7,1,1.0,0.0,1,1.0,0.0
10818,<=1,1.0,1.0,1.0,1.0,1.0,1.0,1.0,1.0,20,0,0,20,20,190,190,5,5,1,1.0,0.0,1,1.0,0.0
10822,<=1,1.0,1.0,1.0,1.0,1.0,1.0,1.0,1.0,7,0,0,7,7,21,21,4,4,1,1.0,0.0,1,1.0,0.0
10831,<=1,1.0,1.0,1.0,1.0,1.0,1.0,1.0,1.0,5,0,0,5,5,10,10,5,5,1,1.0,0.0,1,1.0,0.0
10837,<=1,1.0,1.0,1.0,1.0,1.0,1.0,1.0,1.0,32,0,0,32,32,496,496,8,8,1,1.0,0.0,1,1.0,0.0
10844,<=1,1.0,1.0,1.0,1.0,1.0,1.0,1.0,1.0,42,0,0,42,42,861,861,17,17,1,1.0,0.0,1,1.0,0.0
10851,<=1,1.0,1.0,1.0,1.0,1.0,1.0,1.0,1.0,7,0,0,7,7,21,21,7,7,1,1.0,0.0,1,1.0,0.0
10856,<=1,1.0,1.0,1.0,1.0,1.0,1.0,1.0,1.0,1,0,0,1,1,0,0,2,2,1,1.0,0.0,1,1.0,0.0
10867,<=1,1.0,1.0,1.0,1.0,1.0,1.0,1.0,1.0,6,0,0,6,6,15,15,4,4,1,1.0,0.0,1,1.0,0.0
10871,<=1,1.0,1.0,1.0,1.0,1.0,1.0,1.0,1.0,8,0,0,8,8,28,28,7,7,1,1.0,0.0,1,1.0,0.0
10877,<=1,1.0,1.0,1.0,1.0,1.0,1.0,1.0,1.0,19,0,0,19,19,171,171,12,12,1,1.0,0.0,1,1.0,0.0
10881,<=1,1.0,1.0,1.0,1.0,1.0,1.0,1.0,1.0,57,0,0,57,57,1596,1596,16,16,1,1.0,0.0,1,1.0,0.0
10900,<=1,1.0,1.0,1.0,1.0,1.0,1.0,1.0,1.0,8,0,0,8,8,28,28,4,4,1,1.0,0.0,1,1.0,0.0
10903,<=1,1.0,1.0,1.0,1.0,1.0,1.0,1.0,1.0,32,0,0,32,32,496,496,13,13,1,1.0,0.0,1,1.0,0.0
10907,<=1,1.0,1.0,1.0,1.0,1.0,1.0,1.0,1.0,7,0,0,7,7,21,21,6,6,1,1.0,0.0,1,1.0,0.0
10935,<=1,1.0,1.0,1.0,1.0,1.0,1.0,1.0,1.0,17,0,0,17,17,136,136,6,6,1,1.0,0.0,1,1.0,0.0
10936,<=1,1.0,1.0,1.0,1.0,1.0,1.0,1.0,1.0,22,0,0,22,22,231,231,8,8,1,1.0,0.0,1,1.0,0.0
10948,<=1,1.0,1.0,1.0,1.0,1.0,1.0,1.0,1.0,23,0,0,23,23,253,253,13,13,1,1.0,0.0,1,1.0,0.0
10964,<=1,1.0,1.0,1.0,1.0,1.0,1.0,1.0,1.0,12,0,0,12,12,66,66,5,5,1,1.0,0.0,1,1.0,0.0
10966,<=1,1.0,1.0,1.0,1.0,1.0,1.0,1.0,1.0,18,0,0,18,18,153,153,10,10,1,1.0,0.0,1,1.0,0.0
10969,<=1,1.0,1.0,1.0,1.0,1.0,1.0,1.0,1.0,16,0,0,16,16,120,120,7,7,1,1.0,0.0,1,1.0,0.0
10981,<=1,1.0,1.0,1.0,1.0,1.0,1.0,1.0,1.0,6,0,0,6,6,15,15,5,5,1,1.0,0.0,1,1.0,0.0
11004,<=1,1.0,1.0,1.0,1.0,1.0,1.0,1.0,1.0,17,0,0,17,17,136,136,10,10,1,1.0,0.0,1,1.0,0.0
11015,<=1,1.0,1.0,1.0,1.0,1.0,1.0,1.0,1.0,43,0,0,43,43,903,903,4,4,1,1.0,0.0,1,1.0,0.0
11025,<=1,1.0,1.0,1.0,1.0,1.0,1.0,1.0,1.0,14,0,0,14,14,91,91,6,6,1,1.0,0.0,1,1.0,0.0
11041,<=1,1.0,1.0,1.0,1.0,1.0,1.0,1.0,1.0,92,0,0,92,92,4186,4186,8,8,1,1.0,0.0,1,1.0,0.0
11042,<=1,1.0,1.0,1.0,1.0,1.0,1.0,1.0,1.0,3,0,0,3,3,3,3,4,4,1,1.0,0.0,1,1.0,0.0
11052,<=1,1.0,1.0,1.0,1.0,1.0,1.0,1.0,1.0,3,0,0,3,3,3,3,4,4,1,1.0,0.0,1,1.0,0.0
11065,<=1,1.0,1.0,1.0,1.0,1.0,1.0,1.0,1.0,16,0,0,16,16,120,120,9,9,1,1.0,0.0,1,1.0,0.0
11076,<=1,1.0,1.0,1.0,1.0,1.0,1.0,1.0,1.0,5,0,0,5,5,10,10,4,4,1,1.0,0.0,1,1.0,0.0
11077,<=1,1.0,1.0,1.0,1.0,1.0,1.0,1.0,1.0,5,0,0,5,5,10,10,5,5,1,1.0,0.0,1,1.0,0.0
11080,<=1,1.0,1.0,1.0,1.0,1.0,1.0,1.0,1.0,10,0,0,10,10,45,45,8,8,1,1.0,0.0,1,1.0,0.0
11081,<=1,1.0,1.0,1.0,1.0,1.0,1.0,1.0,1.0,1,0,0,1,1,0,0,2,2,1,1.0,0.0,1,1.0,0.0
11100,<=1,1.0,1.0,1.0,1.0,1.0,1.0,1.0,1.0,6,0,0,6,6,15,15,5,5,1,1.0,0.0,1,1.0,0.0
11107,<=1,1.0,1.0,1.0,1.0,1.0,1.0,1.0,1.0,23,0,0,23,23,253,253,12,12,1,1.0,0.0,1,1.0,0.0
11129,<=1,1.0,1.0,1.0,1.0,1.0,1.0,1.0,1.0,4,0,0,4,4,6,6,4,4,1,1.0,0.0,1,1.0,0.0
11138,<=1,1.0,1.0,1.0,1.0,1.0,1.0,1.0,1.0,6,0,0,6,6,15,15,6,6,1,1.0,0.0,1,1.0,0.0
11147,<=1,1.0,1.0,1.0,1.0,1.0,1.0,1.0,1.0,12,0,0,12,12,66,66,7,7,1,1.0,0.0,1,1.0,0.0
11156,<=1,1.0,1.0,1.0,1.0,1.0,1.0,1.0,1.0,13,0,0,13,13,78,78,8,8,1,1.0,0.0,1,1.0,0.0
11158,<=1,1.0,1.0,1.0,1.0,1.0,1.0,1.0,1.0,9,0,0,9,9,36,36,7,7,1,1.0,0.0,1,1.0,0.0
11159,<=1,1.0,1.0,1.0,1.0,1.0,1.0,1.0,1.0,39,0,0,39,39,741,741,10,10,1,1.0,0.0,1,1.0,0.0
11168,<=1,1.0,1.0,1.0,1.0,1.0,1.0,1.0,1.0,2,0,0,2,2,1,1,3,3,1,1.0,0.0,1,1.0,0.0
11169,<=1,1.0,1.0,1.0,1.0,1.0,1.0,1.0,1.0,4,0,0,4,4,6,6,4,4,1,1.0,0.0,1,1.0,0.0
11172,<=1,1.0,1.0,1.0,1.0,1.0,1.0,1.0,1.0,43,0,0,43,43,903,903,14,14,1,1.0,0.0,1,1.0,0.0
11181,<=1,1.0,1.0,1.0,1.0,1.0,1.0,1.0,1.0,5,0,0,5,5,10,10,5,5,1,1.0,0.0,1,1.0,0.0
11182,<=1,1.0,1.0,1.0,1.0,1.0,1.0,1.0,1.0,20,0,0,20,20,190,190,10,10,1,1.0,0.0,1,1.0,0.0
11184,<=1,1.0,1.0,1.0,1.0,1.0,1.0,1.0,1.0,6,0,0,6,6,15,15,5,5,1,1.0,0.0,1,1.0,0.0
11188,<=1,1.0,1.0,1.0,1.0,1.0,1.0,1.0,1.0,9,0,0,9,9,36,36,7,7,1,1.0,0.0,1,1.0,0.0
11195,<=1,1.0,1.0,1.0,1.0,1.0,1.0,1.0,1.0,9,0,0,9,9,36,36,7,7,1,1.0,0.0,1,1.0,0.0
11196,<=1,1.0,1.0,1.0,1.0,1.0,1.0,1.0,1.0,25,0,0,25,25,300,300,6,6,1,1.0,0.0,1,1.0,0.0
11198,<=1,1.0,1.0,1.0,1.0,1.0,1.0,1.0,1.0,20,0,0,20,20,190,190,12,12,1,1.0,0.0,1,1.0,0.0
11202,<=1,1.0,1.0,1.0,1.0,1.0,1.0,1.0,1.0,5,0,0,5,5,10,10,5,5,1,1.0,0.0,1,1.0,0.0
11205,<=1,1.0,1.0,1.0,1.0,1.0,1.0,1.0,1.0,7,0,0,7,7,21,21,6,6,1,1.0,0.0,1,1.0,0.0
11209,<=1,1.0,1.0,1.0,1.0,1.0,1.0,1.0,1.0,26,0,0,26,26,325,325,15,15,1,1.0,0.0,1,1.0,0.0
11227,<=1,1.0,1.0,1.0,1.0,1.0,1.0,1.0,1.0,3,0,0,3,3,3,3,4,4,1,1.0,0.0,1,1.0,0.0
11229,<=1,1.0,1.0,1.0,1.0,1.0,1.0,1.0,1.0,10,0,0,10,10,45,45,7,7,1,1.0,0.0,1,1.0,0.0
11231,<=1,1.0,1.0,1.0,1.0,1.0,1.0,1.0,1.0,12,0,0,12,12,66,66,9,9,1,1.0,0.0,1,1.0,0.0
11233,<=1,1.0,1.0,1.0,1.0,1.0,1.0,1.0,1.0,22,0,0,22,22,231,231,6,6,1,1.0,0.0,1,1.0,0.0
11238,<=1,1.0,1.0,1.0,1.0,1.0,1.0,1.0,1.0,5,0,0,5,5,10,10,5,5,1,1.0,0.0,1,1.0,0.0
11241,<=1,1.0,1.0,1.0,1.0,1.0,1.0,1.0,1.0,47,0,0,47,47,1081,1081,11,11,1,1.0,0.0,1,1.0,0.0
11244,<=1,1.0,1.0,1.0,1.0,1.0,1.0,1.0,1.0,9,0,0,9,9,36,36,6,6,1,1.0,0.0,1,1.0,0.0
11258,<=1,1.0,1.0,1.0,1.0,1.0,1.0,1.0,1.0,10,0,0,10,10,45,45,5,5,1,1.0,0.0,1,1.0,0.0
11260,<=1,1.0,1.0,1.0,1.0,1.0,1.0,1.0,1.0,13,0,0,13,13,78,78,8,8,1,1.0,0.0,1,1.0,0.0
11262,<=1,1.0,1.0,1.0,1.0,1.0,1.0,1.0,1.0,25,0,0,25,25,300,300,14,14,1,1.0,0.0,1,1.0,0.0
11265,<=1,1.0,1.0,1.0,1.0,1.0,1.0,1.0,1.0,54,0,0,54,54,1431,1431,9,9,1,1.0,0.0,1,1.0,0.0
11269,<=1,1.0,1.0,1.0,1.0,1.0,1.0,1.0,1.0,12,0,0,12,12,66,66,6,6,1,1.0,0.0,1,1.0,0.0
11276,<=1,1.0,1.0,1.0,1.0,1.0,1.0,1.0,1.0,36,0,0,36,36,630,630,10,10,1,1.0,0.0,1,1.0,0.0
11282,<=1,1.0,1.0,1.0,1.0,1.0,1.0,1.0,1.0,9,0,0,9,9,36,36,6,6,1,1.0,0.0,1,1.0,0.0
11292,<=1,1.0,1.0,1.0,1.0,1.0,1.0,1.0,1.0,19,0,0,19,19,171,171,7,7,1,1.0,0.0,1,1.0,0.0
11297,<=1,1.0,1.0,1.0,1.0,1.0,1.0,1.0,1.0,10,0,0,10,10,45,45,7,7,1,1.0,0.0,1,1.0,0.0
11299,<=1,1.0,1.0,1.0,1.0,1.0,1.0,1.0,1.0,10,0,0,10,10,45,45,6,6,1,1.0,0.0,1,1.0,0.0
11304,<=1,1.0,1.0,1.0,1.0,1.0,1.0,1.0,1.0,9,0,0,9,9,36,36,7,7,1,1.0,0.0,1,1.0,0.0
11305,<=1,1.0,1.0,1.0,1.0,1.0,1.0,1.0,1.0,43,0,0,43,43,903,903,16,16,1,1.0,0.0,1,1.0,0.0
11313,<=1,1.0,1.0,1.0,1.0,1.0,1.0,1.0,1.0,14,0,0,14,14,91,91,7,7,1,1.0,0.0,1,1.0,0.0
11316,<=1,1.0,1.0,1.0,1.0,1.0,1.0,1.0,1.0,5,0,0,5,5,10,10,5,5,1,1.0,0.0,1,1.0,0.0
11323,<=1,1.0,1.0,1.0,1.0,1.0,1.0,1.0,1.0,3,0,0,3,3,3,3,4,4,1,1.0,0.0,1,1.0,0.0
11324,<=1,1.0,1.0,1.0,1.0,1.0,1.0,1.0,1.0,3,0,0,3,3,3,3,3,3,1,1.0,0.0,1,1.0,0.0
11326,<=1,1.0,1.0,1.0,1.0,1.0,1.0,1.0,1.0,19,0,0,19,19,171,171,9,9,1,1.0,0.0,1,1.0,0.0
11328,<=1,1.0,1.0,1.0,1.0,1.0,1.0,1.0,1.0,23,0,0,23,23,253,253,13,13,1,1.0,0.0,1,1.0,0.0
11334,<=1,1.0,1.0,1.0,1.0,1.0,1.0,1.0,1.0,5,0,0,5,5,10,10,5,5,1,1.0,0.0,1,1.0,0.0
11336,<=1,1.0,1.0,1.0,1.0,1.0,1.0,1.0,1.0,7,0,0,7,7,21,21,6,6,1,1.0,0.0,1,1.0,0.0
11347,<=1,1.0,1.0,1.0,1.0,1.0,1.0,1.0,1.0,3,0,0,3,3,3,3,4,4,1,1.0,0.0,1,1.0,0.0
11349,<=1,1.0,1.0,1.0,1.0,1.0,1.0,1.0,1.0,12,0,0,12,12,66,66,7,7,1,1.0,0.0,1,1.0,0.0
11358,<=1,1.0,1.0,1.0,1.0,1.0,1.0,1.0,1.0,3,0,0,3,3,3,3,4,4,1,1.0,0.0,1,1.0,0.0
11360,<=1,1.0,1.0,1.0,1.0,1.0,1.0,1.0,1.0,29,0,0,29,29,406,406,17,17,1,1.0,0.0,1,1.0,0.0
11373,<=1,1.0,1.0,1.0,1.0,1.0,1.0,1.0,1.0,3,0,0,3,3,3,3,4,4,1,1.0,0.0,1,1.0,0.0
11374,<=1,1.0,1.0,1.0,1.0,1.0,1.0,1.0,1.0,1,0,0,1,1,0,0,2,2,1,1.0,0.0,1,1.0,0.0
11390,<=1,1.0,1.0,1.0,1.0,1.0,1.0,1.0,1.0,4,0,0,4,4,6,6,3,3,1,1.0,0.0,1,1.0,0.0
11401,<=1,1.0,1.0,1.0,1.0,1.0,1.0,1.0,1.0,10,0,0,10,10,45,45,8,8,1,1.0,0.0,1,1.0,0.0
11402,<=1,1.0,1.0,1.0,1.0,1.0,1.0,1.0,1.0,130,0,0,130,130,8385,8385,14,14,1,1.0,0.0,1,1.0,0.0
11403,<=1,1.0,1.0,1.0,1.0,1.0,1.0,1.0,1.0,8,0,0,8,8,28,28,6,6,1,1.0,0.0,1,1.0,0.0
11420,<=1,1.0,1.0,1.0,1.0,1.0,1.0,1.0,1.0,21,0,0,21,21,210,210,12,12,1,1.0,0.0,1,1.0,0.0
11449,<=1,1.0,1.0,1.0,1.0,1.0,1.0,1.0,1.0,4,0,0,4,4,6,6,3,3,1,1.0,0.0,1,1.0,0.0
11461,<=1,1.0,1.0,1.0,1.0,1.0,1.0,1.0,1.0,30,0,0,30,30,435,435,7,7,1,1.0,0.0,1,1.0,0.0
11485,<=1,1.0,1.0,1.0,1.0,1.0,1.0,1.0,1.0,13,0,0,13,13,78,78,8,8,1,1.0,0.0,1,1.0,0.0
11487,<=1,1.0,1.0,1.0,1.0,1.0,1.0,1.0,1.0,13,0,0,13,13,78,78,10,10,1,1.0,0.0,1,1.0,0.0
11495,<=1,1.0,1.0,1.0,1.0,1.0,1.0,1.0,1.0,5,0,0,5,5,10,10,3,3,1,1.0,0.0,1,1.0,0.0
11496,<=1,1.0,1.0,1.0,1.0,1.0,1.0,1.0,1.0,6,0,0,6,6,15,15,6,6,1,1.0,0.0,1,1.0,0.0
11497,<=1,1.0,1.0,1.0,1.0,1.0,1.0,1.0,1.0,4,0,0,4,4,6,6,4,4,1,1.0,0.0,1,1.0,0.0
11504,<=1,1.0,1.0,1.0,1.0,1.0,1.0,1.0,1.0,12,0,0,12,12,66,66,9,9,1,1.0,0.0,1,1.0,0.0
11505,<=1,1.0,1.0,1.0,1.0,1.0,1.0,1.0,1.0,48,0,0,48,48,1128,1128,15,15,1,1.0,0.0,1,1.0,0.0
11506,<=1,1.0,1.0,1.0,1.0,1.0,1.0,1.0,1.0,6,0,0,6,6,15,15,7,7,1,1.0,0.0,1,1.0,0.0
11508,<=1,1.0,1.0,1.0,1.0,1.0,1.0,1.0,1.0,3,0,0,3,3,3,3,4,4,1,1.0,0.0,1,1.0,0.0
11519,<=1,1.0,1.0,1.0,1.0,1.0,1.0,1.0,1.0,20,0,0,20,20,190,190,11,11,1,1.0,0.0,1,1.0,0.0
11525,<=1,1.0,1.0,1.0,1.0,1.0,1.0,1.0,1.0,1,0,0,1,1,0,0,2,2,1,1.0,0.0,1,1.0,0.0
11537,<=1,1.0,1.0,1.0,1.0,1.0,1.0,1.0,1.0,2,0,0,2,2,1,1,2,2,1,1.0,0.0,1,1.0,0.0
11538,<=1,1.0,1.0,1.0,1.0,1.0,1.0,1.0,1.0,6,0,0,6,6,15,15,6,6,1,1.0,0.0,1,1.0,0.0
11544,<=1,1.0,1.0,1.0,1.0,1.0,1.0,1.0,1.0,13,0,0,13,13,78,78,5,5,1,1.0,0.0,1,1.0,0.0
11552,<=1,1.0,1.0,1.0,1.0,1.0,1.0,1.0,1.0,13,0,0,13,13,78,78,6,6,1,1.0,0.0,1,1.0,0.0
11554,<=1,1.0,1.0,1.0,1.0,1.0,1.0,1.0,1.0,7,0,0,7,7,21,21,5,5,1,1.0,0.0,1,1.0,0.0
11567,<=1,1.0,1.0,1.0,1.0,1.0,1.0,1.0,1.0,5,0,0,5,5,10,10,5,5,1,1.0,0.0,1,1.0,0.0
11569,<=1,1.0,1.0,1.0,1.0,1.0,1.0,1.0,1.0,28,0,0,28,28,378,378,12,12,1,1.0,0.0,1,1.0,0.0
11570,<=1,1.0,1.0,1.0,1.0,1.0,1.0,1.0,1.0,26,0,0,26,26,325,325,9,9,1,1.0,0.0,1,1.0,0.0
11576,<=1,1.0,1.0,1.0,1.0,1.0,1.0,1.0,1.0,58,0,0,58,58,1653,1653,9,9,1,1.0,0.0,1,1.0,0.0
11579,<=1,1.0,1.0,1.0,1.0,1.0,1.0,1.0,1.0,18,0,0,18,18,153,153,9,9,1,1.0,0.0,1,1.0,0.0
11591,<=1,1.0,1.0,1.0,1.0,1.0,1.0,1.0,1.0,8,0,0,8,8,28,28,8,8,1,1.0,0.0,1,1.0,0.0
11618,<=1,1.0,1.0,1.0,1.0,1.0,1.0,1.0,1.0,8,0,0,8,8,28,28,5,5,1,1.0,0.0,1,1.0,0.0
11624,<=1,1.0,1.0,1.0,1.0,1.0,1.0,1.0,1.0,22,0,0,22,22,231,231,10,10,1,1.0,0.0,1,1.0,0.0
11625,<=1,1.0,1.0,1.0,1.0,1.0,1.0,1.0,1.0,9,0,0,9,9,36,36,6,6,1,1.0,0.0,1,1.0,0.0
11630,<=1,1.0,1.0,1.0,1.0,1.0,1.0,1.0,1.0,43,0,0,43,43,903,903,13,13,1,1.0,0.0,1,1.0,0.0
11631,<=1,1.0,1.0,1.0,1.0,1.0,1.0,1.0,1.0,9,0,0,9,9,36,36,7,7,1,1.0,0.0,1,1.0,0.0
11635,<=1,1.0,1.0,1.0,1.0,1.0,1.0,1.0,1.0,6,0,0,6,6,15,15,6,6,1,1.0,0.0,1,1.0,0.0
11638,<=1,1.0,1.0,1.0,1.0,1.0,1.0,1.0,1.0,15,0,0,15,15,105,105,9,9,1,1.0,0.0,1,1.0,0.0
11643,<=1,1.0,1.0,1.0,1.0,1.0,1.0,1.0,1.0,5,0,0,5,5,10,10,6,6,1,1.0,0.0,1,1.0,0.0
11655,<=1,1.0,1.0,1.0,1.0,1.0,1.0,1.0,1.0,5,0,0,5,5,10,10,5,5,1,1.0,0.0,1,1.0,0.0
11658,<=1,1.0,1.0,1.0,1.0,1.0,1.0,1.0,1.0,7,0,0,7,7,21,21,4,4,1,1.0,0.0,1,1.0,0.0
11661,<=1,1.0,1.0,1.0,1.0,1.0,1.0,1.0,1.0,20,0,0,20,20,190,190,9,9,1,1.0,0.0,1,1.0,0.0
11667,<=1,1.0,1.0,1.0,1.0,1.0,1.0,1.0,1.0,38,0,0,38,38,703,703,6,6,1,1.0,0.0,1,1.0,0.0
11677,<=1,1.0,1.0,1.0,1.0,1.0,1.0,1.0,1.0,56,0,0,56,56,1540,1540,9,9,1,1.0,0.0,1,1.0,0.0
11680,<=1,1.0,1.0,1.0,1.0,1.0,1.0,1.0,1.0,4,0,0,4,4,6,6,5,5,1,1.0,0.0,1,1.0,0.0
11682,<=1,1.0,1.0,1.0,1.0,1.0,1.0,1.0,1.0,4,0,0,4,4,6,6,5,5,1,1.0,0.0,1,1.0,0.0
11694,<=1,1.0,1.0,1.0,1.0,1.0,1.0,1.0,1.0,12,0,0,12,12,66,66,10,10,1,1.0,0.0,1,1.0,0.0
11696,<=1,1.0,1.0,1.0,1.0,1.0,1.0,1.0,1.0,10,0,0,10,10,45,45,8,8,1,1.0,0.0,1,1.0,0.0
11702,<=1,1.0,1.0,1.0,1.0,1.0,1.0,1.0,1.0,8,0,0,8,8,28,28,6,6,1,1.0,0.0,1,1.0,0.0
11703,<=1,1.0,1.0,1.0,1.0,1.0,1.0,1.0,1.0,14,0,0,14,14,91,91,7,7,1,1.0,0.0,1,1.0,0.0
11707,<=1,1.0,1.0,1.0,1.0,1.0,1.0,1.0,1.0,5,0,0,5,5,10,10,3,3,1,1.0,0.0,1,1.0,0.0
11712,<=1,1.0,1.0,1.0,1.0,1.0,1.0,1.0,1.0,7,0,0,7,7,21,21,6,6,1,1.0,0.0,1,1.0,0.0
11719,<=1,1.0,1.0,1.0,1.0,1.0,1.0,1.0,1.0,3,0,0,3,3,3,3,3,3,1,1.0,0.0,1,1.0,0.0
11720,<=1,1.0,1.0,1.0,1.0,1.0,1.0,1.0,1.0,54,0,0,54,54,1431,1431,12,12,1,1.0,0.0,1,1.0,0.0
11721,<=1,1.0,1.0,1.0,1.0,1.0,1.0,1.0,1.0,5,0,0,5,5,10,10,5,5,1,1.0,0.0,1,1.0,0.0
11723,<=1,1.0,1.0,1.0,1.0,1.0,1.0,1.0,1.0,33,0,0,33,33,528,528,9,9,1,1.0,0.0,1,1.0,0.0
11726,<=1,1.0,1.0,1.0,1.0,1.0,1.0,1.0,1.0,10,0,0,10,10,45,45,7,7,1,1.0,0.0,1,1.0,0.0
11737,<=1,1.0,1.0,1.0,1.0,1.0,1.0,1.0,1.0,6,0,0,6,6,15,15,6,6,1,1.0,0.0,1,1.0,0.0
11742,<=1,1.0,1.0,1.0,1.0,1.0,1.0,1.0,1.0,9,0,0,9,9,36,36,9,9,1,1.0,0.0,1,1.0,0.0
11754,<=1,1.0,1.0,1.0,1.0,1.0,1.0,1.0,1.0,7,0,0,7,7,21,21,7,7,1,1.0,0.0,1,1.0,0.0
11758,<=1,1.0,1.0,1.0,1.0,1.0,1.0,1.0,1.0,6,0,0,6,6,15,15,5,5,1,1.0,0.0,1,1.0,0.0
11766,<=1,1.0,1.0,1.0,1.0,1.0,1.0,1.0,1.0,4,0,0,4,4,6,6,3,3,1,1.0,0.0,1,1.0,0.0
11774,<=1,1.0,1.0,1.0,1.0,1.0,1.0,1.0,1.0,17,0,0,17,17,136,136,10,10,1,1.0,0.0,1,1.0,0.0
11775,<=1,1.0,1.0,1.0,1.0,1.0,1.0,1.0,1.0,3,0,0,3,3,3,3,4,4,1,1.0,0.0,1,1.0,0.0
11791,<=1,1.0,1.0,1.0,1.0,1.0,1.0,1.0,1.0,28,0,0,28,28,378,378,9,9,1,1.0,0.0,1,1.0,0.0
11794,<=1,1.0,1.0,1.0,1.0,1.0,1.0,1.0,1.0,21,0,0,21,21,210,210,8,8,1,1.0,0.0,1,1.0,0.0
11796,<=1,1.0,1.0,1.0,1.0,1.0,1.0,1.0,1.0,8,0,0,8,8,28,28,8,8,1,1.0,0.0,1,1.0,0.0
11802,<=1,1.0,1.0,1.0,1.0,1.0,1.0,1.0,1.0,35,0,0,35,35,595,595,10,10,1,1.0,0.0,1,1.0,0.0
11818,<=1,1.0,1.0,1.0,1.0,1.0,1.0,1.0,1.0,20,0,0,20,20,190,190,10,10,1,1.0,0.0,1,1.0,0.0
11825,<=1,1.0,1.0,1.0,1.0,1.0,1.0,1.0,1.0,4,0,0,4,4,6,6,4,4,1,1.0,0.0,1,1.0,0.0
11838,<=1,1.0,1.0,1.0,1.0,1.0,1.0,1.0,1.0,14,0,0,14,14,91,91,7,7,1,1.0,0.0,1,1.0,0.0
11856,<=1,1.0,1.0,1.0,1.0,1.0,1.0,1.0,1.0,10,0,0,10,10,45,45,6,6,1,1.0,0.0,1,1.0,0.0
11877,<=1,1.0,1.0,1.0,1.0,1.0,1.0,1.0,1.0,8,0,0,8,8,28,28,6,6,1,1.0,0.0,1,1.0,0.0
11925,<=1,1.0,1.0,1.0,1.0,1.0,1.0,1.0,1.0,20,0,0,20,20,190,190,5,5,1,1.0,0.0,1,1.0,0.0
11926,<=1,1.0,1.0,1.0,1.0,1.0,1.0,1.0,1.0,26,0,0,26,26,325,325,6,6,1,1.0,0.0,1,1.0,0.0
11948,<=1,1.0,1.0,1.0,1.0,1.0,1.0,1.0,1.0,18,0,0,18,18,153,153,7,7,1,1.0,0.0,1,1.0,0.0
11953,<=1,1.0,1.0,1.0,1.0,1.0,1.0,1.0,1.0,10,0,0,10,10,45,45,6,6,1,1.0,0.0,1,1.0,0.0
11968,<=1,1.0,1.0,1.0,1.0,1.0,1.0,1.0,1.0,19,0,0,19,19,171,171,7,7,1,1.0,0.0,1,1.0,0.0
11987,<=1,1.0,1.0,1.0,1.0,1.0,1.0,1.0,1.0,23,0,0,23,23,253,253,10,10,1,1.0,0.0,1,1.0,0.0
11990,<=1,1.0,1.0,1.0,1.0,1.0,1.0,1.0,1.0,26,0,0,26,26,325,325,6,6,1,1.0,0.0,1,1.0,0.0
12014,<=1,1.0,1.0,1.0,1.0,1.0,1.0,1.0,1.0,26,0,0,26,26,325,325,10,10,1,1.0,0.0,1,1.0,0.0
12015,<=1,1.0,1.0,1.0,1.0,1.0,1.0,1.0,1.0,4,0,0,4,4,6,6,5,5,1,1.0,0.0,1,1.0,0.0
12020,<=1,1.0,1.0,1.0,1.0,1.0,1.0,1.0,1.0,25,0,0,25,25,300,300,13,13,1,1.0,0.0,1,1.0,0.0
12021,<=1,1.0,1.0,1.0,1.0,1.0,1.0,1.0,1.0,5,0,0,5,5,10,10,5,5,1,1.0,0.0,1,1.0,0.0
12023,<=1,1.0,1.0,1.0,1.0,1.0,1.0,1.0,1.0,2,0,0,2,2,1,1,3,3,1,1.0,0.0,1,1.0,0.0
12034,<=1,1.0,1.0,1.0,1.0,1.0,1.0,1.0,1.0,5,0,0,5,5,10,10,5,5,1,1.0,0.0,1,1.0,0.0
12044,<=1,1.0,1.0,1.0,1.0,1.0,1.0,1.0,1.0,35,0,0,35,35,595,595,12,12,1,1.0,0.0,1,1.0,0.0
12059,<=1,1.0,1.0,1.0,1.0,1.0,1.0,1.0,1.0,24,0,0,24,24,276,276,11,11,1,1.0,0.0,1,1.0,0.0
12069,<=1,1.0,1.0,1.0,1.0,1.0,1.0,1.0,1.0,21,0,0,21,21,210,210,7,7,1,1.0,0.0,1,1.0,0.0
12070,<=1,1.0,1.0,1.0,1.0,1.0,1.0,1.0,1.0,6,0,0,6,6,15,15,6,6,1,1.0,0.0,1,1.0,0.0
12073,<=1,1.0,1.0,1.0,1.0,1.0,1.0,1.0,1.0,3,0,0,3,3,3,3,3,3,1,1.0,0.0,1,1.0,0.0
12079,<=1,1.0,1.0,1.0,1.0,1.0,1.0,1.0,1.0,14,0,0,14,14,91,91,10,10,1,1.0,0.0,1,1.0,0.0
12081,<=1,1.0,1.0,1.0,1.0,1.0,1.0,1.0,1.0,12,0,0,12,12,66,66,9,9,1,1.0,0.0,1,1.0,0.0
12085,<=1,1.0,1.0,1.0,1.0,1.0,1.0,1.0,1.0,17,0,0,17,17,136,136,8,8,1,1.0,0.0,1,1.0,0.0
12093,<=1,1.0,1.0,1.0,1.0,1.0,1.0,1.0,1.0,26,0,0,26,26,325,325,11,11,1,1.0,0.0,1,1.0,0.0
12096,<=1,1.0,1.0,1.0,1.0,1.0,1.0,1.0,1.0,6,0,0,6,6,15,15,5,5,1,1.0,0.0,1,1.0,0.0
12098,<=1,1.0,1.0,1.0,1.0,1.0,1.0,1.0,1.0,7,0,0,7,7,21,21,4,4,1,1.0,0.0,1,1.0,0.0
12101,<=1,1.0,1.0,1.0,1.0,1.0,1.0,1.0,1.0,5,0,0,5,5,10,10,5,5,1,1.0,0.0,1,1.0,0.0
12102,<=1,1.0,1.0,1.0,1.0,1.0,1.0,1.0,1.0,7,0,0,7,7,21,21,7,7,1,1.0,0.0,1,1.0,0.0
12103,<=1,1.0,1.0,1.0,1.0,1.0,1.0,1.0,1.0,30,0,0,30,30,435,435,14,14,1,1.0,0.0,1,1.0,0.0
12107,<=1,1.0,1.0,1.0,1.0,1.0,1.0,1.0,1.0,13,0,0,13,13,78,78,6,6,1,1.0,0.0,1,1.0,0.0
12108,<=1,1.0,1.0,1.0,1.0,1.0,1.0,1.0,1.0,21,0,0,21,21,210,210,11,11,1,1.0,0.0,1,1.0,0.0
12115,<=1,1.0,1.0,1.0,1.0,1.0,1.0,1.0,1.0,30,0,0,30,30,435,435,8,8,1,1.0,0.0,1,1.0,0.0
12138,<=1,1.0,1.0,1.0,1.0,1.0,1.0,1.0,1.0,1,0,0,1,1,0,0,2,2,1,1.0,0.0,1,1.0,0.0
12146,<=1,1.0,1.0,1.0,1.0,1.0,1.0,1.0,1.0,55,0,0,55,55,1485,1485,14,14,1,1.0,0.0,1,1.0,0.0
12147,<=1,1.0,1.0,1.0,1.0,1.0,1.0,1.0,1.0,9,0,0,9,9,36,36,8,8,1,1.0,0.0,1,1.0,0.0
12153,<=1,1.0,1.0,1.0,1.0,1.0,1.0,1.0,1.0,11,0,0,11,11,55,55,9,9,1,1.0,0.0,1,1.0,0.0
12154,<=1,1.0,1.0,1.0,1.0,1.0,1.0,1.0,1.0,23,0,0,23,23,253,253,15,15,1,1.0,0.0,1,1.0,0.0
12156,<=1,1.0,1.0,1.0,1.0,1.0,1.0,1.0,1.0,19,0,0,19,19,171,171,8,8,1,1.0,0.0,1,1.0,0.0
12158,<=1,1.0,1.0,1.0,1.0,1.0,1.0,1.0,1.0,8,0,0,8,8,28,28,6,6,1,1.0,0.0,1,1.0,0.0
12166,<=1,1.0,1.0,1.0,1.0,1.0,1.0,1.0,1.0,5,0,0,5,5,10,10,5,5,1,1.0,0.0,1,1.0,0.0
12169,<=1,1.0,1.0,1.0,1.0,1.0,1.0,1.0,1.0,6,0,0,6,6,15,15,5,5,1,1.0,0.0,1,1.0,0.0
12178,<=1,1.0,1.0,1.0,1.0,1.0,1.0,1.0,1.0,1,0,0,1,1,0,0,2,2,1,1.0,0.0,1,1.0,0.0
12179,<=1,1.0,1.0,1.0,1.0,1.0,1.0,1.0,1.0,3,0,0,3,3,3,3,4,4,1,1.0,0.0,1,1.0,0.0
12181,<=1,1.0,1.0,1.0,1.0,1.0,1.0,1.0,1.0,8,0,0,8,8,28,28,5,5,1,1.0,0.0,1,1.0,0.0
12182,<=1,1.0,1.0,1.0,1.0,1.0,1.0,1.0,1.0,1,0,0,1,1,0,0,2,2,1,1.0,0.0,1,1.0,0.0
12183,<=1,1.0,1.0,1.0,1.0,1.0,1.0,1.0,1.0,9,0,0,9,9,36,36,7,7,1,1.0,0.0,1,1.0,0.0
12192,<=1,1.0,1.0,1.0,1.0,1.0,1.0,1.0,1.0,6,0,0,6,6,15,15,5,5,1,1.0,0.0,1,1.0,0.0
12204,<=1,1.0,1.0,1.0,1.0,1.0,1.0,1.0,1.0,9,0,0,9,9,36,36,6,6,1,1.0,0.0,1,1.0,0.0
12209,<=1,1.0,1.0,1.0,1.0,1.0,1.0,1.0,1.0,10,0,0,10,10,45,45,4,4,1,1.0,0.0,1,1.0,0.0
12228,<=1,1.0,1.0,1.0,1.0,1.0,1.0,1.0,1.0,9,0,0,9,9,36,36,4,4,1,1.0,0.0,1,1.0,0.0
12231,<=1,1.0,1.0,1.0,1.0,1.0,1.0,1.0,1.0,2,0,0,2,2,1,1,3,3,1,1.0,0.0,1,1.0,0.0
12240,<=1,1.0,1.0,1.0,1.0,1.0,1.0,1.0,1.0,29,0,0,29,29,406,406,13,13,1,1.0,0.0,1,1.0,0.0
12241,<=1,1.0,1.0,1.0,1.0,1.0,1.0,1.0,1.0,5,0,0,5,5,10,10,5,5,1,1.0,0.0,1,1.0,0.0
12249,<=1,1.0,1.0,1.0,1.0,1.0,1.0,1.0,1.0,7,0,0,7,7,21,21,6,6,1,1.0,0.0,1,1.0,0.0
12251,<=1,1.0,1.0,1.0,1.0,1.0,1.0,1.0,1.0,7,0,0,7,7,21,21,5,5,1,1.0,0.0,1,1.0,0.0
12268,<=1,1.0,1.0,1.0,1.0,1.0,1.0,1.0,1.0,11,0,0,11,11,55,55,6,6,1,1.0,0.0,1,1.0,0.0
12269,<=1,1.0,1.0,1.0,1.0,1.0,1.0,1.0,1.0,30,0,0,30,30,435,435,6,6,1,1.0,0.0,1,1.0,0.0
12281,<=1,1.0,1.0,1.0,1.0,1.0,1.0,1.0,1.0,9,0,0,9,9,36,36,8,8,1,1.0,0.0,1,1.0,0.0
12284,<=1,1.0,1.0,1.0,1.0,1.0,1.0,1.0,1.0,14,0,0,14,14,91,91,9,9,1,1.0,0.0,1,1.0,0.0
12307,<=1,1.0,1.0,1.0,1.0,1.0,1.0,1.0,1.0,12,0,0,12,12,66,66,9,9,1,1.0,0.0,1,1.0,0.0
12313,<=1,1.0,1.0,1.0,1.0,1.0,1.0,1.0,1.0,12,0,0,12,12,66,66,7,7,1,1.0,0.0,1,1.0,0.0
12315,<=1,1.0,1.0,1.0,1.0,1.0,1.0,1.0,1.0,5,0,0,5,5,10,10,6,6,1,1.0,0.0,1,1.0,0.0
12319,<=1,1.0,1.0,1.0,1.0,1.0,1.0,1.0,1.0,9,0,0,9,9,36,36,6,6,1,1.0,0.0,1,1.0,0.0
12333,<=1,1.0,1.0,1.0,1.0,1.0,1.0,1.0,1.0,44,0,0,44,44,946,946,8,8,1,1.0,0.0,1,1.0,0.0
12345,<=1,1.0,1.0,1.0,1.0,1.0,1.0,1.0,1.0,23,0,0,23,23,253,253,7,7,1,1.0,0.0,1,1.0,0.0
12372,<=1,1.0,1.0,1.0,1.0,1.0,1.0,1.0,1.0,18,0,0,18,18,153,153,11,11,1,1.0,0.0,1,1.0,0.0
12375,<=1,1.0,1.0,1.0,1.0,1.0,1.0,1.0,1.0,1,0,0,1,1,0,0,2,2,1,1.0,0.0,1,1.0,0.0
12379,<=1,1.0,1.0,1.0,1.0,1.0,1.0,1.0,1.0,6,0,0,6,6,15,15,6,6,1,1.0,0.0,1,1.0,0.0
12382,<=1,1.0,1.0,1.0,1.0,1.0,1.0,1.0,1.0,14,0,0,14,14,91,91,6,6,1,1.0,0.0,1,1.0,0.0
12386,<=1,1.0,1.0,1.0,1.0,1.0,1.0,1.0,1.0,5,0,0,5,5,10,10,6,6,1,1.0,0.0,1,1.0,0.0
12398,<=1,1.0,1.0,1.0,1.0,1.0,1.0,1.0,1.0,43,0,0,43,43,903,903,18,18,1,1.0,0.0,1,1.0,0.0
12407,<=1,1.0,1.0,1.0,1.0,1.0,1.0,1.0,1.0,5,0,0,5,5,10,10,4,4,1,1.0,0.0,1,1.0,0.0
12408,<=1,1.0,1.0,1.0,1.0,1.0,1.0,1.0,1.0,19,0,0,19,19,171,171,8,8,1,1.0,0.0,1,1.0,0.0
12421,<=1,1.0,1.0,1.0,1.0,1.0,1.0,1.0,1.0,21,0,0,21,21,210,210,8,8,1,1.0,0.0,1,1.0,0.0
12424,<=1,1.0,1.0,1.0,1.0,1.0,1.0,1.0,1.0,15,0,0,15,15,105,105,7,7,1,1.0,0.0,1,1.0,0.0
12434,<=1,1.0,1.0,1.0,1.0,1.0,1.0,1.0,1.0,10,0,0,10,10,45,45,7,7,1,1.0,0.0,1,1.0,0.0
12440,<=1,1.0,1.0,1.0,1.0,1.0,1.0,1.0,1.0,8,0,0,8,8,28,28,6,6,1,1.0,0.0,1,1.0,0.0
12443,<=1,1.0,1.0,1.0,1.0,1.0,1.0,1.0,1.0,9,0,0,9,9,36,36,8,8,1,1.0,0.0,1,1.0,0.0
12455,<=1,1.0,1.0,1.0,1.0,1.0,1.0,1.0,1.0,17,0,0,17,17,136,136,7,7,1,1.0,0.0,1,1.0,0.0
12459,<=1,1.0,1.0,1.0,1.0,1.0,1.0,1.0,1.0,54,0,0,54,54,1431,1431,9,9,1,1.0,0.0,1,1.0,0.0
12460,<=1,1.0,1.0,1.0,1.0,1.0,1.0,1.0,1.0,6,0,0,6,6,15,15,5,5,1,1.0,0.0,1,1.0,0.0
12463,<=1,1.0,1.0,1.0,1.0,1.0,1.0,1.0,1.0,5,0,0,5,5,10,10,6,6,1,1.0,0.0,1,1.0,0.0
12464,<=1,1.0,1.0,1.0,1.0,1.0,1.0,1.0,1.0,20,0,0,20,20,190,190,6,6,1,1.0,0.0,1,1.0,0.0
12471,<=1,1.0,1.0,1.0,1.0,1.0,1.0,1.0,1.0,12,0,0,12,12,66,66,10,10,1,1.0,0.0,1,1.0,0.0
12475,<=1,1.0,1.0,1.0,1.0,1.0,1.0,1.0,1.0,4,0,0,4,4,6,6,4,4,1,1.0,0.0,1,1.0,0.0
12490,<=1,1.0,1.0,1.0,1.0,1.0,1.0,1.0,1.0,14,0,0,14,14,91,91,8,8,1,1.0,0.0,1,1.0,0.0
12494,<=1,1.0,1.0,1.0,1.0,1.0,1.0,1.0,1.0,6,0,0,6,6,15,15,5,5,1,1.0,0.0,1,1.0,0.0
12495,<=1,1.0,1.0,1.0,1.0,1.0,1.0,1.0,1.0,4,0,0,4,4,6,6,3,3,1,1.0,0.0,1,1.0,0.0
12497,<=1,1.0,1.0,1.0,1.0,1.0,1.0,1.0,1.0,5,0,0,5,5,10,10,4,4,1,1.0,0.0,1,1.0,0.0
12524,<=1,1.0,1.0,1.0,1.0,1.0,1.0,1.0,1.0,13,0,0,13,13,78,78,7,7,1,1.0,0.0,1,1.0,0.0
12543,<=1,1.0,1.0,1.0,1.0,1.0,1.0,1.0,1.0,22,0,0,22,22,231,231,6,6,1,1.0,0.0,1,1.0,0.0
12551,<=1,1.0,1.0,1.0,1.0,1.0,1.0,1.0,1.0,4,0,0,4,4,6,6,3,3,1,1.0,0.0,1,1.0,0.0
12552,<=1,1.0,1.0,1.0,1.0,1.0,1.0,1.0,1.0,16,0,0,16,16,120,120,9,9,1,1.0,0.0,1,1.0,0.0
12567,<=1,1.0,1.0,1.0,1.0,1.0,1.0,1.0,1.0,3,0,0,3,3,3,3,3,3,1,1.0,0.0,1,1.0,0.0
12570,<=1,1.0,1.0,1.0,1.0,1.0,1.0,1.0,1.0,39,0,0,39,39,741,741,12,12,1,1.0,0.0,1,1.0,0.0
12574,<=1,1.0,1.0,1.0,1.0,1.0,1.0,1.0,1.0,13,0,0,13,13,78,78,6,6,1,1.0,0.0,1,1.0,0.0
12597,<=1,1.0,1.0,1.0,1.0,1.0,1.0,1.0,1.0,8,0,0,8,8,28,28,5,5,1,1.0,0.0,1,1.0,0.0
12612,<=1,1.0,1.0,1.0,1.0,1.0,1.0,1.0,1.0,11,0,0,11,11,55,55,9,9,1,1.0,0.0,1,1.0,0.0
12614,<=1,1.0,1.0,1.0,1.0,1.0,1.0,1.0,1.0,6,0,0,6,6,15,15,7,7,1,1.0,0.0,1,1.0,0.0
12620,<=1,1.0,1.0,1.0,1.0,1.0,1.0,1.0,1.0,20,0,0,20,20,190,190,7,7,1,1.0,0.0,1,1.0,0.0
12626,<=1,1.0,1.0,1.0,1.0,1.0,1.0,1.0,1.0,14,0,0,14,14,91,91,7,7,1,1.0,0.0,1,1.0,0.0
12641,<=1,1.0,1.0,1.0,1.0,1.0,1.0,1.0,1.0,13,0,0,13,13,78,78,5,5,1,1.0,0.0,1,1.0,0.0
12647,<=1,1.0,1.0,1.0,1.0,1.0,1.0,1.0,1.0,6,0,0,6,6,15,15,6,6,1,1.0,0.0,1,1.0,0.0
12664,<=1,1.0,1.0,1.0,1.0,1.0,1.0,1.0,1.0,9,0,0,9,9,36,36,8,8,1,1.0,0.0,1,1.0,0.0
12669,<=1,1.0,1.0,1.0,1.0,1.0,1.0,1.0,1.0,22,0,0,22,22,231,231,9,9,1,1.0,0.0,1,1.0,0.0
12673,<=1,1.0,1.0,1.0,1.0,1.0,1.0,1.0,1.0,18,0,0,18,18,153,153,10,10,1,1.0,0.0,1,1.0,0.0
12678,<=1,1.0,1.0,1.0,1.0,1.0,1.0,1.0,1.0,14,0,0,14,14,91,91,12,12,1,1.0,0.0,1,1.0,0.0
12679,<=1,1.0,1.0,1.0,1.0,1.0,1.0,1.0,1.0,7,0,0,7,7,21,21,6,6,1,1.0,0.0,1,1.0,0.0
12681,<=1,1.0,1.0,1.0,1.0,1.0,1.0,1.0,1.0,10,0,0,10,10,45,45,8,8,1,1.0,0.0,1,1.0,0.0
12690,<=1,1.0,1.0,1.0,1.0,1.0,1.0,1.0,1.0,2,0,0,2,2,1,1,3,3,1,1.0,0.0,1,1.0,0.0
12696,<=1,1.0,1.0,1.0,1.0,1.0,1.0,1.0,1.0,7,0,0,7,7,21,21,4,4,1,1.0,0.0,1,1.0,0.0
12700,<=1,1.0,1.0,1.0,1.0,1.0,1.0,1.0,1.0,35,0,0,35,35,595,595,15,15,1,1.0,0.0,1,1.0,0.0
12701,<=1,1.0,1.0,1.0,1.0,1.0,1.0,1.0,1.0,3,0,0,3,3,3,3,3,3,1,1.0,0.0,1,1.0,0.0
12704,<=1,1.0,1.0,1.0,1.0,1.0,1.0,1.0,1.0,5,0,0,5,5,10,10,6,6,1,1.0,0.0,1,1.0,0.0
12706,<=1,1.0,1.0,1.0,1.0,1.0,1.0,1.0,1.0,48,0,0,48,48,1128,1128,9,9,1,1.0,0.0,1,1.0,0.0
12711,<=1,1.0,1.0,1.0,1.0,1.0,1.0,1.0,1.0,28,0,0,28,28,378,378,15,15,1,1.0,0.0,1,1.0,0.0
12728,<=1,1.0,1.0,1.0,1.0,1.0,1.0,1.0,1.0,6,0,0,6,6,15,15,5,5,1,1.0,0.0,1,1.0,0.0
12731,<=1,1.0,1.0,1.0,1.0,1.0,1.0,1.0,1.0,25,0,0,25,25,300,300,10,10,1,1.0,0.0,1,1.0,0.0
12733,<=1,1.0,1.0,1.0,1.0,1.0,1.0,1.0,1.0,2,0,0,2,2,1,1,3,3,1,1.0,0.0,1,1.0,0.0
12735,<=1,1.0,1.0,1.0,1.0,1.0,1.0,1.0,1.0,20,0,0,20,20,190,190,9,9,1,1.0,0.0,1,1.0,0.0
12744,<=1,1.0,1.0,1.0,1.0,1.0,1.0,1.0,1.0,23,0,0,23,23,253,253,8,8,1,1.0,0.0,1,1.0,0.0
12750,<=1,1.0,1.0,1.0,1.0,1.0,1.0,1.0,1.0,16,0,0,16,16,120,120,5,5,1,1.0,0.0,1,1.0,0.0
12756,<=1,1.0,1.0,1.0,1.0,1.0,1.0,1.0,1.0,4,0,0,4,4,6,6,4,4,1,1.0,0.0,1,1.0,0.0
12764,<=1,1.0,1.0,1.0,1.0,1.0,1.0,1.0,1.0,4,0,0,4,4,6,6,5,5,1,1.0,0.0,1,1.0,0.0
12766,<=1,1.0,1.0,1.0,1.0,1.0,1.0,1.0,1.0,14,0,0,14,14,91,91,10,10,1,1.0,0.0,1,1.0,0.0
12784,<=1,1.0,1.0,1.0,1.0,1.0,1.0,1.0,1.0,17,0,0,17,17,136,136,7,7,1,1.0,0.0,1,1.0,0.0
12786,<=1,1.0,1.0,1.0,1.0,1.0,1.0,1.0,1.0,5,0,0,5,5,10,10,4,4,1,1.0,0.0,1,1.0,0.0
12790,<=1,1.0,1.0,1.0,1.0,1.0,1.0,1.0,1.0,8,0,0,8,8,28,28,5,5,1,1.0,0.0,1,1.0,0.0
12792,<=1,1.0,1.0,1.0,1.0,1.0,1.0,1.0,1.0,6,0,0,6,6,15,15,5,5,1,1.0,0.0,1,1.0,0.0
12795,<=1,1.0,1.0,1.0,1.0,1.0,1.0,1.0,1.0,2,0,0,2,2,1,1,3,3,1,1.0,0.0,1,1.0,0.0
12797,<=1,1.0,1.0,1.0,1.0,1.0,1.0,1.0,1.0,4,0,0,4,4,6,6,5,5,1,1.0,0.0,1,1.0,0.0
12805,<=1,1.0,1.0,1.0,1.0,1.0,1.0,1.0,1.0,29,0,0,29,29,406,406,10,10,1,1.0,0.0,1,1.0,0.0
12809,<=1,1.0,1.0,1.0,1.0,1.0,1.0,1.0,1.0,10,0,0,10,10,45,45,8,8,1,1.0,0.0,1,1.0,0.0
12810,<=1,1.0,1.0,1.0,1.0,1.0,1.0,1.0,1.0,82,0,0,82,82,3321,3321,12,12,1,1.0,0.0,1,1.0,0.0
12817,<=1,1.0,1.0,1.0,1.0,1.0,1.0,1.0,1.0,4,0,0,4,4,6,6,5,5,1,1.0,0.0,1,1.0,0.0
12822,<=1,1.0,1.0,1.0,1.0,1.0,1.0,1.0,1.0,40,0,0,40,40,780,780,7,7,1,1.0,0.0,1,1.0,0.0
12824,<=1,1.0,1.0,1.0,1.0,1.0,1.0,1.0,1.0,10,0,0,10,10,45,45,5,5,1,1.0,0.0,1,1.0,0.0
12825,<=1,1.0,1.0,1.0,1.0,1.0,1.0,1.0,1.0,19,0,0,19,19,171,171,11,11,1,1.0,0.0,1,1.0,0.0
12827,<=1,1.0,1.0,1.0,1.0,1.0,1.0,1.0,1.0,5,0,0,5,5,10,10,6,6,1,1.0,0.0,1,1.0,0.0
12833,<=1,1.0,1.0,1.0,1.0,1.0,1.0,1.0,1.0,23,0,0,23,23,253,253,13,13,1,1.0,0.0,1,1.0,0.0
12860,<=1,1.0,1.0,1.0,1.0,1.0,1.0,1.0,1.0,7,0,0,7,7,21,21,6,6,1,1.0,0.0,1,1.0,0.0
12861,<=1,1.0,1.0,1.0,1.0,1.0,1.0,1.0,1.0,41,0,0,41,41,820,820,10,10,1,1.0,0.0,1,1.0,0.0
12864,<=1,1.0,1.0,1.0,1.0,1.0,1.0,1.0,1.0,4,0,0,4,4,6,6,3,3,1,1.0,0.0,1,1.0,0.0
12875,<=1,1.0,1.0,1.0,1.0,1.0,1.0,1.0,1.0,2,0,0,2,2,1,1,3,3,1,1.0,0.0,1,1.0,0.0
12876,<=1,1.0,1.0,1.0,1.0,1.0,1.0,1.0,1.0,18,0,0,18,18,153,153,12,12,1,1.0,0.0,1,1.0,0.0
12883,<=1,1.0,1.0,1.0,1.0,1.0,1.0,1.0,1.0,4,0,0,4,4,6,6,4,4,1,1.0,0.0,1,1.0,0.0
12884,<=1,1.0,1.0,1.0,1.0,1.0,1.0,1.0,1.0,15,0,0,15,15,105,105,9,9,1,1.0,0.0,1,1.0,0.0
12887,<=1,1.0,1.0,1.0,1.0,1.0,1.0,1.0,1.0,35,0,0,35,35,595,595,14,14,1,1.0,0.0,1,1.0,0.0
12895,<=1,1.0,1.0,1.0,1.0,1.0,1.0,1.0,1.0,10,0,0,10,10,45,45,6,6,1,1.0,0.0,1,1.0,0.0
12896,<=1,1.0,1.0,1.0,1.0,1.0,1.0,1.0,1.0,9,0,0,9,9,36,36,9,9,1,1.0,0.0,1,1.0,0.0
12897,<=1,1.0,1.0,1.0,1.0,1.0,1.0,1.0,1.0,41,0,0,41,41,820,820,8,8,1,1.0,0.0,1,1.0,0.0
12902,<=1,1.0,1.0,1.0,1.0,1.0,1.0,1.0,1.0,8,0,0,8,8,28,28,4,4,1,1.0,0.0,1,1.0,0.0
12916,<=1,1.0,1.0,1.0,1.0,1.0,1.0,1.0,1.0,8,0,0,8,8,28,28,6,6,1,1.0,0.0,1,1.0,0.0
12923,<=1,1.0,1.0,1.0,1.0,1.0,1.0,1.0,1.0,4,0,0,4,4,6,6,4,4,1,1.0,0.0,1,1.0,0.0
12927,<=1,1.0,1.0,1.0,1.0,1.0,1.0,1.0,1.0,3,0,0,3,3,3,3,4,4,1,1.0,0.0,1,1.0,0.0
12930,<=1,1.0,1.0,1.0,1.0,1.0,1.0,1.0,1.0,13,0,0,13,13,78,78,10,10,1,1.0,0.0,1,1.0,0.0
12933,<=1,1.0,1.0,1.0,1.0,1.0,1.0,1.0,1.0,8,0,0,8,8,28,28,8,8,1,1.0,0.0,1,1.0,0.0
12947,<=1,1.0,1.0,1.0,1.0,1.0,1.0,1.0,1.0,10,0,0,10,10,45,45,7,7,1,1.0,0.0,1,1.0,0.0
12953,<=1,1.0,1.0,1.0,1.0,1.0,1.0,1.0,1.0,1,0,0,1,1,0,0,2,2,1,1.0,0.0,1,1.0,0.0
12959,<=1,1.0,1.0,1.0,1.0,1.0,1.0,1.0,1.0,4,0,0,4,4,6,6,5,5,1,1.0,0.0,1,1.0,0.0
12966,<=1,1.0,1.0,1.0,1.0,1.0,1.0,1.0,1.0,3,0,0,3,3,3,3,4,4,1,1.0,0.0,1,1.0,0.0
12979,<=1,1.0,1.0,1.0,1.0,1.0,1.0,1.0,1.0,17,0,0,17,17,136,136,6,6,1,1.0,0.0,1,1.0,0.0
12983,<=1,1.0,1.0,1.0,1.0,1.0,1.0,1.0,1.0,30,0,0,30,30,435,435,14,14,1,1.0,0.0,1,1.0,0.0
12986,<=1,1.0,1.0,1.0,1.0,1.0,1.0,1.0,1.0,10,0,0,10,10,45,45,6,6,1,1.0,0.0,1,1.0,0.0
12998,<=1,1.0,1.0,1.0,1.0,1.0,1.0,1.0,1.0,19,0,0,19,19,171,171,6,6,1,1.0,0.0,1,1.0,0.0
13000,<=1,1.0,1.0,1.0,1.0,1.0,1.0,1.0,1.0,14,0,0,14,14,91,91,7,7,1,1.0,0.0,1,1.0,0.0
13016,<=1,1.0,1.0,1.0,1.0,1.0,1.0,1.0,1.0,4,0,0,4,4,6,6,4,4,1,1.0,0.0,1,1.0,0.0
13020,<=1,1.0,1.0,1.0,1.0,1.0,1.0,1.0,1.0,42,0,0,42,42,861,861,8,8,1,1.0,0.0,1,1.0,0.0
13031,<=1,1.0,1.0,1.0,1.0,1.0,1.0,1.0,1.0,4,0,0,4,4,6,6,5,5,1,1.0,0.0,1,1.0,0.0
13035,<=1,1.0,1.0,1.0,1.0,1.0,1.0,1.0,1.0,13,0,0,13,13,78,78,7,7,1,1.0,0.0,1,1.0,0.0
13045,<=1,1.0,1.0,1.0,1.0,1.0,1.0,1.0,1.0,30,0,0,30,30,435,435,12,12,1,1.0,0.0,1,1.0,0.0
13061,<=1,1.0,1.0,1.0,1.0,1.0,1.0,1.0,1.0,7,0,0,7,7,21,21,3,3,1,1.0,0.0,1,1.0,0.0
13076,<=1,1.0,1.0,1.0,1.0,1.0,1.0,1.0,1.0,6,0,0,6,6,15,15,5,5,1,1.0,0.0,1,1.0,0.0
13082,<=1,1.0,1.0,1.0,1.0,1.0,1.0,1.0,1.0,17,0,0,17,17,136,136,8,8,1,1.0,0.0,1,1.0,0.0
13121,<=1,1.0,1.0,1.0,1.0,1.0,1.0,1.0,1.0,19,0,0,19,19,171,171,10,10,1,1.0,0.0,1,1.0,0.0
13124,<=1,1.0,1.0,1.0,1.0,1.0,1.0,1.0,1.0,30,0,0,30,30,435,435,7,7,1,1.0,0.0,1,1.0,0.0
13127,<=1,1.0,1.0,1.0,1.0,1.0,1.0,1.0,1.0,18,0,0,18,18,153,153,9,9,1,1.0,0.0,1,1.0,0.0
13129,<=1,1.0,1.0,1.0,1.0,1.0,1.0,1.0,1.0,13,0,0,13,13,78,78,7,7,1,1.0,0.0,1,1.0,0.0
13132,<=1,1.0,1.0,1.0,1.0,1.0,1.0,1.0,1.0,9,0,0,9,9,36,36,7,7,1,1.0,0.0,1,1.0,0.0
13140,<=1,1.0,1.0,1.0,1.0,1.0,1.0,1.0,1.0,17,0,0,17,17,136,136,11,11,1,1.0,0.0,1,1.0,0.0
13144,<=1,1.0,1.0,1.0,1.0,1.0,1.0,1.0,1.0,41,0,0,41,41,820,820,13,13,1,1.0,0.0,1,1.0,0.0
13145,<=1,1.0,1.0,1.0,1.0,1.0,1.0,1.0,1.0,4,0,0,4,4,6,6,4,4,1,1.0,0.0,1,1.0,0.0
13146,<=1,1.0,1.0,1.0,1.0,1.0,1.0,1.0,1.0,5,0,0,5,5,10,10,6,6,1,1.0,0.0,1,1.0,0.0
13148,<=1,1.0,1.0,1.0,1.0,1.0,1.0,1.0,1.0,34,0,0,34,34,561,561,7,7,1,1.0,0.0,1,1.0,0.0
13150,<=1,1.0,1.0,1.0,1.0,1.0,1.0,1.0,1.0,10,0,0,10,10,45,45,3,3,1,1.0,0.0,1,1.0,0.0
13158,<=1,1.0,1.0,1.0,1.0,1.0,1.0,1.0,1.0,4,0,0,4,4,6,6,5,5,1,1.0,0.0,1,1.0,0.0
13159,<=1,1.0,1.0,1.0,1.0,1.0,1.0,1.0,1.0,10,0,0,10,10,45,45,7,7,1,1.0,0.0,1,1.0,0.0
13160,<=1,1.0,1.0,1.0,1.0,1.0,1.0,1.0,1.0,7,0,0,7,7,21,21,6,6,1,1.0,0.0,1,1.0,0.0
13169,<=1,1.0,1.0,1.0,1.0,1.0,1.0,1.0,1.0,3,0,0,3,3,3,3,3,3,1,1.0,0.0,1,1.0,0.0
13172,<=1,1.0,1.0,1.0,1.0,1.0,1.0,1.0,1.0,18,0,0,18,18,153,153,12,12,1,1.0,0.0,1,1.0,0.0
13175,<=1,1.0,1.0,1.0,1.0,1.0,1.0,1.0,1.0,7,0,0,7,7,21,21,8,8,1,1.0,0.0,1,1.0,0.0
13176,<=1,1.0,1.0,1.0,1.0,1.0,1.0,1.0,1.0,7,0,0,7,7,21,21,6,6,1,1.0,0.0,1,1.0,0.0
13182,<=1,1.0,1.0,1.0,1.0,1.0,1.0,1.0,1.0,25,0,0,25,25,300,300,8,8,1,1.0,0.0,1,1.0,0.0
13195,<=1,1.0,1.0,1.0,1.0,1.0,1.0,1.0,1.0,7,0,0,7,7,21,21,6,6,1,1.0,0.0,1,1.0,0.0
13198,<=1,1.0,1.0,1.0,1.0,1.0,1.0,1.0,1.0,28,0,0,28,28,378,378,13,13,1,1.0,0.0,1,1.0,0.0
13202,<=1,1.0,1.0,1.0,1.0,1.0,1.0,1.0,1.0,7,0,0,7,7,21,21,6,6,1,1.0,0.0,1,1.0,0.0
13215,<=1,1.0,1.0,1.0,1.0,1.0,1.0,1.0,1.0,7,0,0,7,7,21,21,6,6,1,1.0,0.0,1,1.0,0.0
13220,<=1,1.0,1.0,1.0,1.0,1.0,1.0,1.0,1.0,39,0,0,39,39,741,741,11,11,1,1.0,0.0,1,1.0,0.0
13228,<=1,1.0,1.0,1.0,1.0,1.0,1.0,1.0,1.0,15,0,0,15,15,105,105,9,9,1,1.0,0.0,1,1.0,0.0
13232,<=1,1.0,1.0,1.0,1.0,1.0,1.0,1.0,1.0,6,0,0,6,6,15,15,6,6,1,1.0,0.0,1,1.0,0.0
13235,<=1,1.0,1.0,1.0,1.0,1.0,1.0,1.0,1.0,15,0,0,15,15,105,105,5,5,1,1.0,0.0,1,1.0,0.0
13252,<=1,1.0,1.0,1.0,1.0,1.0,1.0,1.0,1.0,22,0,0,22,22,231,231,13,13,1,1.0,0.0,1,1.0,0.0
13258,<=1,1.0,1.0,1.0,1.0,1.0,1.0,1.0,1.0,12,0,0,12,12,66,66,7,7,1,1.0,0.0,1,1.0,0.0
13267,<=1,1.0,1.0,1.0,1.0,1.0,1.0,1.0,1.0,5,0,0,5,5,10,10,6,6,1,1.0,0.0,1,1.0,0.0
13273,<=1,1.0,1.0,1.0,1.0,1.0,1.0,1.0,1.0,12,0,0,12,12,66,66,9,9,1,1.0,0.0,1,1.0,0.0
13274,<=1,1.0,1.0,1.0,1.0,1.0,1.0,1.0,1.0,13,0,0,13,13,78,78,8,8,1,1.0,0.0,1,1.0,0.0
13278,<=1,1.0,1.0,1.0,1.0,1.0,1.0,1.0,1.0,4,0,0,4,4,6,6,5,5,1,1.0,0.0,1,1.0,0.0
13284,<=1,1.0,1.0,1.0,1.0,1.0,1.0,1.0,1.0,15,0,0,15,15,105,105,7,7,1,1.0,0.0,1,1.0,0.0
13290,<=1,1.0,1.0,1.0,1.0,1.0,1.0,1.0,1.0,32,0,0,32,32,496,496,11,11,1,1.0,0.0,1,1.0,0.0
13292,<=1,1.0,1.0,1.0,1.0,1.0,1.0,1.0,1.0,12,0,0,12,12,66,66,9,9,1,1.0,0.0,1,1.0,0.0
13294,<=1,1.0,1.0,1.0,1.0,1.0,1.0,1.0,1.0,17,0,0,17,17,136,136,5,5,1,1.0,0.0,1,1.0,0.0
13300,<=1,1.0,1.0,1.0,1.0,1.0,1.0,1.0,1.0,11,0,0,11,11,55,55,6,6,1,1.0,0.0,1,1.0,0.0
13320,<=1,1.0,1.0,1.0,1.0,1.0,1.0,1.0,1.0,5,0,0,5,5,10,10,5,5,1,1.0,0.0,1,1.0,0.0
13325,<=1,1.0,1.0,1.0,1.0,1.0,1.0,1.0,1.0,36,0,0,36,36,630,630,12,12,1,1.0,0.0,1,1.0,0.0
13332,<=1,1.0,1.0,1.0,1.0,1.0,1.0,1.0,1.0,11,0,0,11,11,55,55,8,8,1,1.0,0.0,1,1.0,0.0
13336,<=1,1.0,1.0,1.0,1.0,1.0,1.0,1.0,1.0,14,0,0,14,14,91,91,10,10,1,1.0,0.0,1,1.0,0.0
13352,<=1,1.0,1.0,1.0,1.0,1.0,1.0,1.0,1.0,19,0,0,19,19,171,171,7,7,1,1.0,0.0,1,1.0,0.0
13355,<=1,1.0,1.0,1.0,1.0,1.0,1.0,1.0,1.0,18,0,0,18,18,153,153,9,9,1,1.0,0.0,1,1.0,0.0
13356,<=1,1.0,1.0,1.0,1.0,1.0,1.0,1.0,1.0,10,0,0,10,10,45,45,5,5,1,1.0,0.0,1,1.0,0.0
13357,<=1,1.0,1.0,1.0,1.0,1.0,1.0,1.0,1.0,13,0,0,13,13,78,78,9,9,1,1.0,0.0,1,1.0,0.0
13372,<=1,1.0,1.0,1.0,1.0,1.0,1.0,1.0,1.0,38,0,0,38,38,703,703,8,8,1,1.0,0.0,1,1.0,0.0
13383,<=1,1.0,1.0,1.0,1.0,1.0,1.0,1.0,1.0,9,0,0,9,9,36,36,8,8,1,1.0,0.0,1,1.0,0.0
13397,<=1,1.0,1.0,1.0,1.0,1.0,1.0,1.0,1.0,15,0,0,15,15,105,105,6,6,1,1.0,0.0,1,1.0,0.0
13415,<=1,1.0,1.0,1.0,1.0,1.0,1.0,1.0,1.0,7,0,0,7,7,21,21,5,5,1,1.0,0.0,1,1.0,0.0
13417,<=1,1.0,1.0,1.0,1.0,1.0,1.0,1.0,1.0,68,0,0,68,68,2278,2278,9,9,1,1.0,0.0,1,1.0,0.0
13420,<=1,1.0,1.0,1.0,1.0,1.0,1.0,1.0,1.0,19,0,0,19,19,171,171,8,8,1,1.0,0.0,1,1.0,0.0
13428,<=1,1.0,1.0,1.0,1.0,1.0,1.0,1.0,1.0,3,0,0,3,3,3,3,4,4,1,1.0,0.0,1,1.0,0.0
13445,<=1,1.0,1.0,1.0,1.0,1.0,1.0,1.0,1.0,11,0,0,11,11,55,55,8,8,1,1.0,0.0,1,1.0,0.0
13452,<=1,1.0,1.0,1.0,1.0,1.0,1.0,1.0,1.0,12,0,0,12,12,66,66,10,10,1,1.0,0.0,1,1.0,0.0
13455,<=1,1.0,1.0,1.0,1.0,1.0,1.0,1.0,1.0,17,0,0,17,17,136,136,6,6,1,1.0,0.0,1,1.0,0.0
13463,<=1,1.0,1.0,1.0,1.0,1.0,1.0,1.0,1.0,28,0,0,28,28,378,378,12,12,1,1.0,0.0,1,1.0,0.0
13465,<=1,1.0,1.0,1.0,1.0,1.0,1.0,1.0,1.0,9,0,0,9,9,36,36,7,7,1,1.0,0.0,1,1.0,0.0
13471,<=1,1.0,1.0,1.0,1.0,1.0,1.0,1.0,1.0,3,0,0,3,3,3,3,3,3,1,1.0,0.0,1,1.0,0.0
13473,<=1,1.0,1.0,1.0,1.0,1.0,1.0,1.0,1.0,5,0,0,5,5,10,10,5,5,1,1.0,0.0,1,1.0,0.0
13482,<=1,1.0,1.0,1.0,1.0,1.0,1.0,1.0,1.0,2,0,0,2,2,1,1,2,2,1,1.0,0.0,1,1.0,0.0
13490,<=1,1.0,1.0,1.0,1.0,1.0,1.0,1.0,1.0,9,0,0,9,9,36,36,6,6,1,1.0,0.0,1,1.0,0.0
13497,<=1,1.0,1.0,1.0,1.0,1.0,1.0,1.0,1.0,9,0,0,9,9,36,36,5,5,1,1.0,0.0,1,1.0,0.0
13524,<=1,1.0,1.0,1.0,1.0,1.0,1.0,1.0,1.0,11,0,0,11,11,55,55,6,6,1,1.0,0.0,1,1.0,0.0
13525,<=1,1.0,1.0,1.0,1.0,1.0,1.0,1.0,1.0,4,0,0,4,4,6,6,4,4,1,1.0,0.0,1,1.0,0.0
13528,<=1,1.0,1.0,1.0,1.0,1.0,1.0,1.0,1.0,16,0,0,16,16,120,120,9,9,1,1.0,0.0,1,1.0,0.0
13550,<=1,1.0,1.0,1.0,1.0,1.0,1.0,1.0,1.0,33,0,0,33,33,528,528,11,11,1,1.0,0.0,1,1.0,0.0
13556,<=1,1.0,1.0,1.0,1.0,1.0,1.0,1.0,1.0,16,0,0,16,16,120,120,5,5,1,1.0,0.0,1,1.0,0.0
13565,<=1,1.0,1.0,1.0,1.0,1.0,1.0,1.0,1.0,17,0,0,17,17,136,136,11,11,1,1.0,0.0,1,1.0,0.0
13568,<=1,1.0,1.0,1.0,1.0,1.0,1.0,1.0,1.0,10,0,0,10,10,45,45,3,3,1,1.0,0.0,1,1.0,0.0
13574,<=1,1.0,1.0,1.0,1.0,1.0,1.0,1.0,1.0,8,0,0,8,8,28,28,6,6,1,1.0,0.0,1,1.0,0.0
13578,<=1,1.0,1.0,1.0,1.0,1.0,1.0,1.0,1.0,7,0,0,7,7,21,21,6,6,1,1.0,0.0,1,1.0,0.0
13605,<=1,1.0,1.0,1.0,1.0,1.0,1.0,1.0,1.0,23,0,0,23,23,253,253,5,5,1,1.0,0.0,1,1.0,0.0
13616,<=1,1.0,1.0,1.0,1.0,1.0,1.0,1.0,1.0,9,0,0,9,9,36,36,8,8,1,1.0,0.0,1,1.0,0.0
13632,<=1,1.0,1.0,1.0,1.0,1.0,1.0,1.0,1.0,2,0,0,2,2,1,1,3,3,1,1.0,0.0,1,1.0,0.0
13636,<=1,1.0,1.0,1.0,1.0,1.0,1.0,1.0,1.0,13,0,0,13,13,78,78,12,12,1,1.0,0.0,1,1.0,0.0
13637,<=1,1.0,1.0,1.0,1.0,1.0,1.0,1.0,1.0,9,0,0,9,9,36,36,6,6,1,1.0,0.0,1,1.0,0.0
13639,<=1,1.0,1.0,1.0,1.0,1.0,1.0,1.0,1.0,6,0,0,6,6,15,15,6,6,1,1.0,0.0,1,1.0,0.0
13650,<=1,1.0,1.0,1.0,1.0,1.0,1.0,1.0,1.0,20,0,0,20,20,190,190,8,8,1,1.0,0.0,1,1.0,0.0
13662,<=1,1.0,1.0,1.0,1.0,1.0,1.0,1.0,1.0,20,0,0,20,20,190,190,11,11,1,1.0,0.0,1,1.0,0.0
13670,<=1,1.0,1.0,1.0,1.0,1.0,1.0,1.0,1.0,15,0,0,15,15,105,105,6,6,1,1.0,0.0,1,1.0,0.0
13671,<=1,1.0,1.0,1.0,1.0,1.0,1.0,1.0,1.0,9,0,0,9,9,36,36,7,7,1,1.0,0.0,1,1.0,0.0
13675,<=1,1.0,1.0,1.0,1.0,1.0,1.0,1.0,1.0,12,0,0,12,12,66,66,8,8,1,1.0,0.0,1,1.0,0.0
13678,<=1,1.0,1.0,1.0,1.0,1.0,1.0,1.0,1.0,22,0,0,22,22,231,231,10,10,1,1.0,0.0,1,1.0,0.0
13703,<=1,1.0,1.0,1.0,1.0,1.0,1.0,1.0,1.0,25,0,0,25,25,300,300,7,7,1,1.0,0.0,1,1.0,0.0
13714,<=1,1.0,1.0,1.0,1.0,1.0,1.0,1.0,1.0,8,0,0,8,8,28,28,6,6,1,1.0,0.0,1,1.0,0.0
13717,<=1,1.0,1.0,1.0,1.0,1.0,1.0,1.0,1.0,11,0,0,11,11,55,55,9,9,1,1.0,0.0,1,1.0,0.0
13719,<=1,1.0,1.0,1.0,1.0,1.0,1.0,1.0,1.0,22,0,0,22,22,231,231,10,10,1,1.0,0.0,1,1.0,0.0
13720,<=1,1.0,1.0,1.0,1.0,1.0,1.0,1.0,1.0,21,0,0,21,21,210,210,11,11,1,1.0,0.0,1,1.0,0.0
13721,<=1,1.0,1.0,1.0,1.0,1.0,1.0,1.0,1.0,7,0,0,7,7,21,21,6,6,1,1.0,0.0,1,1.0,0.0
13728,<=1,1.0,1.0,1.0,1.0,1.0,1.0,1.0,1.0,22,0,0,22,22,231,231,6,6,1,1.0,0.0,1,1.0,0.0
13731,<=1,1.0,1.0,1.0,1.0,1.0,1.0,1.0,1.0,46,0,0,46,46,1035,1035,10,10,1,1.0,0.0,1,1.0,0.0
13754,<=1,1.0,1.0,1.0,1.0,1.0,1.0,1.0,1.0,10,0,0,10,10,45,45,5,5,1,1.0,0.0,1,1.0,0.0
13763,<=1,1.0,1.0,1.0,1.0,1.0,1.0,1.0,1.0,5,0,0,5,5,10,10,5,5,1,1.0,0.0,1,1.0,0.0
13769,<=1,1.0,1.0,1.0,1.0,1.0,1.0,1.0,1.0,10,0,0,10,10,45,45,5,5,1,1.0,0.0,1,1.0,0.0
13783,<=1,1.0,1.0,1.0,1.0,1.0,1.0,1.0,1.0,7,0,0,7,7,21,21,6,6,1,1.0,0.0,1,1.0,0.0
13789,<=1,1.0,1.0,1.0,1.0,1.0,1.0,1.0,1.0,5,0,0,5,5,10,10,4,4,1,1.0,0.0,1,1.0,0.0
13797,<=1,1.0,1.0,1.0,1.0,1.0,1.0,1.0,1.0,27,0,0,27,27,351,351,6,6,1,1.0,0.0,1,1.0,0.0
13800,<=1,1.0,1.0,1.0,1.0,1.0,1.0,1.0,1.0,11,0,0,11,11,55,55,6,6,1,1.0,0.0,1,1.0,0.0
13802,<=1,1.0,1.0,1.0,1.0,1.0,1.0,1.0,1.0,4,0,0,4,4,6,6,5,5,1,1.0,0.0,1,1.0,0.0
13815,<=1,1.0,1.0,1.0,1.0,1.0,1.0,1.0,1.0,13,0,0,13,13,78,78,10,10,1,1.0,0.0,1,1.0,0.0
13832,<=1,1.0,1.0,1.0,1.0,1.0,1.0,1.0,1.0,17,0,0,17,17,136,136,5,5,1,1.0,0.0,1,1.0,0.0
13835,<=1,1.0,1.0,1.0,1.0,1.0,1.0,1.0,1.0,6,0,0,6,6,15,15,5,5,1,1.0,0.0,1,1.0,0.0
13843,<=1,1.0,1.0,1.0,1.0,1.0,1.0,1.0,1.0,11,0,0,11,11,55,55,5,5,1,1.0,0.0,1,1.0,0.0
13844,<=1,1.0,1.0,1.0,1.0,1.0,1.0,1.0,1.0,2,0,0,2,2,1,1,3,3,1,1.0,0.0,1,1.0,0.0
13856,<=1,1.0,1.0,1.0,1.0,1.0,1.0,1.0,1.0,18,0,0,18,18,153,153,7,7,1,1.0,0.0,1,1.0,0.0
13874,<=1,1.0,1.0,1.0,1.0,1.0,1.0,1.0,1.0,9,0,0,9,9,36,36,4,4,1,1.0,0.0,1,1.0,0.0
13876,<=1,1.0,1.0,1.0,1.0,1.0,1.0,1.0,1.0,3,0,0,3,3,3,3,4,4,1,1.0,0.0,1,1.0,0.0
13879,<=1,1.0,1.0,1.0,1.0,1.0,1.0,1.0,1.0,8,0,0,8,8,28,28,7,7,1,1.0,0.0,1,1.0,0.0
13882,<=1,1.0,1.0,1.0,1.0,1.0,1.0,1.0,1.0,17,0,0,17,17,136,136,10,10,1,1.0,0.0,1,1.0,0.0
13892,<=1,1.0,1.0,1.0,1.0,1.0,1.0,1.0,1.0,7,0,0,7,7,21,21,6,6,1,1.0,0.0,1,1.0,0.0
13893,<=1,1.0,1.0,1.0,1.0,1.0,1.0,1.0,1.0,11,0,0,11,11,55,55,7,7,1,1.0,0.0,1,1.0,0.0
13900,<=1,1.0,1.0,1.0,1.0,1.0,1.0,1.0,1.0,5,0,0,5,5,10,10,5,5,1,1.0,0.0,1,1.0,0.0
13901,<=1,1.0,1.0,1.0,1.0,1.0,1.0,1.0,1.0,10,0,0,10,10,45,45,7,7,1,1.0,0.0,1,1.0,0.0
13904,<=1,1.0,1.0,1.0,1.0,1.0,1.0,1.0,1.0,32,0,0,32,32,496,496,8,8,1,1.0,0.0,1,1.0,0.0
13908,<=1,1.0,1.0,1.0,1.0,1.0,1.0,1.0,1.0,4,0,0,4,4,6,6,4,4,1,1.0,0.0,1,1.0,0.0
13914,<=1,1.0,1.0,1.0,1.0,1.0,1.0,1.0,1.0,1,0,0,1,1,0,0,2,2,1,1.0,0.0,1,1.0,0.0
13916,<=1,1.0,1.0,1.0,1.0,1.0,1.0,1.0,1.0,21,0,0,21,21,210,210,14,14,1,1.0,0.0,1,1.0,0.0
13921,<=1,1.0,1.0,1.0,1.0,1.0,1.0,1.0,1.0,7,0,0,7,7,21,21,6,6,1,1.0,0.0,1,1.0,0.0
13922,<=1,1.0,1.0,1.0,1.0,1.0,1.0,1.0,1.0,5,0,0,5,5,10,10,4,4,1,1.0,0.0,1,1.0,0.0
13934,<=1,1.0,1.0,1.0,1.0,1.0,1.0,1.0,1.0,10,0,0,10,10,45,45,6,6,1,1.0,0.0,1,1.0,0.0
13938,<=1,1.0,1.0,1.0,1.0,1.0,1.0,1.0,1.0,21,0,0,21,21,210,210,7,7,1,1.0,0.0,1,1.0,0.0
13943,<=1,1.0,1.0,1.0,1.0,1.0,1.0,1.0,1.0,11,0,0,11,11,55,55,9,9,1,1.0,0.0,1,1.0,0.0
13948,<=1,1.0,1.0,1.0,1.0,1.0,1.0,1.0,1.0,9,0,0,9,9,36,36,5,5,1,1.0,0.0,1,1.0,0.0
13949,<=1,1.0,1.0,1.0,1.0,1.0,1.0,1.0,1.0,36,0,0,36,36,630,630,11,11,1,1.0,0.0,1,1.0,0.0
13965,<=1,1.0,1.0,1.0,1.0,1.0,1.0,1.0,1.0,15,0,0,15,15,105,105,8,8,1,1.0,0.0,1,1.0,0.0
13967,<=1,1.0,1.0,1.0,1.0,1.0,1.0,1.0,1.0,7,0,0,7,7,21,21,6,6,1,1.0,0.0,1,1.0,0.0
13969,<=1,1.0,1.0,1.0,1.0,1.0,1.0,1.0,1.0,8,0,0,8,8,28,28,6,6,1,1.0,0.0,1,1.0,0.0
13979,<=1,1.0,1.0,1.0,1.0,1.0,1.0,1.0,1.0,3,0,0,3,3,3,3,2,2,1,1.0,0.0,1,1.0,0.0
13985,<=1,1.0,1.0,1.0,1.0,1.0,1.0,1.0,1.0,22,0,0,22,22,231,231,12,12,1,1.0,0.0,1,1.0,0.0
13986,<=1,1.0,1.0,1.0,1.0,1.0,1.0,1.0,1.0,8,0,0,8,8,28,28,4,4,1,1.0,0.0,1,1.0,0.0
13988,<=1,1.0,1.0,1.0,1.0,1.0,1.0,1.0,1.0,11,0,0,11,11,55,55,6,6,1,1.0,0.0,1,1.0,0.0
13991,<=1,1.0,1.0,1.0,1.0,1.0,1.0,1.0,1.0,39,0,0,39,39,741,741,9,9,1,1.0,0.0,1,1.0,0.0
13992,<=1,1.0,1.0,1.0,1.0,1.0,1.0,1.0,1.0,19,0,0,19,19,171,171,8,8,1,1.0,0.0,1,1.0,0.0
13995,<=1,1.0,1.0,1.0,1.0,1.0,1.0,1.0,1.0,35,0,0,35,35,595,595,5,5,1,1.0,0.0,1,1.0,0.0
14006,<=1,1.0,1.0,1.0,1.0,1.0,1.0,1.0,1.0,9,0,0,9,9,36,36,6,6,1,1.0,0.0,1,1.0,0.0
14008,<=1,1.0,1.0,1.0,1.0,1.0,1.0,1.0,1.0,11,0,0,11,11,55,55,6,6,1,1.0,0.0,1,1.0,0.0
14025,<=1,1.0,1.0,1.0,1.0,1.0,1.0,1.0,1.0,2,0,0,2,2,1,1,2,2,1,1.0,0.0,1,1.0,0.0
14029,<=1,1.0,1.0,1.0,1.0,1.0,1.0,1.0,1.0,3,0,0,3,3,3,3,4,4,1,1.0,0.0,1,1.0,0.0
14034,<=1,1.0,1.0,1.0,1.0,1.0,1.0,1.0,1.0,7,0,0,7,7,21,21,4,4,1,1.0,0.0,1,1.0,0.0
14056,<=1,1.0,1.0,1.0,1.0,1.0,1.0,1.0,1.0,25,0,0,25,25,300,300,6,6,1,1.0,0.0,1,1.0,0.0
14070,<=1,1.0,1.0,1.0,1.0,1.0,1.0,1.0,1.0,15,0,0,15,15,105,105,8,8,1,1.0,0.0,1,1.0,0.0
14073,<=1,1.0,1.0,1.0,1.0,1.0,1.0,1.0,1.0,21,0,0,21,21,210,210,8,8,1,1.0,0.0,1,1.0,0.0
14088,<=1,1.0,1.0,1.0,1.0,1.0,1.0,1.0,1.0,16,0,0,16,16,120,120,13,13,1,1.0,0.0,1,1.0,0.0
14089,<=1,1.0,1.0,1.0,1.0,1.0,1.0,1.0,1.0,37,0,0,37,37,666,666,10,10,1,1.0,0.0,1,1.0,0.0
14090,<=1,1.0,1.0,1.0,1.0,1.0,1.0,1.0,1.0,3,0,0,3,3,3,3,4,4,1,1.0,0.0,1,1.0,0.0
14108,<=1,1.0,1.0,1.0,1.0,1.0,1.0,1.0,1.0,10,0,0,10,10,45,45,8,8,1,1.0,0.0,1,1.0,0.0
14125,<=1,1.0,1.0,1.0,1.0,1.0,1.0,1.0,1.0,19,0,0,19,19,171,171,5,5,1,1.0,0.0,1,1.0,0.0
14128,<=1,1.0,1.0,1.0,1.0,1.0,1.0,1.0,1.0,15,0,0,15,15,105,105,11,11,1,1.0,0.0,1,1.0,0.0
14135,<=1,1.0,1.0,1.0,1.0,1.0,1.0,1.0,1.0,10,0,0,10,10,45,45,6,6,1,1.0,0.0,1,1.0,0.0
14152,<=1,1.0,1.0,1.0,1.0,1.0,1.0,1.0,1.0,37,0,0,37,37,666,666,13,13,1,1.0,0.0,1,1.0,0.0
14159,<=1,1.0,1.0,1.0,1.0,1.0,1.0,1.0,1.0,40,0,0,40,40,780,780,12,12,1,1.0,0.0,1,1.0,0.0
14168,<=1,1.0,1.0,1.0,1.0,1.0,1.0,1.0,1.0,2,0,0,2,2,1,1,3,3,1,1.0,0.0,1,1.0,0.0
14175,<=1,1.0,1.0,1.0,1.0,1.0,1.0,1.0,1.0,14,0,0,14,14,91,91,9,9,1,1.0,0.0,1,1.0,0.0
14180,<=1,1.0,1.0,1.0,1.0,1.0,1.0,1.0,1.0,4,0,0,4,4,6,6,5,5,1,1.0,0.0,1,1.0,0.0
14203,<=1,1.0,1.0,1.0,1.0,1.0,1.0,1.0,1.0,18,0,0,18,18,153,153,6,6,1,1.0,0.0,1,1.0,0.0
14209,<=1,1.0,1.0,1.0,1.0,1.0,1.0,1.0,1.0,11,0,0,11,11,55,55,5,5,1,1.0,0.0,1,1.0,0.0
14230,<=1,1.0,1.0,1.0,1.0,1.0,1.0,1.0,1.0,59,0,0,59,59,1711,1711,7,7,1,1.0,0.0,1,1.0,0.0
14248,<=1,1.0,1.0,1.0,1.0,1.0,1.0,1.0,1.0,8,0,0,8,8,28,28,6,6,1,1.0,0.0,1,1.0,0.0
14252,<=1,1.0,1.0,1.0,1.0,1.0,1.0,1.0,1.0,3,0,0,3,3,3,3,4,4,1,1.0,0.0,1,1.0,0.0
14253,<=1,1.0,1.0,1.0,1.0,1.0,1.0,1.0,1.0,12,0,0,12,12,66,66,8,8,1,1.0,0.0,1,1.0,0.0
14261,<=1,1.0,1.0,1.0,1.0,1.0,1.0,1.0,1.0,5,0,0,5,5,10,10,4,4,1,1.0,0.0,1,1.0,0.0
14265,<=1,1.0,1.0,1.0,1.0,1.0,1.0,1.0,1.0,13,0,0,13,13,78,78,9,9,1,1.0,0.0,1,1.0,0.0
14269,<=1,1.0,1.0,1.0,1.0,1.0,1.0,1.0,1.0,23,0,0,23,23,253,253,8,8,1,1.0,0.0,1,1.0,0.0
14271,<=1,1.0,1.0,1.0,1.0,1.0,1.0,1.0,1.0,6,0,0,6,6,15,15,5,5,1,1.0,0.0,1,1.0,0.0
14276,<=1,1.0,1.0,1.0,1.0,1.0,1.0,1.0,1.0,3,0,0,3,3,3,3,4,4,1,1.0,0.0,1,1.0,0.0
14281,<=1,1.0,1.0,1.0,1.0,1.0,1.0,1.0,1.0,11,0,0,11,11,55,55,7,7,1,1.0,0.0,1,1.0,0.0
14282,<=1,1.0,1.0,1.0,1.0,1.0,1.0,1.0,1.0,23,0,0,23,23,253,253,12,12,1,1.0,0.0,1,1.0,0.0
14283,<=1,1.0,1.0,1.0,1.0,1.0,1.0,1.0,1.0,5,0,0,5,5,10,10,5,5,1,1.0,0.0,1,1.0,0.0
14285,<=1,1.0,1.0,1.0,1.0,1.0,1.0,1.0,1.0,17,0,0,17,17,136,136,12,12,1,1.0,0.0,1,1.0,0.0
14290,<=1,1.0,1.0,1.0,1.0,1.0,1.0,1.0,1.0,10,0,0,10,10,45,45,4,4,1,1.0,0.0,1,1.0,0.0
14297,<=1,1.0,1.0,1.0,1.0,1.0,1.0,1.0,1.0,22,0,0,22,22,231,231,10,10,1,1.0,0.0,1,1.0,0.0
14306,<=1,1.0,1.0,1.0,1.0,1.0,1.0,1.0,1.0,25,0,0,25,25,300,300,14,14,1,1.0,0.0,1,1.0,0.0
14307,<=1,1.0,1.0,1.0,1.0,1.0,1.0,1.0,1.0,4,0,0,4,4,6,6,4,4,1,1.0,0.0,1,1.0,0.0
14319,<=1,1.0,1.0,1.0,1.0,1.0,1.0,1.0,1.0,9,0,0,9,9,36,36,8,8,1,1.0,0.0,1,1.0,0.0
14321,<=1,1.0,1.0,1.0,1.0,1.0,1.0,1.0,1.0,29,0,0,29,29,406,406,6,6,1,1.0,0.0,1,1.0,0.0
14329,<=1,1.0,1.0,1.0,1.0,1.0,1.0,1.0,1.0,20,0,0,20,20,190,190,7,7,1,1.0,0.0,1,1.0,0.0
14335,<=1,1.0,1.0,1.0,1.0,1.0,1.0,1.0,1.0,20,0,0,20,20,190,190,12,12,1,1.0,0.0,1,1.0,0.0
14337,<=1,1.0,1.0,1.0,1.0,1.0,1.0,1.0,1.0,33,0,0,33,33,528,528,7,7,1,1.0,0.0,1,1.0,0.0
14338,<=1,1.0,1.0,1.0,1.0,1.0,1.0,1.0,1.0,7,0,0,7,7,21,21,5,5,1,1.0,0.0,1,1.0,0.0
14352,<=1,1.0,1.0,1.0,1.0,1.0,1.0,1.0,1.0,18,0,0,18,18,153,153,9,9,1,1.0,0.0,1,1.0,0.0
14357,<=1,1.0,1.0,1.0,1.0,1.0,1.0,1.0,1.0,4,0,0,4,4,6,6,5,5,1,1.0,0.0,1,1.0,0.0
14366,<=1,1.0,1.0,1.0,1.0,1.0,1.0,1.0,1.0,26,0,0,26,26,325,325,5,5,1,1.0,0.0,1,1.0,0.0
14367,<=1,1.0,1.0,1.0,1.0,1.0,1.0,1.0,1.0,25,0,0,25,25,300,300,9,9,1,1.0,0.0,1,1.0,0.0
14375,<=1,1.0,1.0,1.0,1.0,1.0,1.0,1.0,1.0,37,0,0,37,37,666,666,7,7,1,1.0,0.0,1,1.0,0.0
14377,<=1,1.0,1.0,1.0,1.0,1.0,1.0,1.0,1.0,6,0,0,6,6,15,15,3,3,1,1.0,0.0,1,1.0,0.0
14385,<=1,1.0,1.0,1.0,1.0,1.0,1.0,1.0,1.0,31,0,0,31,31,465,465,12,12,1,1.0,0.0,1,1.0,0.0
14396,<=1,1.0,1.0,1.0,1.0,1.0,1.0,1.0,1.0,6,0,0,6,6,15,15,5,5,1,1.0,0.0,1,1.0,0.0
14402,<=1,1.0,1.0,1.0,1.0,1.0,1.0,1.0,1.0,7,0,0,7,7,21,21,7,7,1,1.0,0.0,1,1.0,0.0
14412,<=1,1.0,1.0,1.0,1.0,1.0,1.0,1.0,1.0,2,0,0,2,2,1,1,3,3,1,1.0,0.0,1,1.0,0.0
14430,<=1,1.0,1.0,1.0,1.0,1.0,1.0,1.0,1.0,3,0,0,3,3,3,3,3,3,1,1.0,0.0,1,1.0,0.0
14432,<=1,1.0,1.0,1.0,1.0,1.0,1.0,1.0,1.0,17,0,0,17,17,136,136,10,10,1,1.0,0.0,1,1.0,0.0
14470,<=1,1.0,1.0,1.0,1.0,1.0,1.0,1.0,1.0,12,0,0,12,12,66,66,7,7,1,1.0,0.0,1,1.0,0.0
14475,<=1,1.0,1.0,1.0,1.0,1.0,1.0,1.0,1.0,3,0,0,3,3,3,3,4,4,1,1.0,0.0,1,1.0,0.0
14477,<=1,1.0,1.0,1.0,1.0,1.0,1.0,1.0,1.0,44,0,0,44,44,946,946,12,12,1,1.0,0.0,1,1.0,0.0
14483,<=1,1.0,1.0,1.0,1.0,1.0,1.0,1.0,1.0,12,0,0,12,12,66,66,2,2,1,1.0,0.0,1,1.0,0.0
14484,<=1,1.0,1.0,1.0,1.0,1.0,1.0,1.0,1.0,16,0,0,16,16,120,120,9,9,1,1.0,0.0,1,1.0,0.0
14487,<=1,1.0,1.0,1.0,1.0,1.0,1.0,1.0,1.0,7,0,0,7,7,21,21,5,5,1,1.0,0.0,1,1.0,0.0
14488,<=1,1.0,1.0,1.0,1.0,1.0,1.0,1.0,1.0,12,0,0,12,12,66,66,5,5,1,1.0,0.0,1,1.0,0.0
14502,<=1,1.0,1.0,1.0,1.0,1.0,1.0,1.0,1.0,11,0,0,11,11,55,55,8,8,1,1.0,0.0,1,1.0,0.0
14526,<=1,1.0,1.0,1.0,1.0,1.0,1.0,1.0,1.0,8,0,0,8,8,28,28,7,7,1,1.0,0.0,1,1.0,0.0
14533,<=1,1.0,1.0,1.0,1.0,1.0,1.0,1.0,1.0,10,0,0,10,10,45,45,7,7,1,1.0,0.0,1,1.0,0.0
14536,<=1,1.0,1.0,1.0,1.0,1.0,1.0,1.0,1.0,4,0,0,4,4,6,6,5,5,1,1.0,0.0,1,1.0,0.0
14537,<=1,1.0,1.0,1.0,1.0,1.0,1.0,1.0,1.0,2,0,0,2,2,1,1,3,3,1,1.0,0.0,1,1.0,0.0
14543,<=1,1.0,1.0,1.0,1.0,1.0,1.0,1.0,1.0,29,0,0,29,29,406,406,8,8,1,1.0,0.0,1,1.0,0.0
14547,<=1,1.0,1.0,1.0,1.0,1.0,1.0,1.0,1.0,6,0,0,6,6,15,15,5,5,1,1.0,0.0,1,1.0,0.0
14549,<=1,1.0,1.0,1.0,1.0,1.0,1.0,1.0,1.0,3,0,0,3,3,3,3,4,4,1,1.0,0.0,1,1.0,0.0
14557,<=1,1.0,1.0,1.0,1.0,1.0,1.0,1.0,1.0,2,0,0,2,2,1,1,2,2,1,1.0,0.0,1,1.0,0.0
14562,<=1,1.0,1.0,1.0,1.0,1.0,1.0,1.0,1.0,11,0,0,11,11,55,55,8,8,1,1.0,0.0,1,1.0,0.0
14567,<=1,1.0,1.0,1.0,1.0,1.0,1.0,1.0,1.0,1,0,0,1,1,0,0,2,2,1,1.0,0.0,1,1.0,0.0
14575,<=1,1.0,1.0,1.0,1.0,1.0,1.0,1.0,1.0,15,0,0,15,15,105,105,7,7,1,1.0,0.0,1,1.0,0.0
14591,<=1,1.0,1.0,1.0,1.0,1.0,1.0,1.0,1.0,17,0,0,17,17,136,136,9,9,1,1.0,0.0,1,1.0,0.0
14592,<=1,1.0,1.0,1.0,1.0,1.0,1.0,1.0,1.0,4,0,0,4,4,6,6,5,5,1,1.0,0.0,1,1.0,0.0
14600,<=1,1.0,1.0,1.0,1.0,1.0,1.0,1.0,1.0,2,0,0,2,2,1,1,3,3,1,1.0,0.0,1,1.0,0.0
14611,<=1,1.0,1.0,1.0,1.0,1.0,1.0,1.0,1.0,28,0,0,28,28,378,378,8,8,1,1.0,0.0,1,1.0,0.0
14619,<=1,1.0,1.0,1.0,1.0,1.0,1.0,1.0,1.0,9,0,0,9,9,36,36,6,6,1,1.0,0.0,1,1.0,0.0
14635,<=1,1.0,1.0,1.0,1.0,1.0,1.0,1.0,1.0,36,0,0,36,36,630,630,15,15,1,1.0,0.0,1,1.0,0.0
14644,<=1,1.0,1.0,1.0,1.0,1.0,1.0,1.0,1.0,9,0,0,9,9,36,36,6,6,1,1.0,0.0,1,1.0,0.0
14662,<=1,1.0,1.0,1.0,1.0,1.0,1.0,1.0,1.0,13,0,0,13,13,78,78,7,7,1,1.0,0.0,1,1.0,0.0
14676,<=1,1.0,1.0,1.0,1.0,1.0,1.0,1.0,1.0,23,0,0,23,23,253,253,12,12,1,1.0,0.0,1,1.0,0.0
14677,<=1,1.0,1.0,1.0,1.0,1.0,1.0,1.0,1.0,11,0,0,11,11,55,55,5,5,1,1.0,0.0,1,1.0,0.0
14683,<=1,1.0,1.0,1.0,1.0,1.0,1.0,1.0,1.0,12,0,0,12,12,66,66,5,5,1,1.0,0.0,1,1.0,0.0
14686,<=1,1.0,1.0,1.0,1.0,1.0,1.0,1.0,1.0,11,0,0,11,11,55,55,7,7,1,1.0,0.0,1,1.0,0.0
14691,<=1,1.0,1.0,1.0,1.0,1.0,1.0,1.0,1.0,2,0,0,2,2,1,1,3,3,1,1.0,0.0,1,1.0,0.0
14698,<=1,1.0,1.0,1.0,1.0,1.0,1.0,1.0,1.0,14,0,0,14,14,91,91,9,9,1,1.0,0.0,1,1.0,0.0
14707,<=1,1.0,1.0,1.0,1.0,1.0,1.0,1.0,1.0,1,0,0,1,1,0,0,2,2,1,1.0,0.0,1,1.0,0.0
14723,<=1,1.0,1.0,1.0,1.0,1.0,1.0,1.0,1.0,7,0,0,7,7,21,21,6,6,1,1.0,0.0,1,1.0,0.0
14726,<=1,1.0,1.0,1.0,1.0,1.0,1.0,1.0,1.0,19,0,0,19,19,171,171,6,6,1,1.0,0.0,1,1.0,0.0
14728,<=1,1.0,1.0,1.0,1.0,1.0,1.0,1.0,1.0,52,0,0,52,52,1326,1326,5,5,1,1.0,0.0,1,1.0,0.0
14736,<=1,1.0,1.0,1.0,1.0,1.0,1.0,1.0,1.0,14,0,0,14,14,91,91,8,8,1,1.0,0.0,1,1.0,0.0
14740,<=1,1.0,1.0,1.0,1.0,1.0,1.0,1.0,1.0,9,0,0,9,9,36,36,6,6,1,1.0,0.0,1,1.0,0.0
14743,<=1,1.0,1.0,1.0,1.0,1.0,1.0,1.0,1.0,12,0,0,12,12,66,66,7,7,1,1.0,0.0,1,1.0,0.0
14748,<=1,1.0,1.0,1.0,1.0,1.0,1.0,1.0,1.0,14,0,0,14,14,91,91,9,9,1,1.0,0.0,1,1.0,0.0
14750,<=1,1.0,1.0,1.0,1.0,1.0,1.0,1.0,1.0,4,0,0,4,4,6,6,5,5,1,1.0,0.0,1,1.0,0.0
14756,<=1,1.0,1.0,1.0,1.0,1.0,1.0,1.0,1.0,7,0,0,7,7,21,21,6,6,1,1.0,0.0,1,1.0,0.0
14759,<=1,1.0,1.0,1.0,1.0,1.0,1.0,1.0,1.0,8,0,0,8,8,28,28,3,3,1,1.0,0.0,1,1.0,0.0
14764,<=1,1.0,1.0,1.0,1.0,1.0,1.0,1.0,1.0,10,0,0,10,10,45,45,5,5,1,1.0,0.0,1,1.0,0.0
14766,<=1,1.0,1.0,1.0,1.0,1.0,1.0,1.0,1.0,3,0,0,3,3,3,3,4,4,1,1.0,0.0,1,1.0,0.0
14768,<=1,1.0,1.0,1.0,1.0,1.0,1.0,1.0,1.0,8,0,0,8,8,28,28,5,5,1,1.0,0.0,1,1.0,0.0
14769,<=1,1.0,1.0,1.0,1.0,1.0,1.0,1.0,1.0,8,0,0,8,8,28,28,3,3,1,1.0,0.0,1,1.0,0.0
14773,<=1,1.0,1.0,1.0,1.0,1.0,1.0,1.0,1.0,20,0,0,20,20,190,190,8,8,1,1.0,0.0,1,1.0,0.0
14783,<=1,1.0,1.0,1.0,1.0,1.0,1.0,1.0,1.0,6,0,0,6,6,15,15,3,3,1,1.0,0.0,1,1.0,0.0
14795,<=1,1.0,1.0,1.0,1.0,1.0,1.0,1.0,1.0,9,0,0,9,9,36,36,5,5,1,1.0,0.0,1,1.0,0.0
14798,<=1,1.0,1.0,1.0,1.0,1.0,1.0,1.0,1.0,98,0,0,98,98,4753,4753,5,5,1,1.0,0.0,1,1.0,0.0
14801,<=1,1.0,1.0,1.0,1.0,1.0,1.0,1.0,1.0,17,0,0,17,17,136,136,7,7,1,1.0,0.0,1,1.0,0.0
14804,<=1,1.0,1.0,1.0,1.0,1.0,1.0,1.0,1.0,9,0,0,9,9,36,36,8,8,1,1.0,0.0,1,1.0,0.0
14807,<=1,1.0,1.0,1.0,1.0,1.0,1.0,1.0,1.0,73,0,0,73,73,2628,2628,6,6,1,1.0,0.0,1,1.0,0.0
14812,<=1,1.0,1.0,1.0,1.0,1.0,1.0,1.0,1.0,17,0,0,17,17,136,136,11,11,1,1.0,0.0,1,1.0,0.0
14818,<=1,1.0,1.0,1.0,1.0,1.0,1.0,1.0,1.0,7,0,0,7,7,21,21,7,7,1,1.0,0.0,1,1.0,0.0
14820,<=1,1.0,1.0,1.0,1.0,1.0,1.0,1.0,1.0,9,0,0,9,9,36,36,6,6,1,1.0,0.0,1,1.0,0.0
14824,<=1,1.0,1.0,1.0,1.0,1.0,1.0,1.0,1.0,10,0,0,10,10,45,45,3,3,1,1.0,0.0,1,1.0,0.0
14844,<=1,1.0,1.0,1.0,1.0,1.0,1.0,1.0,1.0,4,0,0,4,4,6,6,4,4,1,1.0,0.0,1,1.0,0.0
14845,<=1,1.0,1.0,1.0,1.0,1.0,1.0,1.0,1.0,18,0,0,18,18,153,153,7,7,1,1.0,0.0,1,1.0,0.0
14849,<=1,1.0,1.0,1.0,1.0,1.0,1.0,1.0,1.0,49,0,0,49,49,1176,1176,7,7,1,1.0,0.0,1,1.0,0.0
14854,<=1,1.0,1.0,1.0,1.0,1.0,1.0,1.0,1.0,21,0,0,21,21,210,210,6,6,1,1.0,0.0,1,1.0,0.0
14855,<=1,1.0,1.0,1.0,1.0,1.0,1.0,1.0,1.0,7,0,0,7,7,21,21,4,4,1,1.0,0.0,1,1.0,0.0
14857,<=1,1.0,1.0,1.0,1.0,1.0,1.0,1.0,1.0,5,0,0,5,5,10,10,5,5,1,1.0,0.0,1,1.0,0.0
14861,<=1,1.0,1.0,1.0,1.0,1.0,1.0,1.0,1.0,13,0,0,13,13,78,78,5,5,1,1.0,0.0,1,1.0,0.0
14862,<=1,1.0,1.0,1.0,1.0,1.0,1.0,1.0,1.0,38,0,0,38,38,703,703,7,7,1,1.0,0.0,1,1.0,0.0
14864,<=1,1.0,1.0,1.0,1.0,1.0,1.0,1.0,1.0,20,0,0,20,20,190,190,10,10,1,1.0,0.0,1,1.0,0.0
14869,<=1,1.0,1.0,1.0,1.0,1.0,1.0,1.0,1.0,15,0,0,15,15,105,105,5,5,1,1.0,0.0,1,1.0,0.0
14870,<=1,1.0,1.0,1.0,1.0,1.0,1.0,1.0,1.0,152,0,0,152,152,11476,11476,10,10,1,1.0,0.0,1,1.0,0.0
14872,<=1,1.0,1.0,1.0,1.0,1.0,1.0,1.0,1.0,14,0,0,14,14,91,91,8,8,1,1.0,0.0,1,1.0,0.0
14874,<=1,1.0,1.0,1.0,1.0,1.0,1.0,1.0,1.0,6,0,0,6,6,15,15,5,5,1,1.0,0.0,1,1.0,0.0
14880,<=1,1.0,1.0,1.0,1.0,1.0,1.0,1.0,1.0,3,0,0,3,3,3,3,4,4,1,1.0,0.0,1,1.0,0.0
14892,<=1,1.0,1.0,1.0,1.0,1.0,1.0,1.0,1.0,6,0,0,6,6,15,15,6,6,1,1.0,0.0,1,1.0,0.0
14928,<=1,1.0,1.0,1.0,1.0,1.0,1.0,1.0,1.0,5,0,0,5,5,10,10,6,6,1,1.0,0.0,1,1.0,0.0
14938,<=1,1.0,1.0,1.0,1.0,1.0,1.0,1.0,1.0,103,0,0,103,103,5253,5253,9,9,1,1.0,0.0,1,1.0,0.0
14940,<=1,1.0,1.0,1.0,1.0,1.0,1.0,1.0,1.0,2,0,0,2,2,1,1,3,3,1,1.0,0.0,1,1.0,0.0
14941,<=1,1.0,1.0,1.0,1.0,1.0,1.0,1.0,1.0,3,0,0,3,3,3,3,4,4,1,1.0,0.0,1,1.0,0.0
14954,<=1,1.0,1.0,1.0,1.0,1.0,1.0,1.0,1.0,25,0,0,25,25,300,300,2,2,1,1.0,0.0,1,1.0,0.0
14961,<=1,1.0,1.0,1.0,1.0,1.0,1.0,1.0,1.0,2,0,0,2,2,1,1,3,3,1,1.0,0.0,1,1.0,0.0
14967,<=1,1.0,1.0,1.0,1.0,1.0,1.0,1.0,1.0,8,0,0,8,8,28,28,4,4,1,1.0,0.0,1,1.0,0.0
14969,<=1,1.0,1.0,1.0,1.0,1.0,1.0,1.0,1.0,5,0,0,5,5,10,10,6,6,1,1.0,0.0,1,1.0,0.0
14970,<=1,1.0,1.0,1.0,1.0,1.0,1.0,1.0,1.0,3,0,0,3,3,3,3,3,3,1,1.0,0.0,1,1.0,0.0
14974,<=1,1.0,1.0,1.0,1.0,1.0,1.0,1.0,1.0,4,0,0,4,4,6,6,4,4,1,1.0,0.0,1,1.0,0.0
14975,<=1,1.0,1.0,1.0,1.0,1.0,1.0,1.0,1.0,20,0,0,20,20,190,190,9,9,1,1.0,0.0,1,1.0,0.0
14986,<=1,1.0,1.0,1.0,1.0,1.0,1.0,1.0,1.0,4,0,0,4,4,6,6,3,3,1,1.0,0.0,1,1.0,0.0
14988,<=1,1.0,1.0,1.0,1.0,1.0,1.0,1.0,1.0,9,0,0,9,9,36,36,5,5,1,1.0,0.0,1,1.0,0.0
14990,<=1,1.0,1.0,1.0,1.0,1.0,1.0,1.0,1.0,10,0,0,10,10,45,45,8,8,1,1.0,0.0,1,1.0,0.0
14998,<=1,1.0,1.0,1.0,1.0,1.0,1.0,1.0,1.0,6,0,0,6,6,15,15,4,4,1,1.0,0.0,1,1.0,0.0
15002,<=1,1.0,1.0,1.0,1.0,1.0,1.0,1.0,1.0,4,0,0,4,4,6,6,5,5,1,1.0,0.0,1,1.0,0.0
15006,<=1,1.0,1.0,1.0,1.0,1.0,1.0,1.0,1.0,21,0,0,21,21,210,210,7,7,1,1.0,0.0,1,1.0,0.0
15008,<=1,1.0,1.0,1.0,1.0,1.0,1.0,1.0,1.0,9,0,0,9,9,36,36,7,7,1,1.0,0.0,1,1.0,0.0
15011,<=1,1.0,1.0,1.0,1.0,1.0,1.0,1.0,1.0,8,0,0,8,8,28,28,5,5,1,1.0,0.0,1,1.0,0.0
15016,<=1,1.0,1.0,1.0,1.0,1.0,1.0,1.0,1.0,1,0,0,1,1,0,0,2,2,1,1.0,0.0,1,1.0,0.0
15017,<=1,1.0,1.0,1.0,1.0,1.0,1.0,1.0,1.0,8,0,0,8,8,28,28,7,7,1,1.0,0.0,1,1.0,0.0
15032,<=1,1.0,1.0,1.0,1.0,1.0,1.0,1.0,1.0,7,0,0,7,7,21,21,7,7,1,1.0,0.0,1,1.0,0.0
15036,<=1,1.0,1.0,1.0,1.0,1.0,1.0,1.0,1.0,6,0,0,6,6,15,15,4,4,1,1.0,0.0,1,1.0,0.0
15049,<=1,1.0,1.0,1.0,1.0,1.0,1.0,1.0,1.0,13,0,0,13,13,78,78,3,3,1,1.0,0.0,1,1.0,0.0
15050,<=1,1.0,1.0,1.0,1.0,1.0,1.0,1.0,1.0,8,0,0,8,8,28,28,3,3,1,1.0,0.0,1,1.0,0.0
15055,<=1,1.0,1.0,1.0,1.0,1.0,1.0,1.0,1.0,4,0,0,4,4,6,6,4,4,1,1.0,0.0,1,1.0,0.0
15062,<=1,1.0,1.0,1.0,1.0,1.0,1.0,1.0,1.0,7,0,0,7,7,21,21,6,6,1,1.0,0.0,1,1.0,0.0
15069,<=1,1.0,1.0,1.0,1.0,1.0,1.0,1.0,1.0,17,0,0,17,17,136,136,7,7,1,1.0,0.0,1,1.0,0.0
15070,<=1,1.0,1.0,1.0,1.0,1.0,1.0,1.0,1.0,10,0,0,10,10,45,45,6,6,1,1.0,0.0,1,1.0,0.0
15071,<=1,1.0,1.0,1.0,1.0,1.0,1.0,1.0,1.0,11,0,0,11,11,55,55,8,8,1,1.0,0.0,1,1.0,0.0
15073,<=1,1.0,1.0,1.0,1.0,1.0,1.0,1.0,1.0,6,0,0,6,6,15,15,3,3,1,1.0,0.0,1,1.0,0.0
15074,<=1,1.0,1.0,1.0,1.0,1.0,1.0,1.0,1.0,11,0,0,11,11,55,55,7,7,1,1.0,0.0,1,1.0,0.0
15085,<=1,1.0,1.0,1.0,1.0,1.0,1.0,1.0,1.0,39,0,0,39,39,741,741,9,9,1,1.0,0.0,1,1.0,0.0
15097,<=1,1.0,1.0,1.0,1.0,1.0,1.0,1.0,1.0,28,0,0,28,28,378,378,9,9,1,1.0,0.0,1,1.0,0.0
15107,<=1,1.0,1.0,1.0,1.0,1.0,1.0,1.0,1.0,19,0,0,19,19,171,171,9,9,1,1.0,0.0,1,1.0,0.0
15109,<=1,1.0,1.0,1.0,1.0,1.0,1.0,1.0,1.0,10,0,0,10,10,45,45,8,8,1,1.0,0.0,1,1.0,0.0
15110,<=1,1.0,1.0,1.0,1.0,1.0,1.0,1.0,1.0,33,0,0,33,33,528,528,14,14,1,1.0,0.0,1,1.0,0.0
15112,<=1,1.0,1.0,1.0,1.0,1.0,1.0,1.0,1.0,6,0,0,6,6,15,15,5,5,1,1.0,0.0,1,1.0,0.0
15113,<=1,1.0,1.0,1.0,1.0,1.0,1.0,1.0,1.0,18,0,0,18,18,153,153,5,5,1,1.0,0.0,1,1.0,0.0
15117,<=1,1.0,1.0,1.0,1.0,1.0,1.0,1.0,1.0,19,0,0,19,19,171,171,9,9,1,1.0,0.0,1,1.0,0.0
15126,<=1,1.0,1.0,1.0,1.0,1.0,1.0,1.0,1.0,4,0,0,4,4,6,6,4,4,1,1.0,0.0,1,1.0,0.0
15140,<=1,1.0,1.0,1.0,1.0,1.0,1.0,1.0,1.0,13,0,0,13,13,78,78,8,8,1,1.0,0.0,1,1.0,0.0
15148,<=1,1.0,1.0,1.0,1.0,1.0,1.0,1.0,1.0,17,0,0,17,17,136,136,9,9,1,1.0,0.0,1,1.0,0.0
15153,<=1,1.0,1.0,1.0,1.0,1.0,1.0,1.0,1.0,14,0,0,14,14,91,91,8,8,1,1.0,0.0,1,1.0,0.0
15155,<=1,1.0,1.0,1.0,1.0,1.0,1.0,1.0,1.0,9,0,0,9,9,36,36,7,7,1,1.0,0.0,1,1.0,0.0
15165,<=1,1.0,1.0,1.0,1.0,1.0,1.0,1.0,1.0,20,0,0,20,20,190,190,14,14,1,1.0,0.0,1,1.0,0.0
15175,<=1,1.0,1.0,1.0,1.0,1.0,1.0,1.0,1.0,7,0,0,7,7,21,21,5,5,1,1.0,0.0,1,1.0,0.0
15179,<=1,1.0,1.0,1.0,1.0,1.0,1.0,1.0,1.0,9,0,0,9,9,36,36,7,7,1,1.0,0.0,1,1.0,0.0
15183,<=1,1.0,1.0,1.0,1.0,1.0,1.0,1.0,1.0,16,0,0,16,16,120,120,7,7,1,1.0,0.0,1,1.0,0.0
15185,<=1,1.0,1.0,1.0,1.0,1.0,1.0,1.0,1.0,5,0,0,5,5,10,10,6,6,1,1.0,0.0,1,1.0,0.0
15195,<=1,1.0,1.0,1.0,1.0,1.0,1.0,1.0,1.0,6,0,0,6,6,15,15,5,5,1,1.0,0.0,1,1.0,0.0
15197,<=1,1.0,1.0,1.0,1.0,1.0,1.0,1.0,1.0,15,0,0,15,15,105,105,12,12,1,1.0,0.0,1,1.0,0.0
15198,<=1,1.0,1.0,1.0,1.0,1.0,1.0,1.0,1.0,13,0,0,13,13,78,78,8,8,1,1.0,0.0,1,1.0,0.0
15203,<=1,1.0,1.0,1.0,1.0,1.0,1.0,1.0,1.0,2,0,0,2,2,1,1,3,3,1,1.0,0.0,1,1.0,0.0
15219,<=1,1.0,1.0,1.0,1.0,1.0,1.0,1.0,1.0,38,0,0,38,38,703,703,14,14,1,1.0,0.0,1,1.0,0.0
15249,<=1,1.0,1.0,1.0,1.0,1.0,1.0,1.0,1.0,10,0,0,10,10,45,45,9,9,1,1.0,0.0,1,1.0,0.0
15257,<=1,1.0,1.0,1.0,1.0,1.0,1.0,1.0,1.0,5,0,0,5,5,10,10,4,4,1,1.0,0.0,1,1.0,0.0
15259,<=1,1.0,1.0,1.0,1.0,1.0,1.0,1.0,1.0,8,0,0,8,8,28,28,7,7,1,1.0,0.0,1,1.0,0.0
15262,<=1,1.0,1.0,1.0,1.0,1.0,1.0,1.0,1.0,8,0,0,8,8,28,28,7,7,1,1.0,0.0,1,1.0,0.0
15266,<=1,1.0,1.0,1.0,1.0,1.0,1.0,1.0,1.0,12,0,0,12,12,66,66,10,10,1,1.0,0.0,1,1.0,0.0
15267,<=1,1.0,1.0,1.0,1.0,1.0,1.0,1.0,1.0,8,0,0,8,8,28,28,4,4,1,1.0,0.0,1,1.0,0.0
15268,<=1,1.0,1.0,1.0,1.0,1.0,1.0,1.0,1.0,17,0,0,17,17,136,136,9,9,1,1.0,0.0,1,1.0,0.0
15269,<=1,1.0,1.0,1.0,1.0,1.0,1.0,1.0,1.0,26,0,0,26,26,325,325,9,9,1,1.0,0.0,1,1.0,0.0
15273,<=1,1.0,1.0,1.0,1.0,1.0,1.0,1.0,1.0,18,0,0,18,18,153,153,10,10,1,1.0,0.0,1,1.0,0.0
15274,<=1,1.0,1.0,1.0,1.0,1.0,1.0,1.0,1.0,59,0,0,59,59,1711,1711,6,6,1,1.0,0.0,1,1.0,0.0
15276,<=1,1.0,1.0,1.0,1.0,1.0,1.0,1.0,1.0,17,0,0,17,17,136,136,10,10,1,1.0,0.0,1,1.0,0.0
15286,<=1,1.0,1.0,1.0,1.0,1.0,1.0,1.0,1.0,15,0,0,15,15,105,105,8,8,1,1.0,0.0,1,1.0,0.0
15297,<=1,1.0,1.0,1.0,1.0,1.0,1.0,1.0,1.0,11,0,0,11,11,55,55,5,5,1,1.0,0.0,1,1.0,0.0
15301,<=1,1.0,1.0,1.0,1.0,1.0,1.0,1.0,1.0,15,0,0,15,15,105,105,7,7,1,1.0,0.0,1,1.0,0.0
15302,<=1,1.0,1.0,1.0,1.0,1.0,1.0,1.0,1.0,28,0,0,28,28,378,378,9,9,1,1.0,0.0,1,1.0,0.0
15303,<=1,1.0,1.0,1.0,1.0,1.0,1.0,1.0,1.0,4,0,0,4,4,6,6,4,4,1,1.0,0.0,1,1.0,0.0
15307,<=1,1.0,1.0,1.0,1.0,1.0,1.0,1.0,1.0,4,0,0,4,4,6,6,4,4,1,1.0,0.0,1,1.0,0.0
15311,<=1,1.0,1.0,1.0,1.0,1.0,1.0,1.0,1.0,2,0,0,2,2,1,1,3,3,1,1.0,0.0,1,1.0,0.0
15329,<=1,1.0,1.0,1.0,1.0,1.0,1.0,1.0,1.0,10,0,0,10,10,45,45,8,8,1,1.0,0.0,1,1.0,0.0
15345,<=1,1.0,1.0,1.0,1.0,1.0,1.0,1.0,1.0,30,0,0,30,30,435,435,12,12,1,1.0,0.0,1,1.0,0.0
15347,<=1,1.0,1.0,1.0,1.0,1.0,1.0,1.0,1.0,12,0,0,12,12,66,66,5,5,1,1.0,0.0,1,1.0,0.0
15356,<=1,1.0,1.0,1.0,1.0,1.0,1.0,1.0,1.0,4,0,0,4,4,6,6,5,5,1,1.0,0.0,1,1.0,0.0
15366,<=1,1.0,1.0,1.0,1.0,1.0,1.0,1.0,1.0,4,0,0,4,4,6,6,4,4,1,1.0,0.0,1,1.0,0.0
15379,<=1,1.0,1.0,1.0,1.0,1.0,1.0,1.0,1.0,25,0,0,25,25,300,300,5,5,1,1.0,0.0,1,1.0,0.0
15382,<=1,1.0,1.0,1.0,1.0,1.0,1.0,1.0,1.0,5,0,0,5,5,10,10,4,4,1,1.0,0.0,1,1.0,0.0
15386,<=1,1.0,1.0,1.0,1.0,1.0,1.0,1.0,1.0,32,0,0,32,32,496,496,12,12,1,1.0,0.0,1,1.0,0.0
15391,<=1,1.0,1.0,1.0,1.0,1.0,1.0,1.0,1.0,4,0,0,4,4,6,6,5,5,1,1.0,0.0,1,1.0,0.0
15392,<=1,1.0,1.0,1.0,1.0,1.0,1.0,1.0,1.0,12,0,0,12,12,66,66,6,6,1,1.0,0.0,1,1.0,0.0
15399,<=1,1.0,1.0,1.0,1.0,1.0,1.0,1.0,1.0,16,0,0,16,16,120,120,10,10,1,1.0,0.0,1,1.0,0.0
15404,<=1,1.0,1.0,1.0,1.0,1.0,1.0,1.0,1.0,9,0,0,9,9,36,36,7,7,1,1.0,0.0,1,1.0,0.0
15409,<=1,1.0,1.0,1.0,1.0,1.0,1.0,1.0,1.0,24,0,0,24,24,276,276,11,11,1,1.0,0.0,1,1.0,0.0
15451,<=1,1.0,1.0,1.0,1.0,1.0,1.0,1.0,1.0,40,0,0,40,40,780,780,11,11,1,1.0,0.0,1,1.0,0.0
15468,<=1,1.0,1.0,1.0,1.0,1.0,1.0,1.0,1.0,17,0,0,17,17,136,136,12,12,1,1.0,0.0,1,1.0,0.0
15469,<=1,1.0,1.0,1.0,1.0,1.0,1.0,1.0,1.0,31,0,0,31,31,465,465,8,8,1,1.0,0.0,1,1.0,0.0
15472,<=1,1.0,1.0,1.0,1.0,1.0,1.0,1.0,1.0,23,0,0,23,23,253,253,8,8,1,1.0,0.0,1,1.0,0.0
15474,<=1,1.0,1.0,1.0,1.0,1.0,1.0,1.0,1.0,18,0,0,18,18,153,153,8,8,1,1.0,0.0,1,1.0,0.0
15485,<=1,1.0,1.0,1.0,1.0,1.0,1.0,1.0,1.0,23,0,0,23,23,253,253,13,13,1,1.0,0.0,1,1.0,0.0
15486,<=1,1.0,1.0,1.0,1.0,1.0,1.0,1.0,1.0,72,0,0,72,72,2556,2556,11,11,1,1.0,0.0,1,1.0,0.0
15496,<=1,1.0,1.0,1.0,1.0,1.0,1.0,1.0,1.0,11,0,0,11,11,55,55,8,8,1,1.0,0.0,1,1.0,0.0
15514,<=1,1.0,1.0,1.0,1.0,1.0,1.0,1.0,1.0,14,0,0,14,14,91,91,7,7,1,1.0,0.0,1,1.0,0.0
15524,<=1,1.0,1.0,1.0,1.0,1.0,1.0,1.0,1.0,19,0,0,19,19,171,171,11,11,1,1.0,0.0,1,1.0,0.0
15525,<=1,1.0,1.0,1.0,1.0,1.0,1.0,1.0,1.0,10,0,0,10,10,45,45,5,5,1,1.0,0.0,1,1.0,0.0
15528,<=1,1.0,1.0,1.0,1.0,1.0,1.0,1.0,1.0,3,0,0,3,3,3,3,3,3,1,1.0,0.0,1,1.0,0.0
15546,<=1,1.0,1.0,1.0,1.0,1.0,1.0,1.0,1.0,6,0,0,6,6,15,15,7,7,1,1.0,0.0,1,1.0,0.0
15558,<=1,1.0,1.0,1.0,1.0,1.0,1.0,1.0,1.0,6,0,0,6,6,15,15,5,5,1,1.0,0.0,1,1.0,0.0
15564,<=1,1.0,1.0,1.0,1.0,1.0,1.0,1.0,1.0,49,0,0,49,49,1176,1176,8,8,1,1.0,0.0,1,1.0,0.0
15565,<=1,1.0,1.0,1.0,1.0,1.0,1.0,1.0,1.0,5,0,0,5,5,10,10,4,4,1,1.0,0.0,1,1.0,0.0
15569,<=1,1.0,1.0,1.0,1.0,1.0,1.0,1.0,1.0,8,0,0,8,8,28,28,9,9,1,1.0,0.0,1,1.0,0.0
15576,<=1,1.0,1.0,1.0,1.0,1.0,1.0,1.0,1.0,5,0,0,5,5,10,10,5,5,1,1.0,0.0,1,1.0,0.0
15581,<=1,1.0,1.0,1.0,1.0,1.0,1.0,1.0,1.0,2,0,0,2,2,1,1,3,3,1,1.0,0.0,1,1.0,0.0
15586,<=1,1.0,1.0,1.0,1.0,1.0,1.0,1.0,1.0,12,0,0,12,12,66,66,8,8,1,1.0,0.0,1,1.0,0.0
15595,<=1,1.0,1.0,1.0,1.0,1.0,1.0,1.0,1.0,9,0,0,9,9,36,36,7,7,1,1.0,0.0,1,1.0,0.0
15599,<=1,1.0,1.0,1.0,1.0,1.0,1.0,1.0,1.0,14,0,0,14,14,91,91,6,6,1,1.0,0.0,1,1.0,0.0
15600,<=1,1.0,1.0,1.0,1.0,1.0,1.0,1.0,1.0,18,0,0,18,18,153,153,9,9,1,1.0,0.0,1,1.0,0.0
15610,<=1,1.0,1.0,1.0,1.0,1.0,1.0,1.0,1.0,13,0,0,13,13,78,78,8,8,1,1.0,0.0,1,1.0,0.0
15614,<=1,1.0,1.0,1.0,1.0,1.0,1.0,1.0,1.0,7,0,0,7,7,21,21,5,5,1,1.0,0.0,1,1.0,0.0
15617,<=1,1.0,1.0,1.0,1.0,1.0,1.0,1.0,1.0,10,0,0,10,10,45,45,6,6,1,1.0,0.0,1,1.0,0.0
15618,<=1,1.0,1.0,1.0,1.0,1.0,1.0,1.0,1.0,1,0,0,1,1,0,0,2,2,1,1.0,0.0,1,1.0,0.0
15619,<=1,1.0,1.0,1.0,1.0,1.0,1.0,1.0,1.0,14,0,0,14,14,91,91,3,3,1,1.0,0.0,1,1.0,0.0
15621,<=1,1.0,1.0,1.0,1.0,1.0,1.0,1.0,1.0,28,0,0,28,28,378,378,10,10,1,1.0,0.0,1,1.0,0.0
15644,<=1,1.0,1.0,1.0,1.0,1.0,1.0,1.0,1.0,28,0,0,28,28,378,378,9,9,1,1.0,0.0,1,1.0,0.0
15645,<=1,1.0,1.0,1.0,1.0,1.0,1.0,1.0,1.0,6,0,0,6,6,15,15,6,6,1,1.0,0.0,1,1.0,0.0
15652,<=1,1.0,1.0,1.0,1.0,1.0,1.0,1.0,1.0,12,0,0,12,12,66,66,7,7,1,1.0,0.0,1,1.0,0.0
15653,<=1,1.0,1.0,1.0,1.0,1.0,1.0,1.0,1.0,27,0,0,27,27,351,351,11,11,1,1.0,0.0,1,1.0,0.0
15658,<=1,1.0,1.0,1.0,1.0,1.0,1.0,1.0,1.0,9,0,0,9,9,36,36,7,7,1,1.0,0.0,1,1.0,0.0
15667,<=1,1.0,1.0,1.0,1.0,1.0,1.0,1.0,1.0,18,0,0,18,18,153,153,10,10,1,1.0,0.0,1,1.0,0.0
15681,<=1,1.0,1.0,1.0,1.0,1.0,1.0,1.0,1.0,29,0,0,29,29,406,406,4,4,1,1.0,0.0,1,1.0,0.0
15684,<=1,1.0,1.0,1.0,1.0,1.0,1.0,1.0,1.0,11,0,0,11,11,55,55,9,9,1,1.0,0.0,1,1.0,0.0
15687,<=1,1.0,1.0,1.0,1.0,1.0,1.0,1.0,1.0,9,0,0,9,9,36,36,7,7,1,1.0,0.0,1,1.0,0.0
15690,<=1,1.0,1.0,1.0,1.0,1.0,1.0,1.0,1.0,11,0,0,11,11,55,55,7,7,1,1.0,0.0,1,1.0,0.0
15693,<=1,1.0,1.0,1.0,1.0,1.0,1.0,1.0,1.0,9,0,0,9,9,36,36,7,7,1,1.0,0.0,1,1.0,0.0
15704,<=1,1.0,1.0,1.0,1.0,1.0,1.0,1.0,1.0,27,0,0,27,27,351,351,11,11,1,1.0,0.0,1,1.0,0.0
15709,<=1,1.0,1.0,1.0,1.0,1.0,1.0,1.0,1.0,17,0,0,17,17,136,136,6,6,1,1.0,0.0,1,1.0,0.0
15725,<=1,1.0,1.0,1.0,1.0,1.0,1.0,1.0,1.0,11,0,0,11,11,55,55,10,10,1,1.0,0.0,1,1.0,0.0
15726,<=1,1.0,1.0,1.0,1.0,1.0,1.0,1.0,1.0,12,0,0,12,12,66,66,10,10,1,1.0,0.0,1,1.0,0.0
15733,<=1,1.0,1.0,1.0,1.0,1.0,1.0,1.0,1.0,3,0,0,3,3,3,3,3,3,1,1.0,0.0,1,1.0,0.0
15735,<=1,1.0,1.0,1.0,1.0,1.0,1.0,1.0,1.0,5,0,0,5,5,10,10,3,3,1,1.0,0.0,1,1.0,0.0
15744,<=1,1.0,1.0,1.0,1.0,1.0,1.0,1.0,1.0,15,0,0,15,15,105,105,6,6,1,1.0,0.0,1,1.0,0.0
15745,<=1,1.0,1.0,1.0,1.0,1.0,1.0,1.0,1.0,5,0,0,5,5,10,10,4,4,1,1.0,0.0,1,1.0,0.0
15750,<=1,1.0,1.0,1.0,1.0,1.0,1.0,1.0,1.0,41,0,0,41,41,820,820,6,6,1,1.0,0.0,1,1.0,0.0
15759,<=1,1.0,1.0,1.0,1.0,1.0,1.0,1.0,1.0,71,0,0,71,71,2485,2485,3,3,1,1.0,0.0,1,1.0,0.0
15764,<=1,1.0,1.0,1.0,1.0,1.0,1.0,1.0,1.0,10,0,0,10,10,45,45,6,6,1,1.0,0.0,1,1.0,0.0
15772,<=1,1.0,1.0,1.0,1.0,1.0,1.0,1.0,1.0,12,0,0,12,12,66,66,7,7,1,1.0,0.0,1,1.0,0.0
15778,<=1,1.0,1.0,1.0,1.0,1.0,1.0,1.0,1.0,8,0,0,8,8,28,28,5,5,1,1.0,0.0,1,1.0,0.0
15792,<=1,1.0,1.0,1.0,1.0,1.0,1.0,1.0,1.0,3,0,0,3,3,3,3,4,4,1,1.0,0.0,1,1.0,0.0
15794,<=1,1.0,1.0,1.0,1.0,1.0,1.0,1.0,1.0,64,0,0,64,64,2016,2016,13,13,1,1.0,0.0,1,1.0,0.0
15797,<=1,1.0,1.0,1.0,1.0,1.0,1.0,1.0,1.0,3,0,0,3,3,3,3,3,3,1,1.0,0.0,1,1.0,0.0
15802,<=1,1.0,1.0,1.0,1.0,1.0,1.0,1.0,1.0,13,0,0,13,13,78,78,7,7,1,1.0,0.0,1,1.0,0.0
15809,<=1,1.0,1.0,1.0,1.0,1.0,1.0,1.0,1.0,1,0,0,1,1,0,0,2,2,1,1.0,0.0,1,1.0,0.0
15810,<=1,1.0,1.0,1.0,1.0,1.0,1.0,1.0,1.0,23,0,0,23,23,253,253,10,10,1,1.0,0.0,1,1.0,0.0
15811,<=1,1.0,1.0,1.0,1.0,1.0,1.0,1.0,1.0,2,0,0,2,2,1,1,3,3,1,1.0,0.0,1,1.0,0.0
15816,<=1,1.0,1.0,1.0,1.0,1.0,1.0,1.0,1.0,5,0,0,5,5,10,10,5,5,1,1.0,0.0,1,1.0,0.0
15818,<=1,1.0,1.0,1.0,1.0,1.0,1.0,1.0,1.0,4,0,0,4,4,6,6,5,5,1,1.0,0.0,1,1.0,0.0
15823,<=1,1.0,1.0,1.0,1.0,1.0,1.0,1.0,1.0,4,0,0,4,4,6,6,5,5,1,1.0,0.0,1,1.0,0.0
15826,<=1,1.0,1.0,1.0,1.0,1.0,1.0,1.0,1.0,20,0,0,20,20,190,190,6,6,1,1.0,0.0,1,1.0,0.0
15830,<=1,1.0,1.0,1.0,1.0,1.0,1.0,1.0,1.0,5,0,0,5,5,10,10,5,5,1,1.0,0.0,1,1.0,0.0
15839,<=1,1.0,1.0,1.0,1.0,1.0,1.0,1.0,1.0,40,0,0,40,40,780,780,10,10,1,1.0,0.0,1,1.0,0.0
15846,<=1,1.0,1.0,1.0,1.0,1.0,1.0,1.0,1.0,6,0,0,6,6,15,15,6,6,1,1.0,0.0,1,1.0,0.0
15850,<=1,1.0,1.0,1.0,1.0,1.0,1.0,1.0,1.0,29,0,0,29,29,406,406,5,5,1,1.0,0.0,1,1.0,0.0
15859,<=1,1.0,1.0,1.0,1.0,1.0,1.0,1.0,1.0,24,0,0,24,24,276,276,10,10,1,1.0,0.0,1,1.0,0.0
15870,<=1,1.0,1.0,1.0,1.0,1.0,1.0,1.0,1.0,11,0,0,11,11,55,55,8,8,1,1.0,0.0,1,1.0,0.0
15876,<=1,1.0,1.0,1.0,1.0,1.0,1.0,1.0,1.0,13,0,0,13,13,78,78,7,7,1,1.0,0.0,1,1.0,0.0
15881,<=1,1.0,1.0,1.0,1.0,1.0,1.0,1.0,1.0,16,0,0,16,16,120,120,5,5,1,1.0,0.0,1,1.0,0.0
15883,<=1,1.0,1.0,1.0,1.0,1.0,1.0,1.0,1.0,17,0,0,17,17,136,136,8,8,1,1.0,0.0,1,1.0,0.0
15895,<=1,1.0,1.0,1.0,1.0,1.0,1.0,1.0,1.0,14,0,0,14,14,91,91,8,8,1,1.0,0.0,1,1.0,0.0
15906,<=1,1.0,1.0,1.0,1.0,1.0,1.0,1.0,1.0,11,0,0,11,11,55,55,6,6,1,1.0,0.0,1,1.0,0.0
15918,<=1,1.0,1.0,1.0,1.0,1.0,1.0,1.0,1.0,8,0,0,8,8,28,28,6,6,1,1.0,0.0,1,1.0,0.0
15927,<=1,1.0,1.0,1.0,1.0,1.0,1.0,1.0,1.0,3,0,0,3,3,3,3,4,4,1,1.0,0.0,1,1.0,0.0
15944,<=1,1.0,1.0,1.0,1.0,1.0,1.0,1.0,1.0,8,0,0,8,8,28,28,7,7,1,1.0,0.0,1,1.0,0.0
15947,<=1,1.0,1.0,1.0,1.0,1.0,1.0,1.0,1.0,27,0,0,27,27,351,351,14,14,1,1.0,0.0,1,1.0,0.0
15952,<=1,1.0,1.0,1.0,1.0,1.0,1.0,1.0,1.0,7,0,0,7,7,21,21,6,6,1,1.0,0.0,1,1.0,0.0
15954,<=1,1.0,1.0,1.0,1.0,1.0,1.0,1.0,1.0,25,0,0,25,25,300,300,8,8,1,1.0,0.0,1,1.0,0.0
15963,<=1,1.0,1.0,1.0,1.0,1.0,1.0,1.0,1.0,7,0,0,7,7,21,21,5,5,1,1.0,0.0,1,1.0,0.0
15976,<=1,1.0,1.0,1.0,1.0,1.0,1.0,1.0,1.0,54,0,0,54,54,1431,1431,13,13,1,1.0,0.0,1,1.0,0.0
15978,<=1,1.0,1.0,1.0,1.0,1.0,1.0,1.0,1.0,7,0,0,7,7,21,21,6,6,1,1.0,0.0,1,1.0,0.0
15984,<=1,1.0,1.0,1.0,1.0,1.0,1.0,1.0,1.0,12,0,0,12,12,66,66,4,4,1,1.0,0.0,1,1.0,0.0
15986,<=1,1.0,1.0,1.0,1.0,1.0,1.0,1.0,1.0,2,0,0,2,2,1,1,3,3,1,1.0,0.0,1,1.0,0.0
15987,<=1,1.0,1.0,1.0,1.0,1.0,1.0,1.0,1.0,10,0,0,10,10,45,45,6,6,1,1.0,0.0,1,1.0,0.0
15994,<=1,1.0,1.0,1.0,1.0,1.0,1.0,1.0,1.0,5,0,0,5,5,10,10,5,5,1,1.0,0.0,1,1.0,0.0
16005,<=1,1.0,1.0,1.0,1.0,1.0,1.0,1.0,1.0,23,0,0,23,23,253,253,12,12,1,1.0,0.0,1,1.0,0.0
16015,<=1,1.0,1.0,1.0,1.0,1.0,1.0,1.0,1.0,37,0,0,37,37,666,666,10,10,1,1.0,0.0,1,1.0,0.0
16025,<=1,1.0,1.0,1.0,1.0,1.0,1.0,1.0,1.0,5,0,0,5,5,10,10,6,6,1,1.0,0.0,1,1.0,0.0
16027,<=1,1.0,1.0,1.0,1.0,1.0,1.0,1.0,1.0,6,0,0,6,6,15,15,5,5,1,1.0,0.0,1,1.0,0.0
16032,<=1,1.0,1.0,1.0,1.0,1.0,1.0,1.0,1.0,17,0,0,17,17,136,136,6,6,1,1.0,0.0,1,1.0,0.0
16037,<=1,1.0,1.0,1.0,1.0,1.0,1.0,1.0,1.0,33,0,0,33,33,528,528,13,13,1,1.0,0.0,1,1.0,0.0
16038,<=1,1.0,1.0,1.0,1.0,1.0,1.0,1.0,1.0,18,0,0,18,18,153,153,11,11,1,1.0,0.0,1,1.0,0.0
16063,<=1,1.0,1.0,1.0,1.0,1.0,1.0,1.0,1.0,16,0,0,16,16,120,120,7,7,1,1.0,0.0,1,1.0,0.0
16064,<=1,1.0,1.0,1.0,1.0,1.0,1.0,1.0,1.0,35,0,0,35,35,595,595,6,6,1,1.0,0.0,1,1.0,0.0
16069,<=1,1.0,1.0,1.0,1.0,1.0,1.0,1.0,1.0,13,0,0,13,13,78,78,9,9,1,1.0,0.0,1,1.0,0.0
16071,<=1,1.0,1.0,1.0,1.0,1.0,1.0,1.0,1.0,4,0,0,4,4,6,6,5,5,1,1.0,0.0,1,1.0,0.0
16072,<=1,1.0,1.0,1.0,1.0,1.0,1.0,1.0,1.0,18,0,0,18,18,153,153,9,9,1,1.0,0.0,1,1.0,0.0
16076,<=1,1.0,1.0,1.0,1.0,1.0,1.0,1.0,1.0,32,0,0,32,32,496,496,13,13,1,1.0,0.0,1,1.0,0.0
16080,<=1,1.0,1.0,1.0,1.0,1.0,1.0,1.0,1.0,10,0,0,10,10,45,45,8,8,1,1.0,0.0,1,1.0,0.0
16082,<=1,1.0,1.0,1.0,1.0,1.0,1.0,1.0,1.0,5,0,0,5,5,10,10,6,6,1,1.0,0.0,1,1.0,0.0
16084,<=1,1.0,1.0,1.0,1.0,1.0,1.0,1.0,1.0,23,0,0,23,23,253,253,11,11,1,1.0,0.0,1,1.0,0.0
16089,<=1,1.0,1.0,1.0,1.0,1.0,1.0,1.0,1.0,10,0,0,10,10,45,45,8,8,1,1.0,0.0,1,1.0,0.0
16098,<=1,1.0,1.0,1.0,1.0,1.0,1.0,1.0,1.0,4,0,0,4,4,6,6,5,5,1,1.0,0.0,1,1.0,0.0
16099,<=1,1.0,1.0,1.0,1.0,1.0,1.0,1.0,1.0,7,0,0,7,7,21,21,6,6,1,1.0,0.0,1,1.0,0.0
16101,<=1,1.0,1.0,1.0,1.0,1.0,1.0,1.0,1.0,6,0,0,6,6,15,15,6,6,1,1.0,0.0,1,1.0,0.0
16111,<=1,1.0,1.0,1.0,1.0,1.0,1.0,1.0,1.0,12,0,0,12,12,66,66,4,4,1,1.0,0.0,1,1.0,0.0
16112,<=1,1.0,1.0,1.0,1.0,1.0,1.0,1.0,1.0,14,0,0,14,14,91,91,9,9,1,1.0,0.0,1,1.0,0.0
16114,<=1,1.0,1.0,1.0,1.0,1.0,1.0,1.0,1.0,16,0,0,16,16,120,120,7,7,1,1.0,0.0,1,1.0,0.0
16119,<=1,1.0,1.0,1.0,1.0,1.0,1.0,1.0,1.0,3,0,0,3,3,3,3,4,4,1,1.0,0.0,1,1.0,0.0
16123,<=1,1.0,1.0,1.0,1.0,1.0,1.0,1.0,1.0,76,0,0,76,76,2850,2850,6,6,1,1.0,0.0,1,1.0,0.0
16125,<=1,1.0,1.0,1.0,1.0,1.0,1.0,1.0,1.0,41,0,0,41,41,820,820,11,11,1,1.0,0.0,1,1.0,0.0
16142,<=1,1.0,1.0,1.0,1.0,1.0,1.0,1.0,1.0,2,0,0,2,2,1,1,3,3,1,1.0,0.0,1,1.0,0.0
16161,<=1,1.0,1.0,1.0,1.0,1.0,1.0,1.0,1.0,9,0,0,9,9,36,36,4,4,1,1.0,0.0,1,1.0,0.0
16164,<=1,1.0,1.0,1.0,1.0,1.0,1.0,1.0,1.0,9,0,0,9,9,36,36,6,6,1,1.0,0.0,1,1.0,0.0
16166,<=1,1.0,1.0,1.0,1.0,1.0,1.0,1.0,1.0,10,0,0,10,10,45,45,7,7,1,1.0,0.0,1,1.0,0.0
16173,<=1,1.0,1.0,1.0,1.0,1.0,1.0,1.0,1.0,11,0,0,11,11,55,55,8,8,1,1.0,0.0,1,1.0,0.0
16180,<=1,1.0,1.0,1.0,1.0,1.0,1.0,1.0,1.0,15,0,0,15,15,105,105,5,5,1,1.0,0.0,1,1.0,0.0
16183,<=1,1.0,1.0,1.0,1.0,1.0,1.0,1.0,1.0,21,0,0,21,21,210,210,10,10,1,1.0,0.0,1,1.0,0.0
16188,<=1,1.0,1.0,1.0,1.0,1.0,1.0,1.0,1.0,6,0,0,6,6,15,15,6,6,1,1.0,0.0,1,1.0,0.0
16193,<=1,1.0,1.0,1.0,1.0,1.0,1.0,1.0,1.0,8,0,0,8,8,28,28,6,6,1,1.0,0.0,1,1.0,0.0
16206,<=1,1.0,1.0,1.0,1.0,1.0,1.0,1.0,1.0,24,0,0,24,24,276,276,8,8,1,1.0,0.0,1,1.0,0.0
16210,<=1,1.0,1.0,1.0,1.0,1.0,1.0,1.0,1.0,6,0,0,6,6,15,15,6,6,1,1.0,0.0,1,1.0,0.0
16216,<=1,1.0,1.0,1.0,1.0,1.0,1.0,1.0,1.0,20,0,0,20,20,190,190,7,7,1,1.0,0.0,1,1.0,0.0
16237,<=1,1.0,1.0,1.0,1.0,1.0,1.0,1.0,1.0,10,0,0,10,10,45,45,8,8,1,1.0,0.0,1,1.0,0.0
16238,<=1,1.0,1.0,1.0,1.0,1.0,1.0,1.0,1.0,13,0,0,13,13,78,78,7,7,1,1.0,0.0,1,1.0,0.0
16240,<=1,1.0,1.0,1.0,1.0,1.0,1.0,1.0,1.0,3,0,0,3,3,3,3,4,4,1,1.0,0.0,1,1.0,0.0
16241,<=1,1.0,1.0,1.0,1.0,1.0,1.0,1.0,1.0,9,0,0,9,9,36,36,5,5,1,1.0,0.0,1,1.0,0.0
16243,<=1,1.0,1.0,1.0,1.0,1.0,1.0,1.0,1.0,22,0,0,22,22,231,231,10,10,1,1.0,0.0,1,1.0,0.0
16246,<=1,1.0,1.0,1.0,1.0,1.0,1.0,1.0,1.0,29,0,0,29,29,406,406,8,8,1,1.0,0.0,1,1.0,0.0
16253,<=1,1.0,1.0,1.0,1.0,1.0,1.0,1.0,1.0,52,0,0,52,52,1326,1326,5,5,1,1.0,0.0,1,1.0,0.0
16254,<=1,1.0,1.0,1.0,1.0,1.0,1.0,1.0,1.0,112,0,0,112,112,6216,6216,7,7,1,1.0,0.0,1,1.0,0.0
16255,<=1,1.0,1.0,1.0,1.0,1.0,1.0,1.0,1.0,7,0,0,7,7,21,21,6,6,1,1.0,0.0,1,1.0,0.0
16257,<=1,1.0,1.0,1.0,1.0,1.0,1.0,1.0,1.0,6,0,0,6,6,15,15,6,6,1,1.0,0.0,1,1.0,0.0
16273,<=1,1.0,1.0,1.0,1.0,1.0,1.0,1.0,1.0,44,0,0,44,44,946,946,17,17,1,1.0,0.0,1,1.0,0.0
16283,<=1,1.0,1.0,1.0,1.0,1.0,1.0,1.0,1.0,43,0,0,43,43,903,903,14,14,1,1.0,0.0,1,1.0,0.0
16292,<=1,1.0,1.0,1.0,1.0,1.0,1.0,1.0,1.0,3,0,0,3,3,3,3,3,3,1,1.0,0.0,1,1.0,0.0
16295,<=1,1.0,1.0,1.0,1.0,1.0,1.0,1.0,1.0,5,0,0,5,5,10,10,4,4,1,1.0,0.0,1,1.0,0.0
16297,<=1,1.0,1.0,1.0,1.0,1.0,1.0,1.0,1.0,13,0,0,13,13,78,78,9,9,1,1.0,0.0,1,1.0,0.0
16308,<=1,1.0,1.0,1.0,1.0,1.0,1.0,1.0,1.0,46,0,0,46,46,1035,1035,6,6,1,1.0,0.0,1,1.0,0.0
16314,<=1,1.0,1.0,1.0,1.0,1.0,1.0,1.0,1.0,8,0,0,8,8,28,28,5,5,1,1.0,0.0,1,1.0,0.0
16318,<=1,1.0,1.0,1.0,1.0,1.0,1.0,1.0,1.0,11,0,0,11,11,55,55,9,9,1,1.0,0.0,1,1.0,0.0
16322,<=1,1.0,1.0,1.0,1.0,1.0,1.0,1.0,1.0,22,0,0,22,22,231,231,8,8,1,1.0,0.0,1,1.0,0.0
16327,<=1,1.0,1.0,1.0,1.0,1.0,1.0,1.0,1.0,43,0,0,43,43,903,903,8,8,1,1.0,0.0,1,1.0,0.0
16334,<=1,1.0,1.0,1.0,1.0,1.0,1.0,1.0,1.0,18,0,0,18,18,153,153,9,9,1,1.0,0.0,1,1.0,0.0
16335,<=1,1.0,1.0,1.0,1.0,1.0,1.0,1.0,1.0,6,0,0,6,6,15,15,4,4,1,1.0,0.0,1,1.0,0.0
16343,<=1,1.0,1.0,1.0,1.0,1.0,1.0,1.0,1.0,15,0,0,15,15,105,105,9,9,1,1.0,0.0,1,1.0,0.0
16344,<=1,1.0,1.0,1.0,1.0,1.0,1.0,1.0,1.0,10,0,0,10,10,45,45,7,7,1,1.0,0.0,1,1.0,0.0
16356,<=1,1.0,1.0,1.0,1.0,1.0,1.0,1.0,1.0,18,0,0,18,18,153,153,7,7,1,1.0,0.0,1,1.0,0.0
16359,<=1,1.0,1.0,1.0,1.0,1.0,1.0,1.0,1.0,29,0,0,29,29,406,406,11,11,1,1.0,0.0,1,1.0,0.0
16360,<=1,1.0,1.0,1.0,1.0,1.0,1.0,1.0,1.0,12,0,0,12,12,66,66,7,7,1,1.0,0.0,1,1.0,0.0
16362,<=1,1.0,1.0,1.0,1.0,1.0,1.0,1.0,1.0,20,0,0,20,20,190,190,5,5,1,1.0,0.0,1,1.0,0.0
16364,<=1,1.0,1.0,1.0,1.0,1.0,1.0,1.0,1.0,20,0,0,20,20,190,190,14,14,1,1.0,0.0,1,1.0,0.0
16377,<=1,1.0,1.0,1.0,1.0,1.0,1.0,1.0,1.0,17,0,0,17,17,136,136,8,8,1,1.0,0.0,1,1.0,0.0
16408,<=1,1.0,1.0,1.0,1.0,1.0,1.0,1.0,1.0,3,0,0,3,3,3,3,3,3,1,1.0,0.0,1,1.0,0.0
16410,<=1,1.0,1.0,1.0,1.0,1.0,1.0,1.0,1.0,5,0,0,5,5,10,10,5,5,1,1.0,0.0,1,1.0,0.0
16414,<=1,1.0,1.0,1.0,1.0,1.0,1.0,1.0,1.0,11,0,0,11,11,55,55,7,7,1,1.0,0.0,1,1.0,0.0
16418,<=1,1.0,1.0,1.0,1.0,1.0,1.0,1.0,1.0,13,0,0,13,13,78,78,6,6,1,1.0,0.0,1,1.0,0.0
16424,<=1,1.0,1.0,1.0,1.0,1.0,1.0,1.0,1.0,18,0,0,18,18,153,153,4,4,1,1.0,0.0,1,1.0,0.0
16432,<=1,1.0,1.0,1.0,1.0,1.0,1.0,1.0,1.0,5,0,0,5,5,10,10,5,5,1,1.0,0.0,1,1.0,0.0
16448,<=1,1.0,1.0,1.0,1.0,1.0,1.0,1.0,1.0,5,0,0,5,5,10,10,6,6,1,1.0,0.0,1,1.0,0.0
16449,<=1,1.0,1.0,1.0,1.0,1.0,1.0,1.0,1.0,4,0,0,4,4,6,6,3,3,1,1.0,0.0,1,1.0,0.0
16458,<=1,1.0,1.0,1.0,1.0,1.0,1.0,1.0,1.0,14,0,0,14,14,91,91,9,9,1,1.0,0.0,1,1.0,0.0
16465,<=1,1.0,1.0,1.0,1.0,1.0,1.0,1.0,1.0,6,0,0,6,6,15,15,5,5,1,1.0,0.0,1,1.0,0.0
16468,<=1,1.0,1.0,1.0,1.0,1.0,1.0,1.0,1.0,9,0,0,9,9,36,36,7,7,1,1.0,0.0,1,1.0,0.0
16483,<=1,1.0,1.0,1.0,1.0,1.0,1.0,1.0,1.0,76,0,0,76,76,2850,2850,11,11,1,1.0,0.0,1,1.0,0.0
16486,<=1,1.0,1.0,1.0,1.0,1.0,1.0,1.0,1.0,9,0,0,9,9,36,36,6,6,1,1.0,0.0,1,1.0,0.0
16491,<=1,1.0,1.0,1.0,1.0,1.0,1.0,1.0,1.0,35,0,0,35,35,595,595,8,8,1,1.0,0.0,1,1.0,0.0
16494,<=1,1.0,1.0,1.0,1.0,1.0,1.0,1.0,1.0,13,0,0,13,13,78,78,5,5,1,1.0,0.0,1,1.0,0.0
16497,<=1,1.0,1.0,1.0,1.0,1.0,1.0,1.0,1.0,12,0,0,12,12,66,66,8,8,1,1.0,0.0,1,1.0,0.0
16499,<=1,1.0,1.0,1.0,1.0,1.0,1.0,1.0,1.0,11,0,0,11,11,55,55,10,10,1,1.0,0.0,1,1.0,0.0
16509,<=1,1.0,1.0,1.0,1.0,1.0,1.0,1.0,1.0,24,0,0,24,24,276,276,10,10,1,1.0,0.0,1,1.0,0.0
16513,<=1,1.0,1.0,1.0,1.0,1.0,1.0,1.0,1.0,23,0,0,23,23,253,253,11,11,1,1.0,0.0,1,1.0,0.0
16518,<=1,1.0,1.0,1.0,1.0,1.0,1.0,1.0,1.0,6,0,0,6,6,15,15,4,4,1,1.0,0.0,1,1.0,0.0
16521,<=1,1.0,1.0,1.0,1.0,1.0,1.0,1.0,1.0,8,0,0,8,8,28,28,7,7,1,1.0,0.0,1,1.0,0.0
16526,<=1,1.0,1.0,1.0,1.0,1.0,1.0,1.0,1.0,35,0,0,35,35,595,595,9,9,1,1.0,0.0,1,1.0,0.0
16531,<=1,1.0,1.0,1.0,1.0,1.0,1.0,1.0,1.0,16,0,0,16,16,120,120,6,6,1,1.0,0.0,1,1.0,0.0
16538,<=1,1.0,1.0,1.0,1.0,1.0,1.0,1.0,1.0,21,0,0,21,21,210,210,10,10,1,1.0,0.0,1,1.0,0.0
16544,<=1,1.0,1.0,1.0,1.0,1.0,1.0,1.0,1.0,9,0,0,9,9,36,36,7,7,1,1.0,0.0,1,1.0,0.0
16567,<=1,1.0,1.0,1.0,1.0,1.0,1.0,1.0,1.0,7,0,0,7,7,21,21,5,5,1,1.0,0.0,1,1.0,0.0
16573,<=1,1.0,1.0,1.0,1.0,1.0,1.0,1.0,1.0,13,0,0,13,13,78,78,6,6,1,1.0,0.0,1,1.0,0.0
16574,<=1,1.0,1.0,1.0,1.0,1.0,1.0,1.0,1.0,19,0,0,19,19,171,171,4,4,1,1.0,0.0,1,1.0,0.0
16575,<=1,1.0,1.0,1.0,1.0,1.0,1.0,1.0,1.0,7,0,0,7,7,21,21,5,5,1,1.0,0.0,1,1.0,0.0
16593,<=1,1.0,1.0,1.0,1.0,1.0,1.0,1.0,1.0,8,0,0,8,8,28,28,6,6,1,1.0,0.0,1,1.0,0.0
16605,<=1,1.0,1.0,1.0,1.0,1.0,1.0,1.0,1.0,3,0,0,3,3,3,3,3,3,1,1.0,0.0,1,1.0,0.0
16606,<=1,1.0,1.0,1.0,1.0,1.0,1.0,1.0,1.0,3,0,0,3,3,3,3,3,3,1,1.0,0.0,1,1.0,0.0
16616,<=1,1.0,1.0,1.0,1.0,1.0,1.0,1.0,1.0,35,0,0,35,35,595,595,11,11,1,1.0,0.0,1,1.0,0.0
16631,<=1,1.0,1.0,1.0,1.0,1.0,1.0,1.0,1.0,31,0,0,31,31,465,465,7,7,1,1.0,0.0,1,1.0,0.0
16653,<=1,1.0,1.0,1.0,1.0,1.0,1.0,1.0,1.0,7,0,0,7,7,21,21,5,5,1,1.0,0.0,1,1.0,0.0
16659,<=1,1.0,1.0,1.0,1.0,1.0,1.0,1.0,1.0,4,0,0,4,4,6,6,4,4,1,1.0,0.0,1,1.0,0.0
16660,<=1,1.0,1.0,1.0,1.0,1.0,1.0,1.0,1.0,6,0,0,6,6,15,15,6,6,1,1.0,0.0,1,1.0,0.0
16669,<=1,1.0,1.0,1.0,1.0,1.0,1.0,1.0,1.0,11,0,0,11,11,55,55,9,9,1,1.0,0.0,1,1.0,0.0
16670,<=1,1.0,1.0,1.0,1.0,1.0,1.0,1.0,1.0,12,0,0,12,12,66,66,9,9,1,1.0,0.0,1,1.0,0.0
16672,<=1,1.0,1.0,1.0,1.0,1.0,1.0,1.0,1.0,43,0,0,43,43,903,903,12,12,1,1.0,0.0,1,1.0,0.0
16673,<=1,1.0,1.0,1.0,1.0,1.0,1.0,1.0,1.0,7,0,0,7,7,21,21,6,6,1,1.0,0.0,1,1.0,0.0
16677,<=1,1.0,1.0,1.0,1.0,1.0,1.0,1.0,1.0,29,0,0,29,29,406,406,5,5,1,1.0,0.0,1,1.0,0.0
16683,<=1,1.0,1.0,1.0,1.0,1.0,1.0,1.0,1.0,3,0,0,3,3,3,3,4,4,1,1.0,0.0,1,1.0,0.0
16693,<=1,1.0,1.0,1.0,1.0,1.0,1.0,1.0,1.0,39,0,0,39,39,741,741,7,7,1,1.0,0.0,1,1.0,0.0
16697,<=1,1.0,1.0,1.0,1.0,1.0,1.0,1.0,1.0,12,0,0,12,12,66,66,5,5,1,1.0,0.0,1,1.0,0.0
16706,<=1,1.0,1.0,1.0,1.0,1.0,1.0,1.0,1.0,14,0,0,14,14,91,91,8,8,1,1.0,0.0,1,1.0,0.0
16715,<=1,1.0,1.0,1.0,1.0,1.0,1.0,1.0,1.0,11,0,0,11,11,55,55,7,7,1,1.0,0.0,1,1.0,0.0
16716,<=1,1.0,1.0,1.0,1.0,1.0,1.0,1.0,1.0,6,0,0,6,6,15,15,4,4,1,1.0,0.0,1,1.0,0.0
16720,<=1,1.0,1.0,1.0,1.0,1.0,1.0,1.0,1.0,6,0,0,6,6,15,15,6,6,1,1.0,0.0,1,1.0,0.0
16725,<=1,1.0,1.0,1.0,1.0,1.0,1.0,1.0,1.0,29,0,0,29,29,406,406,12,12,1,1.0,0.0,1,1.0,0.0
16733,<=1,1.0,1.0,1.0,1.0,1.0,1.0,1.0,1.0,16,0,0,16,16,120,120,7,7,1,1.0,0.0,1,1.0,0.0
16737,<=1,1.0,1.0,1.0,1.0,1.0,1.0,1.0,1.0,3,0,0,3,3,3,3,4,4,1,1.0,0.0,1,1.0,0.0
16744,<=1,1.0,1.0,1.0,1.0,1.0,1.0,1.0,1.0,4,0,0,4,4,6,6,4,4,1,1.0,0.0,1,1.0,0.0
16757,<=1,1.0,1.0,1.0,1.0,1.0,1.0,1.0,1.0,14,0,0,14,14,91,91,7,7,1,1.0,0.0,1,1.0,0.0
16758,<=1,1.0,1.0,1.0,1.0,1.0,1.0,1.0,1.0,19,0,0,19,19,171,171,7,7,1,1.0,0.0,1,1.0,0.0
16759,<=1,1.0,1.0,1.0,1.0,1.0,1.0,1.0,1.0,3,0,0,3,3,3,3,4,4,1,1.0,0.0,1,1.0,0.0
16761,<=1,1.0,1.0,1.0,1.0,1.0,1.0,1.0,1.0,9,0,0,9,9,36,36,6,6,1,1.0,0.0,1,1.0,0.0
16764,<=1,1.0,1.0,1.0,1.0,1.0,1.0,1.0,1.0,11,0,0,11,11,55,55,7,7,1,1.0,0.0,1,1.0,0.0
16765,<=1,1.0,1.0,1.0,1.0,1.0,1.0,1.0,1.0,4,0,0,4,4,6,6,5,5,1,1.0,0.0,1,1.0,0.0
16773,<=1,1.0,1.0,1.0,1.0,1.0,1.0,1.0,1.0,160,0,0,160,160,12720,12720,8,8,1,1.0,0.0,1,1.0,0.0
16775,<=1,1.0,1.0,1.0,1.0,1.0,1.0,1.0,1.0,26,0,0,26,26,325,325,7,7,1,1.0,0.0,1,1.0,0.0
16776,<=1,1.0,1.0,1.0,1.0,1.0,1.0,1.0,1.0,6,0,0,6,6,15,15,4,4,1,1.0,0.0,1,1.0,0.0
10130,<=2,1.0,1.0,1.0,1.0,1.0,1.0,1.0,1.0,116,0,0,116,116,6670,6670,29,29,2,1.5517241379310345,0.24732461355529137,2,1.5517241379310345,0.24732461355529137
10136,<=2,1.0,1.0,1.0,1.0,1.0,1.0,1.0,1.0,126,0,0,126,126,7875,7875,29,29,2,1.5517241379310345,0.24732461355529137,2,1.5517241379310345,0.24732461355529137
10138,<=2,1.0,1.0,1.0,1.0,1.0,1.0,1.0,1.0,94,0,0,94,94,4371,4371,39,39,2,1.435897435897436,0.2458908612754766,2,1.435897435897436,0.2458908612754766
10142,<=2,1.0,1.0,1.0,1.0,1.0,1.0,1.0,1.0,42,0,0,42,42,861,861,14,14,2,1.5714285714285714,0.24489795918367346,2,1.5714285714285714,0.24489795918367346
10145,<=2,1.0,1.0,1.0,1.0,1.0,1.0,1.0,1.0,68,0,0,68,68,2278,2278,29,29,2,1.3793103448275863,0.23543400713436385,2,1.3793103448275863,0.23543400713436385
10161,<=2,1.0,1.0,1.0,1.0,1.0,1.0,1.0,1.0,21,0,0,21,21,210,210,12,12,2,1.4166666666666667,0.24305555555555555,2,1.4166666666666667,0.24305555555555555
10166,<=2,1.0,1.0,1.0,1.0,1.0,1.0,1.0,1.0,36,0,0,36,36,630,630,5,5,1,1.0,0.0,1,1.0,0.0
10176,<=2,1.0,1.0,1.0,1.0,1.0,1.0,1.0,1.0,61,0,0,61,61,1830,1830,27,27,2,1.4444444444444444,0.24691358024691362,2,1.4444444444444444,0.24691358024691362
10179,<=2,1.0,1.0,1.0,1.0,1.0,1.0,1.0,1.0,23,0,0,23,23,253,253,11,11,2,1.5454545454545454,0.24793388429752064,2,1.5454545454545454,0.24793388429752064
10192,<=2,1.0,1.0,1.0,1.0,1.0,1.0,1.0,1.0,65,0,0,65,65,2080,2080,33,33,2,1.4242424242424243,0.24426078971533516,2,1.4242424242424243,0.24426078971533516
10196,<=2,1.0,1.0,1.0,1.0,1.0,1.0,1.0,1.0,50,0,0,50,50,1225,1225,12,12,2,1.5,0.25,2,1.5,0.25
10205,<=2,1.0,1.0,1.0,1.0,1.0,1.0,1.0,1.0,81,0,0,81,81,3240,3240,34,34,2,1.411764705882353,0.24221453287197234,2,1.411764705882353,0.24221453287197234
10211,<=2,1.0,1.0,1.0,1.0,1.0,1.0,1.0,1.0,125,0,0,125,125,7750,7750,23,23,2,1.2608695652173914,0.19281663516068054,2,1.2608695652173914,0.19281663516068054
10217,<=2,1.0,1.0,1.0,1.0,1.0,1.0,1.0,1.0,10,0,0,10,10,45,45,6,6,2,1.1666666666666667,0.13888888888888887,2,1.1666666666666667,0.13888888888888887
10219,<=2,1.0,1.0,1.0,1.0,1.0,1.0,1.0,1.0,50,0,0,50,50,1225,1225,12,12,2,1.4166666666666667,0.24305555555555555,2,1.4166666666666667,0.24305555555555555
10232,<=2,1.0,1.0,1.0,1.0,1.0,1.0,1.0,1.0,24,0,0,24,24,276,276,12,12,2,1.6666666666666667,0.22222222222222224,2,1.6666666666666667,0.22222222222222224
10243,<=2,1.0,1.0,1.0,1.0,1.0,1.0,1.0,1.0,74,0,0,74,74,2701,2701,23,23,2,1.391304347826087,0.23818525519848768,2,1.391304347826087,0.23818525519848768
10244,<=2,1.0,1.0,1.0,1.0,1.0,1.0,1.0,1.0,62,0,0,62,62,1891,1891,30,30,2,1.4,0.24000000000000005,2,1.4,0.24000000000000005
10245,<=2,1.0,1.0,1.0,1.0,1.0,1.0,1.0,1.0,12,0,0,12,12,66,66,10,10,2,1.2,0.16,2,1.2,0.16
10248,<=2,1.0,1.0,1.0,1.0,1.0,1.0,1.0,1.0,11,0,0,11,11,55,55,7,7,2,1.4285714285714286,0.24489795918367346,2,1.4285714285714286,0.24489795918367346
10249,<=2,1.0,1.0,1.0,1.0,1.0,1.0,1.0,1.0,44,0,0,44,44,946,946,14,14,2,1.5714285714285714,0.24489795918367346,2,1.5714285714285714,0.24489795918367346
10256,<=2,1.0,1.0,1.0,1.0,1.0,1.0,1.0,1.0,21,0,0,21,21,210,210,9,9,2,1.4444444444444444,0.2469135802469136,2,1.4444444444444444,0.2469135802469136
10263,<=2,1.0,1.0,1.0,1.0,1.0,1.0,1.0,1.0,40,0,0,40,40,780,780,20,20,2,1.3,0.20999999999999996,2,1.3,0.20999999999999996
10265,<=2,1.0,1.0,1.0,1.0,1.0,1.0,1.0,1.0,45,0,0,45,45,990,990,19,19,2,1.631578947368421,0.2326869806094183,2,1.631578947368421,0.2326869806094183
10275,<=2,1.0,1.0,1.0,1.0,1.0,1.0,1.0,1.0,43,0,0,43,43,903,903,21,21,2,1.4285714285714286,0.24489795918367352,2,1.4285714285714286,0.24489795918367352
10276,<=2,1.0,1.0,1.0,1.0,1.0,1.0,1.0,1.0,86,0,0,86,86,3655,3655,23,23,2,1.608695652173913,0.23818525519848768,2,1.608695652173913,0.23818525519848768
10281,<=2,1.0,1.0,1.0,1.0,1.0,1.0,1.0,1.0,96,0,0,96,96,4560,4560,19,19,2,1.4736842105263157,0.2493074792243767,2,1.4736842105263157,0.2493074792243767
10303,<=2,1.0,1.0,1.0,1.0,1.0,1.0,1.0,1.0,4,0,0,4,4,6,6,4,4,2,1.5,0.25,2,1.5,0.25
10309,<=2,1.0,1.0,1.0,1.0,1.0,1.0,1.0,1.0,23,0,0,23,23,253,253,12,12,2,1.5833333333333333,0.24305555555555555,2,1.5833333333333333,0.24305555555555555
10319,<=2,1.0,1.0,1.0,1.0,1.0,1.0,1.0,1.0,29,0,0,29,29,406,406,14,14,2,1.4285714285714286,0.24489795918367346,2,1.4285714285714286,0.24489795918367346
10324,<=2,1.0,1.0,1.0,1.0,1.0,1.0,1.0,1.0,38,0,0,38,38,703,703,11,11,2,1.7272727272727273,0.1983471074380165,2,1.7272727272727273,0.1983471074380165
10327,<=2,1.0,1.0,1.0,1.0,1.0,1.0,1.0,1.0,54,0,0,54,54,1431,1431,9,9,2,1.4444444444444444,0.2469135802469136,2,1.4444444444444444,0.2469135802469136
10343,<=2,1.0,1.0,1.0,1.0,1.0,1.0,1.0,1.0,42,0,0,42,42,861,861,11,11,2,1.1818181818181819,0.14876033057851237,2,1.1818181818181819,0.14876033057851237
10369,<=2,1.0,1.0,1.0,1.0,1.0,1.0,1.0,1.0,27,0,0,27,27,351,351,12,12,2,1.4166666666666667,0.24305555555555555,2,1.4166666666666667,0.24305555555555555
10386,<=2,1.0,1.0,1.0,1.0,1.0,1.0,1.0,1.0,53,0,0,53,53,1378,1378,17,17,2,1.588235294117647,0.24221453287197234,2,1.588235294117647,0.24221453287197234
10388,<=2,1.0,1.0,1.0,1.0,1.0,1.0,1.0,1.0,21,0,0,21,21,210,210,15,15,2,1.4,0.24000000000000005,2,1.4,0.24000000000000005
10403,<=2,1.0,1.0,1.0,1.0,1.0,1.0,1.0,1.0,38,0,0,38,38,703,703,13,13,2,1.3076923076923077,0.21301775147928995,2,1.3076923076923077,0.21301775147928995
10407,<=2,1.0,1.0,1.0,1.0,1.0,1.0,1.0,1.0,12,0,0,12,12,66,66,7,7,2,1.1428571428571428,0.12244897959183675,2,1.1428571428571428,0.12244897959183675
10414,<=2,1.0,1.0,1.0,1.0,1.0,1.0,1.0,1.0,71,0,0,71,71,2485,2485,10,10,2,1.8,0.16000000000000003,2,1.8,0.16000000000000003
10420,<=2,1.0,1.0,1.0,1.0,1.0,1.0,1.0,1.0,48,0,0,48,48,1128,1128,13,13,2,1.3076923076923077,0.21301775147928995,2,1.3076923076923077,0.21301775147928995
10421,<=2,1.0,1.0,1.0,1.0,1.0,1.0,1.0,1.0,15,0,0,15,15,105,105,6,6,2,1.5,0.25,2,1.5,0.25
10430,<=2,1.0,1.0,1.0,1.0,1.0,1.0,1.0,1.0,77,0,0,77,77,2926,2926,23,23,2,1.391304347826087,0.23818525519848768,2,1.391304347826087,0.23818525519848768
10432,<=2,1.0,1.0,1.0,1.0,1.0,1.0,1.0,1.0,147,0,0,147,147,10731,10731,8,8,2,1.25,0.1875,2,1.25,0.1875
10440,<=2,1.0,1.0,1.0,1.0,1.0,1.0,1.0,1.0,12,0,0,12,12,66,66,9,9,2,1.6666666666666667,0.2222222222222222,2,1.6666666666666667,0.2222222222222222
10444,<=2,1.0,1.0,1.0,1.0,1.0,1.0,1.0,1.0,19,0,0,19,19,171,171,12,12,2,1.5,0.25,2,1.5,0.25
10445,<=2,1.0,1.0,1.0,1.0,1.0,1.0,1.0,1.0,34,0,0,34,34,561,561,17,17,2,1.7058823529411764,0.20761245674740486,2,1.7058823529411764,0.20761245674740486
10449,<=2,1.0,1.0,1.0,1.0,1.0,1.0,1.0,1.0,81,0,0,81,81,3240,3240,17,17,2,1.3529411764705883,0.22837370242214536,2,1.3529411764705883,0.22837370242214536
10463,<=2,1.0,1.0,1.0,1.0,1.0,1.0,1.0,1.0,77,0,0,77,77,2926,2926,22,22,2,1.5,0.25,2,1.5,0.25
10471,<=2,1.0,1.0,1.0,1.0,1.0,1.0,1.0,1.0,49,0,0,49,49,1176,1176,19,19,2,1.4210526315789473,0.24376731301939059,2,1.4210526315789473,0.24376731301939059
10472,<=2,1.0,1.0,1.0,1.0,1.0,1.0,1.0,1.0,106,0,0,106,106,5565,5565,30,30,2,1.5333333333333334,0.248888888888889,2,1.5333333333333334,0.248888888888889
10476,<=2,1.0,1.0,1.0,1.0,1.0,1.0,1.0,1.0,105,0,0,105,105,5460,5460,18,18,2,1.3333333333333333,0.2222222222222222,2,1.3333333333333333,0.2222222222222222
10484,<=2,1.0,1.0,1.0,1.0,1.0,1.0,1.0,1.0,102,0,0,102,102,5151,5151,29,29,2,1.4482758620689655,0.24732461355529126,2,1.4482758620689655,0.24732461355529126
10495,<=2,1.0,1.0,1.0,1.0,1.0,1.0,1.0,1.0,71,0,0,71,71,2485,2485,15,15,2,1.4666666666666666,0.24888888888888885,2,1.4666666666666666,0.24888888888888885
10496,<=2,1.0,1.0,1.0,1.0,1.0,1.0,1.0,1.0,65,0,0,65,65,2080,2080,22,22,2,1.4090909090909092,0.24173553719008256,2,1.4090909090909092,0.24173553719008256
10498,<=2,1.0,1.0,1.0,1.0,1.0,1.0,1.0,1.0,35,0,0,35,35,595,595,16,16,2,1.375,0.234375,2,1.375,0.234375
10526,<=2,1.0,1.0,1.0,1.0,1.0,1.0,1.0,1.0,48,0,0,48,48,1128,1128,20,20,2,1.35,0.22749999999999995,2,1.35,0.22749999999999995
10534,<=2,1.0,1.0,1.0,1.0,1.0,1.0,1.0,1.0,43,0,0,43,43,903,903,15,15,2,1.6,0.2400000000000001,2,1.6,0.2400000000000001
10539,<=2,1.0,1.0,1.0,1.0,1.0,1.0,1.0,1.0,88,0,0,88,88,3828,3828,17,17,2,1.411764705882353,0.24221453287197234,2,1.411764705882353,0.24221453287197234
10546,<=2,1.0,1.0,1.0,1.0,1.0,1.0,1.0,1.0,11,0,0,11,11,55,55,7,7,2,1.4285714285714286,0.24489795918367346,2,1.4285714285714286,0.24489795918367346
10547,<=2,1.0,1.0,1.0,1.0,1.0,1.0,1.0,1.0,12,0,0,12,12,66,66,9,9,2,1.2222222222222223,0.1728395061728395,2,1.2222222222222223,0.1728395061728395
10560,<=2,1.0,1.0,1.0,1.0,1.0,1.0,1.0,1.0,26,0,0,26,26,325,325,14,14,2,1.5714285714285714,0.24489795918367346,2,1.5714285714285714,0.24489795918367346
10579,<=2,1.0,1.0,1.0,1.0,1.0,1.0,1.0,1.0,48,0,0,48,48,1128,1128,22,22,2,1.4090909090909092,0.24173553719008256,2,1.4090909090909092,0.24173553719008256
10580,<=2,1.0,1.0,1.0,1.0,1.0,1.0,1.0,1.0,10,0,0,10,10,45,45,5,5,2,1.4,0.24,2,1.4,0.24
10581,<=2,1.0,1.0,1.0,1.0,1.0,1.0,1.0,1.0,59,0,0,59,59,1711,1711,30,30,2,1.5666666666666667,0.24555555555555558,2,1.5666666666666667,0.24555555555555558
10591,<=2,1.0,1.0,1.0,1.0,1.0,1.0,1.0,1.0,182,0,0,182,182,16471,16471,24,24,2,1.5416666666666667,0.24826388888888884,2,1.5416666666666667,0.24826388888888884
10600,<=2,1.0,1.0,1.0,1.0,1.0,1.0,1.0,1.0,44,0,0,44,44,946,946,19,19,2,1.4736842105263157,0.2493074792243767,2,1.4736842105263157,0.2493074792243767
10613,<=2,1.0,1.0,1.0,1.0,1.0,1.0,1.0,1.0,61,0,0,61,61,1830,1830,18,18,2,1.5,0.25,2,1.5,0.25
10614,<=2,1.0,1.0,1.0,1.0,1.0,1.0,1.0,1.0,52,0,0,52,52,1326,1326,14,14,2,1.2857142857142858,0.20408163265306123,2,1.2857142857142858,0.20408163265306123
10621,<=2,1.0,1.0,1.0,1.0,1.0,1.0,1.0,1.0,90,0,0,90,90,4005,4005,33,33,2,1.5454545454545454,0.24793388429752067,2,1.5454545454545454,0.24793388429752067
10624,<=2,1.0,1.0,1.0,1.0,1.0,1.0,1.0,1.0,39,0,0,39,39,741,741,15,15,2,1.4666666666666666,0.24888888888888885,2,1.4666666666666666,0.24888888888888885
10627,<=2,1.0,1.0,1.0,1.0,1.0,1.0,1.0,1.0,8,0,0,8,8,28,28,7,7,2,1.1428571428571428,0.12244897959183675,2,1.1428571428571428,0.12244897959183675
10639,<=2,1.0,1.0,1.0,1.0,1.0,1.0,1.0,1.0,106,0,0,106,106,5565,5565,31,31,2,1.5806451612903225,0.2434963579604579,2,1.5806451612903225,0.2434963579604579
10644,<=2,1.0,1.0,1.0,1.0,1.0,1.0,1.0,1.0,210,0,0,210,210,21945,21945,19,19,2,1.4736842105263157,0.2493074792243767,2,1.4736842105263157,0.2493074792243767
10655,<=2,1.0,1.0,1.0,1.0,1.0,1.0,1.0,1.0,58,0,0,58,58,1653,1653,18,18,2,1.3888888888888888,0.23765432098765432,2,1.3888888888888888,0.23765432098765432
10681,<=2,1.0,1.0,1.0,1.0,1.0,1.0,1.0,1.0,21,0,0,21,21,210,210,10,10,2,1.5,0.25,2,1.5,0.25
10683,<=2,1.0,1.0,1.0,1.0,1.0,1.0,1.0,1.0,72,0,0,72,72,2556,2556,28,28,2,1.5,0.25,2,1.5,0.25
10684,<=2,1.0,1.0,1.0,1.0,1.0,1.0,1.0,1.0,15,0,0,15,15,105,105,10,10,2,1.5,0.25,2,1.5,0.25
10691,<=2,1.0,1.0,1.0,1.0,1.0,1.0,1.0,1.0,31,0,0,31,31,465,465,24,24,2,1.5416666666666667,0.24826388888888884,2,1.5416666666666667,0.24826388888888884
10693,<=2,1.0,1.0,1.0,1.0,1.0,1.0,1.0,1.0,16,0,0,16,16,120,120,13,13,2,1.2307692307692308,0.17751479289940827,2,1.2307692307692308,0.17751479289940827
10694,<=2,1.0,1.0,1.0,1.0,1.0,1.0,1.0,1.0,17,0,0,17,17,136,136,12,12,2,1.4166666666666667,0.24305555555555555,2,1.4166666666666667,0.24305555555555555
10698,<=2,1.0,1.0,1.0,1.0,1.0,1.0,1.0,1.0,25,0,0,25,25,300,300,12,12,2,1.5,0.25,2,1.5,0.25
10701,<=2,1.0,1.0,1.0,1.0,1.0,1.0,1.0,1.0,192,0,0,192,192,18336,18336,35,35,2,1.542857142857143,0.24816326530612254,2,1.542857142857143,0.24816326530612254
10702,<=2,1.0,1.0,1.0,1.0,1.0,1.0,1.0,1.0,21,0,0,21,21,210,210,9,9,2,1.5555555555555556,0.2469135802469136,2,1.5555555555555556,0.2469135802469136
10711,<=2,1.0,1.0,1.0,1.0,1.0,1.0,1.0,1.0,103,0,0,103,103,5253,5253,23,23,2,1.4782608695652173,0.24952741020793945,2,1.4782608695652173,0.24952741020793945
10714,<=2,1.0,1.0,1.0,1.0,1.0,1.0,1.0,1.0,39,0,0,39,39,741,741,19,19,2,1.368421052631579,0.23268698060941825,2,1.368421052631579,0.23268698060941825
10716,<=2,1.0,1.0,1.0,1.0,1.0,1.0,1.0,1.0,27,0,0,27,27,351,351,9,9,2,1.3333333333333333,0.2222222222222222,2,1.3333333333333333,0.2222222222222222
10719,<=2,1.0,1.0,1.0,1.0,1.0,1.0,1.0,1.0,71,0,0,71,71,2485,2485,27,27,2,1.5185185185185186,0.2496570644718793,2,1.5185185185185186,0.2496570644718793
10720,<=2,1.0,1.0,1.0,1.0,1.0,1.0,1.0,1.0,25,0,0,25,25,300,300,16,16,2,1.5625,0.24609375,2,1.5625,0.24609375
10727,<=2,1.0,1.0,1.0,1.0,1.0,1.0,1.0,1.0,68,0,0,68,68,2278,2278,15,15,2,1.4666666666666666,0.24888888888888885,2,1.4666666666666666,0.24888888888888885
10728,<=2,1.0,1.0,1.0,1.0,1.0,1.0,1.0,1.0,43,0,0,43,43,903,903,14,14,2,1.4285714285714286,0.24489795918367346,2,1.4285714285714286,0.24489795918367346
10733,<=2,1.0,1.0,1.0,1.0,1.0,1.0,1.0,1.0,26,0,0,26,26,325,325,12,12,2,1.4166666666666667,0.24305555555555555,2,1.4166666666666667,0.24305555555555555
10735,<=2,1.0,1.0,1.0,1.0,1.0,1.0,1.0,1.0,43,0,0,43,43,903,903,21,21,2,1.4285714285714286,0.24489795918367352,2,1.4285714285714286,0.24489795918367352
10743,<=2,1.0,1.0,1.0,1.0,1.0,1.0,1.0,1.0,51,0,0,51,51,1275,1275,18,18,2,1.4444444444444444,0.2469135802469136,2,1.4444444444444444,0.2469135802469136
10766,<=2,1.0,1.0,1.0,1.0,1.0,1.0,1.0,1.0,13,0,0,13,13,78,78,9,9,2,1.4444444444444444,0.2469135802469136,2,1.4444444444444444,0.2469135802469136
10769,<=2,1.0,1.0,1.0,1.0,1.0,1.0,1.0,1.0,25,0,0,25,25,300,300,12,12,2,1.5,0.25,2,1.5,0.25
10779,<=2,1.0,1.0,1.0,1.0,1.0,1.0,1.0,1.0,39,0,0,39,39,741,741,23,23,2,1.3478260869565217,0.2268431001890359,2,1.3478260869565217,0.2268431001890359
10784,<=2,1.0,1.0,1.0,1.0,1.0,1.0,1.0,1.0,244,0,0,244,244,29646,29646,34,34,2,1.4411764705882353,0.24653979238754326,2,1.4411764705882353,0.24653979238754326
10785,<=2,1.0,1.0,1.0,1.0,1.0,1.0,1.0,1.0,17,0,0,17,17,136,136,14,14,2,1.5,0.25,2,1.5,0.25
10787,<=2,1.0,1.0,1.0,1.0,1.0,1.0,1.0,1.0,16,0,0,16,16,120,120,10,10,2,1.5,0.25,2,1.5,0.25
10793,<=2,1.0,1.0,1.0,1.0,1.0,1.0,1.0,1.0,76,0,0,76,76,2850,2850,26,26,2,1.6153846153846154,0.2366863905325444,2,1.6153846153846154,0.2366863905325444
10817,<=2,1.0,1.0,1.0,1.0,1.0,1.0,1.0,1.0,31,0,0,31,31,465,465,17,17,2,1.588235294117647,0.24221453287197234,2,1.588235294117647,0.24221453287197234
10818,<=2,1.0,1.0,1.0,1.0,1.0,1.0,1.0,1.0,68,0,0,68,68,2278,2278,13,13,2,1.3846153846153846,0.23668639053254442,2,1.3846153846153846,0.23668639053254442
10822,<=2,1.0,1.0,1.0,1.0,1.0,1.0,1.0,1.0,37,0,0,37,37,666,666,12,12,2,1.5,0.25,2,1.5,0.25
10831,<=2,1.0,1.0,1.0,1.0,1.0,1.0,1.0,1.0,22,0,0,22,22,231,231,14,14,2,1.5714285714285714,0.24489795918367346,2,1.5714285714285714,0.24489795918367346
10837,<=2,1.0,1.0,1.0,1.0,1.0,1.0,1.0,1.0,165,0,0,165,165,13530,13530,26,26,2,1.6538461538461537,0.22633136094674555,2,1.6538461538461537,0.22633136094674555
10844,<=2,1.0,1.0,1.0,1.0,1.0,1.0,1.0,1.0,132,0,0,132,132,8646,8646,40,40,2,1.45,0.24749999999999997,2,1.45,0.24749999999999997
10851,<=2,1.0,1.0,1.0,1.0,1.0,1.0,1.0,1.0,26,0,0,26,26,325,325,15,15,2,1.4,0.24000000000000005,2,1.4,0.24000000000000005
10856,<=2,1.0,1.0,1.0,1.0,1.0,1.0,1.0,1.0,4,0,0,4,4,6,6,5,5,2,1.6,0.24,2,1.6,0.24
10867,<=2,1.0,1.0,1.0,1.0,1.0,1.0,1.0,1.0,36,0,0,36,36,630,630,13,13,2,1.3846153846153846,0.23668639053254442,2,1.3846153846153846,0.23668639053254442
10871,<=2,1.0,1.0,1.0,1.0,1.0,1.0,1.0,1.0,21,0,0,21,21,210,210,13,13,2,1.4615384615384615,0.24852071005917153,2,1.4615384615384615,0.24852071005917153
10877,<=2,1.0,1.0,1.0,1.0,1.0,1.0,1.0,1.0,67,0,0,67,67,2211,2211,31,31,2,1.5806451612903225,0.2434963579604579,2,1.5806451612903225,0.2434963579604579
10881,<=2,1.0,1.0,1.0,1.0,1.0,1.0,1.0,1.0,142,0,0,142,142,10011,10011,34,34,2,1.5294117647058822,0.24913494809688583,2,1.5294117647058822,0.24913494809688583
10900,<=2,1.0,1.0,1.0,1.0,1.0,1.0,1.0,1.0,22,0,0,22,22,231,231,7,7,1,1.0,0.0,1,1.0,0.0
10903,<=2,1.0,1.0,1.0,1.0,1.0,1.0,1.0,1.0,101,0,0,101,101,5050,5050,30,30,2,1.4,0.24000000000000005,2,1.4,0.24000000000000005
10907,<=2,1.0,1.0,1.0,1.0,1.0,1.0,1.0,1.0,80,0,0,80,80,3160,3160,8,8,2,1.125,0.109375,2,1.125,0.109375
10935,<=2,1.0,1.0,1.0,1.0,1.0,1.0,1.0,1.0,72,0,0,72,72,2556,2556,12,12,2,1.4166666666666667,0.24305555555555555,2,1.4166666666666667,0.24305555555555555
10936,<=2,1.0,1.0,1.0,1.0,1.0,1.0,1.0,1.0,78,0,0,78,78,3003,3003,29,29,2,1.7241379310344827,0.19976218787158143,2,1.7241379310344827,0.19976218787158143
10948,<=2,1.0,1.0,1.0,1.0,1.0,1.0,1.0,1.0,67,0,0,67,67,2211,2211,30,30,2,1.4666666666666666,0.24888888888888888,2,1.4666666666666666,0.24888888888888888
10964,<=2,1.0,1.0,1.0,1.0,1.0,1.0,1.0,1.0,28,0,0,28,28,378,378,13,13,2,1.4615384615384615,0.24852071005917153,2,1.4615384615384615,0.24852071005917153
10966,<=2,1.0,1.0,1.0,1.0,1.0,1.0,1.0,1.0,58,0,0,58,58,1653,1653,27,27,2,1.5185185185185186,0.2496570644718793,2,1.5185185185185186,0.2496570644718793
10969,<=2,1.0,1.0,1.0,1.0,1.0,1.0,1.0,1.0,21,0,0,21,21,210,210,10,10,2,1.3,0.21000000000000002,2,1.3,0.21000000000000002
10981,<=2,1.0,1.0,1.0,1.0,1.0,1.0,1.0,1.0,31,0,0,31,31,465,465,14,14,2,1.2142857142857142,0.1683673469387755,2,1.2142857142857142,0.1683673469387755
11004,<=2,1.0,1.0,1.0,1.0,1.0,1.0,1.0,1.0,51,0,0,51,51,1275,1275,22,22,2,1.5454545454545454,0.24793388429752064,2,1.5454545454545454,0.24793388429752064
11015,<=2,1.0,1.0,1.0,1.0,1.0,1.0,1.0,1.0,152,0,0,152,152,11476,11476,15,15,2,1.6,0.2400000000000001,2,1.6,0.2400000000000001
11025,<=2,1.0,1.0,1.0,1.0,1.0,1.0,1.0,1.0,66,0,0,66,66,2145,2145,18,18,2,1.3888888888888888,0.23765432098765432,2,1.3888888888888888,0.23765432098765432
11041,<=2,1.0,1.0,1.0,1.0,1.0,1.0,1.0,1.0,210,0,0,210,210,21945,21945,16,16,2,1.25,0.1875,2,1.25,0.1875
11042,<=2,1.0,1.0,1.0,1.0,1.0,1.0,1.0,1.0,10,0,0,10,10,45,45,7,7,2,1.2857142857142858,0.20408163265306123,2,1.2857142857142858,0.20408163265306123
11052,<=2,1.0,1.0,1.0,1.0,1.0,1.0,1.0,1.0,6,0,0,6,6,15,15,7,7,2,1.4285714285714286,0.24489795918367346,2,1.4285714285714286,0.24489795918367346
11065,<=2,1.0,1.0,1.0,1.0,1.0,1.0,1.0,1.0,63,0,0,63,63,1953,1953,29,29,2,1.5517241379310345,0.24732461355529137,2,1.5517241379310345,0.24732461355529137
11076,<=2,1.0,1.0,1.0,1.0,1.0,1.0,1.0,1.0,14,0,0,14,14,91,91,8,8,2,1.5,0.25,2,1.5,0.25
11077,<=2,1.0,1.0,1.0,1.0,1.0,1.0,1.0,1.0,30,0,0,30,30,435,435,17,17,2,1.6470588235294117,0.22837370242214536,2,1.6470588235294117,0.22837370242214536
11080,<=2,1.0,1.0,1.0,1.0,1.0,1.0,1.0,1.0,49,0,0,49,49,1176,1176,22,22,2,1.4090909090909092,0.24173553719008256,2,1.4090909090909092,0.24173553719008256
11081,<=2,1.0,1.0,1.0,1.0,1.0,1.0,1.0,1.0,9,0,0,9,9,36,36,5,5,2,1.6,0.24,2,1.6,0.24
11100,<=2,1.0,1.0,1.0,1.0,1.0,1.0,1.0,1.0,24,0,0,24,24,276,276,14,14,2,1.4285714285714286,0.24489795918367346,2,1.4285714285714286,0.24489795918367346
11107,<=2,1.0,1.0,1.0,1.0,1.0,1.0,1.0,1.0,98,0,0,98,98,4753,4753,36,36,2,1.6388888888888888,0.23070987654320993,2,1.6388888888888888,0.23070987654320993
11129,<=2,1.0,1.0,1.0,1.0,1.0,1.0,1.0,1.0,26,0,0,26,26,325,325,14,14,2,1.7142857142857142,0.20408163265306126,2,1.7142857142857142,0.20408163265306126
11138,<=2,1.0,1.0,1.0,1.0,1.0,1.0,1.0,1.0,28,0,0,28,28,378,378,15,15,2,1.4666666666666666,0.24888888888888885,2,1.4666666666666666,0.24888888888888885
11147,<=2,1.0,1.0,1.0,1.0,1.0,1.0,1.0,1.0,31,0,0,31,31,465,465,13,13,2,1.3846153846153846,0.23668639053254442,2,1.3846153846153846,0.23668639053254442
11156,<=2,1.0,1.0,1.0,1.0,1.0,1.0,1.0,1.0,92,0,0,92,92,4186,4186,30,30,2,1.7,0.20999999999999996,2,1.7,0.20999999999999996
11158,<=2,1.0,1.0,1.0,1.0,1.0,1.0,1.0,1.0,50,0,0,50,50,1225,1225,19,19,2,1.4210526315789473,0.24376731301939059,2,1.4210526315789473,0.24376731301939059
11159,<=2,1.0,1.0,1.0,1.0,1.0,1.0,1.0,1.0,114,0,0,114,114,6441,6441,23,23,2,1.4782608695652173,0.24952741020793945,2,1.4782608695652173,0.24952741020793945
11168,<=2,1.0,1.0,1.0,1.0,1.0,1.0,1.0,1.0,14,0,0,14,14,91,91,6,6,2,1.5,0.25,2,1.5,0.25
11169,<=2,1.0,1.0,1.0,1.0,1.0,1.0,1.0,1.0,16,0,0,16,16,120,120,10,10,2,1.6,0.24000000000000005,2,1.6,0.24000000000000005
11172,<=2,1.0,1.0,1.0,1.0,1.0,1.0,1.0,1.0,164,0,0,164,164,13366,13366,29,29,2,1.4137931034482758,0.24256837098692027,2,1.4137931034482758,0.24256837098692027
11181,<=2,1.0,1.0,1.0,1.0,1.0,1.0,1.0,1.0,18,0,0,18,18,153,153,11,11,2,1.4545454545454546,0.24793388429752064,2,1.4545454545454546,0.24793388429752064
11182,<=2,1.0,1.0,1.0,1.0,1.0,1.0,1.0,1.0,134,0,0,134,134,8911,8911,39,39,2,1.5897435897435896,0.24194608809993418,2,1.5897435897435896,0.24194608809993418
11184,<=2,1.0,1.0,1.0,1.0,1.0,1.0,1.0,1.0,33,0,0,33,33,528,528,14,14,2,1.4285714285714286,0.24489795918367346,2,1.4285714285714286,0.24489795918367346
11188,<=2,1.0,1.0,1.0,1.0,1.0,1.0,1.0,1.0,87,0,0,87,87,3741,3741,11,11,2,1.1818181818181819,0.14876033057851237,2,1.1818181818181819,0.14876033057851237
11195,<=2,1.0,1.0,1.0,1.0,1.0,1.0,1.0,1.0,27,0,0,27,27,351,351,14,14,2,1.4285714285714286,0.24489795918367346,2,1.4285714285714286,0.24489795918367346
11196,<=2,1.0,1.0,1.0,1.0,1.0,1.0,1.0,1.0,54,0,0,54,54,1431,1431,13,13,2,1.4615384615384615,0.24852071005917153,2,1.4615384615384615,0.24852071005917153
11198,<=2,1.0,1.0,1.0,1.0,1.0,1.0,1.0,1.0,82,0,0,82,82,3321,3321,35,35,2,1.6,0.24000000000000002,2,1.6,0.24000000000000002
11202,<=2,1.0,1.0,1.0,1.0,1.0,1.0,1.0,1.0,11,0,0,11,11,55,55,10,10,2,1.5,0.25,2,1.5,0.25
11205,<=2,1.0,1.0,1.0,1.0,1.0,1.0,1.0,1.0,95,0,0,95,95,4465,4465,22,22,2,1.7272727272727273,0.1983471074380166,2,1.7272727272727273,0.1983471074380166
11209,<=2,1.0,1.0,1.0,1.0,1.0,1.0,1.0,1.0,71,0,0,71,71,2485,2485,34,34,2,1.4705882352941178,0.24913494809688583,2,1.4705882352941178,0.24913494809688583
11227,<=2,1.0,1.0,1.0,1.0,1.0,1.0,1.0,1.0,13,0,0,13,13,78,78,9,9,2,1.5555555555555556,0.2469135802469136,2,1.5555555555555556,0.2469135802469136
11229,<=2,1.0,1.0,1.0,1.0,1.0,1.0,1.0,1.0,37,0,0,37,37,666,666,21,21,2,1.5238095238095237,0.24943310657596368,2,1.5238095238095237,0.24943310657596368
11231,<=2,1.0,1.0,1.0,1.0,1.0,1.0,1.0,1.0,25,0,0,25,25,300,300,16,16,2,1.4375,0.24609375,2,1.4375,0.24609375
11233,<=2,1.0,1.0,1.0,1.0,1.0,1.0,1.0,1.0,96,0,0,96,96,4560,4560,20,20,2,1.5,0.25,2,1.5,0.25
11238,<=2,1.0,1.0,1.0,1.0,1.0,1.0,1.0,1.0,26,0,0,26,26,325,325,13,13,2,1.6153846153846154,0.23668639053254442,2,1.6153846153846154,0.23668639053254442
11241,<=2,1.0,1.0,1.0,1.0,1.0,1.0,1.0,1.0,117,0,0,117,117,6786,6786,25,25,2,1.4,0.24,2,1.4,0.24
11244,<=2,1.0,1.0,1.0,1.0,1.0,1.0,1.0,1.0,27,0,0,27,27,351,351,16,16,2,1.5625,0.24609375,2,1.5625,0.24609375
11258,<=2,1.0,1.0,1.0,1.0,1.0,1.0,1.0,1.0,48,0,0,48,48,1128,1128,22,22,2,1.5,0.25,2,1.5,0.25
11260,<=2,1.0,1.0,1.0,1.0,1.0,1.0,1.0,1.0,62,0,0,62,62,1891,1891,24,24,2,1.4166666666666667,0.24305555555555555,2,1.4166666666666667,0.24305555555555555
11262,<=2,1.0,1.0,1.0,1.0,1.0,1.0,1.0,1.0,71,0,0,71,71,2485,2485,33,33,2,1.3333333333333333,0.2222222222222222,2,1.3333333333333333,0.2222222222222222
11265,<=2,1.0,1.0,1.0,1.0,1.0,1.0,1.0,1.0,158,0,0,158,158,12403,12403,30,30,2,1.5,0.25,2,1.5,0.25
11269,<=2,1.0,1.0,1.0,1.0,1.0,1.0,1.0,1.0,22,0,0,22,22,231,231,13,13,2,1.1538461538461537,0.13017751479289943,2,1.1538461538461537,0.13017751479289943
11276,<=2,1.0,1.0,1.0,1.0,1.0,1.0,1.0,1.0,46,0,0,46,46,1035,1035,18,18,2,1.3888888888888888,0.23765432098765432,2,1.3888888888888888,0.23765432098765432
11282,<=2,1.0,1.0,1.0,1.0,1.0,1.0,1.0,1.0,36,0,0,36,36,630,630,12,12,2,1.3333333333333333,0.22222222222222224,2,1.3333333333333333,0.22222222222222224
11292,<=2,1.0,1.0,1.0,1.0,1.0,1.0,1.0,1.0,62,0,0,62,62,1891,1891,22,22,2,1.4545454545454546,0.24793388429752064,2,1.4545454545454546,0.24793388429752064
11297,<=2,1.0,1.0,1.0,1.0,1.0,1.0,1.0,1.0,44,0,0,44,44,946,946,17,17,2,1.4705882352941178,0.24913494809688583,2,1.4705882352941178,0.24913494809688583
11299,<=2,1.0,1.0,1.0,1.0,1.0,1.0,1.0,1.0,46,0,0,46,46,1035,1035,19,19,2,1.4736842105263157,0.2493074792243767,2,1.4736842105263157,0.2493074792243767
11304,<=2,1.0,1.0,1.0,1.0,1.0,1.0,1.0,1.0,25,0,0,25,25,300,300,13,13,2,1.4615384615384615,0.24852071005917153,2,1.4615384615384615,0.24852071005917153
11305,<=2,1.0,1.0,1.0,1.0,1.0,1.0,1.0,1.0,100,0,0,100,100,4950,4950,35,35,2,1.4285714285714286,0.24489795918367352,2,1.4285714285714286,0.24489795918367352
11313,<=2,1.0,1.0,1.0,1.0,1.0,1.0,1.0,1.0,22,0,0,22,22,231,231,10,10,2,1.1,0.09,2,1.1,0.09
11316,<=2,1.0,1.0,1.0,1.0,1.0,1.0,1.0,1.0,21,0,0,21,21,210,210,13,13,2,1.6153846153846154,0.23668639053254442,2,1.6153846153846154,0.23668639053254442
11323,<=2,1.0,1.0,1.0,1.0,1.0,1.0,1.0,1.0,40,0,0,40,40,780,780,10,10,2,1.4,0.24000000000000005,2,1.4,0.24000000000000005
11324,<=2,1.0,1.0,1.0,1.0,1.0,1.0,1.0,1.0,7,0,0,7,7,21,21,5,5,2,1.4,0.24,2,1.4,0.24
11326,<=2,1.0,1.0,1.0,1.0,1.0,1.0,1.0,1.0,104,0,0,104,104,5356,5356,30,30,2,1.5333333333333334,0.248888888888889,2,1.5333333333333334,0.248888888888889
11328,<=2,1.0,1.0,1.0,1.0,1.0,1.0,1.0,1.0,61,0,0,61,61,1830,1830,27,27,2,1.3703703703703705,0.23319615912208497,2,1.3703703703703705,0.23319615912208497
11334,<=2,1.0,1.0,1.0,1.0,1.0,1.0,1.0,1.0,28,0,0,28,28,378,378,12,12,2,1.4166666666666667,0.24305555555555555,2,1.4166666666666667,0.24305555555555555
11336,<=2,1.0,1.0,1.0,1.0,1.0,1.0,1.0,1.0,19,0,0,19,19,171,171,11,11,2,1.3636363636363635,0.23140495867768598,2,1.3636363636363635,0.23140495867768598
11347,<=2,1.0,1.0,1.0,1.0,1.0,1.0,1.0,1.0,23,0,0,23,23,253,253,15,15,2,1.4666666666666666,0.24888888888888885,2,1.4666666666666666,0.24888888888888885
11349,<=2,1.0,1.0,1.0,1.0,1.0,1.0,1.0,1.0,44,0,0,44,44,946,946,20,20,2,1.35,0.22749999999999995,2,1.35,0.22749999999999995
11358,<=2,1.0,1.0,1.0,1.0,1.0,1.0,1.0,1.0,17,0,0,17,17,136,136,11,11,2,1.5454545454545454,0.24793388429752064,2,1.5454545454545454,0.24793388429752064
11360,<=2,1.0,1.0,1.0,1.0,1.0,1.0,1.0,1.0,86,0,0,86,86,3655,3655,39,39,2,1.564102564102564,0.24589086127547666,2,1.564102564102564,0.24589086127547666
11373,<=2,1.0,1.0,1.0,1.0,1.0,1.0,1.0,1.0,8,0,0,8,8,28,28,7,7,2,1.1428571428571428,0.12244897959183675,2,1.1428571428571428,0.12244897959183675
11374,<=2,1.0,1.0,1.0,1.0,1.0,1.0,1.0,1.0,31,0,0,31,31,465,465,4,4,2,1.25,0.1875,2,1.25,0.1875
11390,<=2,1.0,1.0,1.0,1.0,1.0,1.0,1.0,1.0,16,0,0,16,16,120,120,9,9,2,1.6666666666666667,0.2222222222222222,2,1.6666666666666667,0.2222222222222222
11401,<=2,1.0,1.0,1.0,1.0,1.0,1.0,1.0,1.0,52,0,0,52,52,1326,1326,25,25,2,1.6,0.24,2,1.6,0.24
11402,<=2,1.0,1.0,1.0,1.0,1.0,1.0,1.0,1.0,230,0,0,230,230,26335,26335,36,36,2,1.5277777777777777,0.24922839506172836,2,1.5277777777777777,0.24922839506172836
11403,<=2,1.0,1.0,1.0,1.0,1.0,1.0,1.0,1.0,26,0,0,26,26,325,325,12,12,2,1.3333333333333333,0.22222222222222224,2,1.3333333333333333,0.22222222222222224
11420,<=2,1.0,1.0,1.0,1.0,1.0,1.0,1.0,1.0,103,0,0,103,103,5253,5253,18,18,2,1.3333333333333333,0.2222222222222222,2,1.3333333333333333,0.2222222222222222
11449,<=2,1.0,1.0,1.0,1.0,1.0,1.0,1.0,1.0,18,0,0,18,18,153,153,11,11,2,1.4545454545454546,0.24793388429752064,2,1.4545454545454546,0.24793388429752064
11461,<=2,1.0,1.0,1.0,1.0,1.0,1.0,1.0,1.0,147,0,0,147,147,10731,10731,21,21,2,1.5238095238095237,0.24943310657596368,2,1.5238095238095237,0.24943310657596368
11485,<=2,1.0,1.0,1.0,1.0,1.0,1.0,1.0,1.0,48,0,0,48,48,1128,1128,20,20,2,1.4,0.24000000000000005,2,1.4,0.24000000000000005
11487,<=2,1.0,1.0,1.0,1.0,1.0,1.0,1.0,1.0,75,0,0,75,75,2775,2775,20,20,2,1.3,0.20999999999999996,2,1.3,0.20999999999999996
11495,<=2,1.0,1.0,1.0,1.0,1.0,1.0,1.0,1.0,16,0,0,16,16,120,120,7,7,2,1.5714285714285714,0.24489795918367346,2,1.5714285714285714,0.24489795918367346
11496,<=2,1.0,1.0,1.0,1.0,1.0,1.0,1.0,1.0,17,0,0,17,17,136,136,11,11,2,1.2727272727272727,0.1983471074380165,2,1.2727272727272727,0.1983471074380165
11497,<=2,1.0,1.0,1.0,1.0,1.0,1.0,1.0,1.0,11,0,0,11,11,55,55,9,9,2,1.5555555555555556,0.2469135802469136,2,1.5555555555555556,0.2469135802469136
11504,<=2,1.0,1.0,1.0,1.0,1.0,1.0,1.0,1.0,25,0,0,25,25,300,300,17,17,2,1.3529411764705883,0.22837370242214536,2,1.3529411764705883,0.22837370242214536
11505,<=2,1.0,1.0,1.0,1.0,1.0,1.0,1.0,1.0,101,0,0,101,101,5050,5050,26,26,2,1.2307692307692308,0.17751479289940833,2,1.2307692307692308,0.17751479289940833
11506,<=2,1.0,1.0,1.0,1.0,1.0,1.0,1.0,1.0,55,0,0,55,55,1485,1485,18,18,2,1.5,0.25,2,1.5,0.25
11508,<=2,1.0,1.0,1.0,1.0,1.0,1.0,1.0,1.0,32,0,0,32,32,496,496,12,12,2,1.5833333333333333,0.24305555555555555,2,1.5833333333333333,0.24305555555555555
11519,<=2,1.0,1.0,1.0,1.0,1.0,1.0,1.0,1.0,95,0,0,95,95,4465,4465,28,28,2,1.5357142857142858,0.24872448979591835,2,1.5357142857142858,0.24872448979591835
11525,<=2,1.0,1.0,1.0,1.0,1.0,1.0,1.0,1.0,15,0,0,15,15,105,105,5,5,2,1.6,0.24,2,1.6,0.24
11537,<=2,1.0,1.0,1.0,1.0,1.0,1.0,1.0,1.0,20,0,0,20,20,190,190,6,6,2,1.5,0.25,2,1.5,0.25
11538,<=2,1.0,1.0,1.0,1.0,1.0,1.0,1.0,1.0,39,0,0,39,39,741,741,30,30,2,1.7333333333333334,0.1955555555555555,2,1.7333333333333334,0.1955555555555555
11544,<=2,1.0,1.0,1.0,1.0,1.0,1.0,1.0,1.0,34,0,0,34,34,561,561,14,14,2,1.6428571428571428,0.2295918367346938,2,1.6428571428571428,0.2295918367346938
11552,<=2,1.0,1.0,1.0,1.0,1.0,1.0,1.0,1.0,31,0,0,31,31,465,465,14,14,2,1.3571428571428572,0.22959183673469385,2,1.3571428571428572,0.22959183673469385
11554,<=2,1.0,1.0,1.0,1.0,1.0,1.0,1.0,1.0,34,0,0,34,34,561,561,11,11,2,1.4545454545454546,0.24793388429752064,2,1.4545454545454546,0.24793388429752064
11567,<=2,1.0,1.0,1.0,1.0,1.0,1.0,1.0,1.0,26,0,0,26,26,325,325,14,14,2,1.5714285714285714,0.24489795918367346,2,1.5714285714285714,0.24489795918367346
11569,<=2,1.0,1.0,1.0,1.0,1.0,1.0,1.0,1.0,158,0,0,158,158,12403,12403,38,38,2,1.605263157894737,0.2389196675900276,2,1.605263157894737,0.2389196675900276
11570,<=2,1.0,1.0,1.0,1.0,1.0,1.0,1.0,1.0,128,0,0,128,128,8128,8128,26,26,2,1.6153846153846154,0.2366863905325444,2,1.6153846153846154,0.2366863905325444
11576,<=2,1.0,1.0,1.0,1.0,1.0,1.0,1.0,1.0,219,0,0,219,219,23871,23871,21,21,2,1.4761904761904763,0.24943310657596368,2,1.4761904761904763,0.24943310657596368
11579,<=2,1.0,1.0,1.0,1.0,1.0,1.0,1.0,1.0,81,0,0,81,81,3240,3240,27,27,2,1.5925925925925926,0.24142661179698213,2,1.5925925925925926,0.24142661179698213
11591,<=2,1.0,1.0,1.0,1.0,1.0,1.0,1.0,1.0,28,0,0,28,28,378,378,19,19,2,1.4736842105263157,0.2493074792243767,2,1.4736842105263157,0.2493074792243767
11618,<=2,1.0,1.0,1.0,1.0,1.0,1.0,1.0,1.0,39,0,0,39,39,741,741,15,15,2,1.4666666666666666,0.24888888888888885,2,1.4666666666666666,0.24888888888888885
11624,<=2,1.0,1.0,1.0,1.0,1.0,1.0,1.0,1.0,107,0,0,107,107,5671,5671,31,31,2,1.6129032258064515,0.23725286160249745,2,1.6129032258064515,0.23725286160249745
11625,<=2,1.0,1.0,1.0,1.0,1.0,1.0,1.0,1.0,70,0,0,70,70,2415,2415,16,16,2,1.5625,0.24609375,2,1.5625,0.24609375
11630,<=2,1.0,1.0,1.0,1.0,1.0,1.0,1.0,1.0,145,0,0,145,145,10440,10440,41,41,2,1.5609756097560976,0.2462819750148721,2,1.5609756097560976,0.2462819750148721
11631,<=2,1.0,1.0,1.0,1.0,1.0,1.0,1.0,1.0,45,0,0,45,45,990,990,25,25,2,1.72,0.20160000000000003,2,1.72,0.20160000000000003
11635,<=2,1.0,1.0,1.0,1.0,1.0,1.0,1.0,1.0,16,0,0,16,16,120,120,12,12,2,1.4166666666666667,0.24305555555555555,2,1.4166666666666667,0.24305555555555555
11638,<=2,1.0,1.0,1.0,1.0,1.0,1.0,1.0,1.0,26,0,0,26,26,325,325,17,17,2,1.3529411764705883,0.22837370242214536,2,1.3529411764705883,0.22837370242214536
11643,<=2,1.0,1.0,1.0,1.0,1.0,1.0,1.0,1.0,26,0,0,26,26,325,325,9,9,2,1.2222222222222223,0.1728395061728395,2,1.2222222222222223,0.1728395061728395
11655,<=2,1.0,1.0,1.0,1.0,1.0,1.0,1.0,1.0,23,0,0,23,23,253,253,16,16,2,1.625,0.234375,2,1.625,0.234375
11658,<=2,1.0,1.0,1.0,1.0,1.0,1.0,1.0,1.0,30,0,0,30,30,435,435,10,10,2,1.4,0.24000000000000005,2,1.4,0.24000000000000005
11661,<=2,1.0,1.0,1.0,1.0,1.0,1.0,1.0,1.0,50,0,0,50,50,1225,1225,21,21,2,1.3333333333333333,0.22222222222222224,2,1.3333333333333333,0.22222222222222224
11667,<=2,1.0,1.0,1.0,1.0,1.0,1.0,1.0,1.0,86,0,0,86,86,3655,3655,11,11,2,1.2727272727272727,0.1983471074380165,2,1.2727272727272727,0.1983471074380165
11677,<=2,1.0,1.0,1.0,1.0,1.0,1.0,1.0,1.0,75,0,0,75,75,2775,2775,16,16,2,1.1875,0.15234375,2,1.1875,0.15234375
11680,<=2,1.0,1.0,1.0,1.0,1.0,1.0,1.0,1.0,56,0,0,56,56,1540,1540,11,11,2,1.3636363636363635,0.23140495867768598,2,1.3636363636363635,0.23140495867768598
11682,<=2,1.0,1.0,1.0,1.0,1.0,1.0,1.0,1.0,28,0,0,28,28,378,378,12,12,2,1.4166666666666667,0.24305555555555555,2,1.4166666666666667,0.24305555555555555
11694,<=2,1.0,1.0,1.0,1.0,1.0,1.0,1.0,1.0,44,0,0,44,44,946,946,24,24,2,1.4583333333333333,0.24826388888888884,2,1.4583333333333333,0.24826388888888884
11696,<=2,1.0,1.0,1.0,1.0,1.0,1.0,1.0,1.0,30,0,0,30,30,435,435,17,17,2,1.411764705882353,0.24221453287197234,2,1.411764705882353,0.24221453287197234
11702,<=2,1.0,1.0,1.0,1.0,1.0,1.0,1.0,1.0,15,0,0,15,15,105,105,13,13,2,1.3076923076923077,0.21301775147928995,2,1.3076923076923077,0.21301775147928995
11703,<=2,1.0,1.0,1.0,1.0,1.0,1.0,1.0,1.0,34,0,0,34,34,561,561,14,14,2,1.2857142857142858,0.20408163265306123,2,1.2857142857142858,0.20408163265306123
11707,<=2,1.0,1.0,1.0,1.0,1.0,1.0,1.0,1.0,29,0,0,29,29,406,406,13,13,2,1.3846153846153846,0.23668639053254442,2,1.3846153846153846,0.23668639053254442
11712,<=2,1.0,1.0,1.0,1.0,1.0,1.0,1.0,1.0,8,0,0,8,8,28,28,7,7,2,1.1428571428571428,0.12244897959183675,2,1.1428571428571428,0.12244897959183675
11719,<=2,1.0,1.0,1.0,1.0,1.0,1.0,1.0,1.0,4,0,0,4,4,6,6,4,4,2,1.25,0.1875,2,1.25,0.1875
11720,<=2,1.0,1.0,1.0,1.0,1.0,1.0,1.0,1.0,82,0,0,82,82,3321,3321,24,24,2,1.4166666666666667,0.24305555555555555,2,1.4166666666666667,0.24305555555555555
11721,<=2,1.0,1.0,1.0,1.0,1.0,1.0,1.0,1.0,19,0,0,19,19,171,171,9,9,2,1.1111111111111112,0.09876543209876544,2,1.1111111111111112,0.09876543209876544
11723,<=2,1.0,1.0,1.0,1.0,1.0,1.0,1.0,1.0,75,0,0,75,75,2775,2775,18,18,2,1.3333333333333333,0.2222222222222222,2,1.3333333333333333,0.2222222222222222
11726,<=2,1.0,1.0,1.0,1.0,1.0,1.0,1.0,1.0,39,0,0,39,39,741,741,14,14,2,1.4285714285714286,0.24489795918367346,2,1.4285714285714286,0.24489795918367346
11737,<=2,1.0,1.0,1.0,1.0,1.0,1.0,1.0,1.0,24,0,0,24,24,276,276,14,14,2,1.5714285714285714,0.24489795918367346,2,1.5714285714285714,0.24489795918367346
11742,<=2,1.0,1.0,1.0,1.0,1.0,1.0,1.0,1.0,25,0,0,25,25,300,300,21,21,2,1.4761904761904763,0.24943310657596368,2,1.4761904761904763,0.24943310657596368
11754,<=2,1.0,1.0,1.0,1.0,1.0,1.0,1.0,1.0,34,0,0,34,34,561,561,20,20,2,1.6,0.24000000000000005,2,1.6,0.24000000000000005
11758,<=2,1.0,1.0,1.0,1.0,1.0,1.0,1.0,1.0,10,0,0,10,10,45,45,8,8,2,1.25,0.1875,2,1.25,0.1875
11766,<=2,1.0,1.0,1.0,1.0,1.0,1.0,1.0,1.0,13,0,0,13,13,78,78,9,9,2,1.6666666666666667,0.2222222222222222,2,1.6666666666666667,0.2222222222222222
11774,<=2,1.0,1.0,1.0,1.0,1.0,1.0,1.0,1.0,60,0,0,60,60,1770,1770,25,25,2,1.36,0.23040000000000002,2,1.36,0.23040000000000002
11775,<=2,1.0,1.0,1.0,1.0,1.0,1.0,1.0,1.0,9,0,0,9,9,36,36,9,9,2,1.5555555555555556,0.2469135802469136,2,1.5555555555555556,0.2469135802469136
11791,<=2,1.0,1.0,1.0,1.0,1.0,1.0,1.0,1.0,80,0,0,80,80,3160,3160,29,29,2,1.5172413793103448,0.2497027348394768,2,1.5172413793103448,0.2497027348394768
11794,<=2,1.0,1.0,1.0,1.0,1.0,1.0,1.0,1.0,102,0,0,102,102,5151,5151,25,25,2,1.52,0.24960000000000004,2,1.52,0.24960000000000004
11796,<=2,1.0,1.0,1.0,1.0,1.0,1.0,1.0,1.0,40,0,0,40,40,780,780,21,21,2,1.4285714285714286,0.24489795918367352,2,1.4285714285714286,0.24489795918367352
11802,<=2,1.0,1.0,1.0,1.0,1.0,1.0,1.0,1.0,163,0,0,163,163,13203,13203,30,30,2,1.6333333333333333,0.23222222222222216,2,1.6333333333333333,0.23222222222222216
11818,<=2,1.0,1.0,1.0,1.0,1.0,1.0,1.0,1.0,55,0,0,55,55,1485,1485,24,24,2,1.4166666666666667,0.24305555555555555,2,1.4166666666666667,0.24305555555555555
11825,<=2,1.0,1.0,1.0,1.0,1.0,1.0,1.0,1.0,27,0,0,27,27,351,351,11,11,2,1.5454545454545454,0.24793388429752064,2,1.5454545454545454,0.24793388429752064
11838,<=2,1.0,1.0,1.0,1.0,1.0,1.0,1.0,1.0,123,0,0,123,123,7503,7503,32,32,2,1.65625,0.2255859375,2,1.65625,0.2255859375
11856,<=2,1.0,1.0,1.0,1.0,1.0,1.0,1.0,1.0,68,0,0,68,68,2278,2278,26,26,2,1.6538461538461537,0.22633136094674555,2,1.6538461538461537,0.22633136094674555
11877,<=2,1.0,1.0,1.0,1.0,1.0,1.0,1.0,1.0,39,0,0,39,39,741,741,21,21,2,1.5714285714285714,0.2448979591836735,2,1.5714285714285714,0.2448979591836735
11925,<=2,1.0,1.0,1.0,1.0,1.0,1.0,1.0,1.0,41,0,0,41,41,820,820,10,10,2,1.4,0.24000000000000005,2,1.4,0.24000000000000005
11926,<=2,1.0,1.0,1.0,1.0,1.0,1.0,1.0,1.0,64,0,0,64,64,2016,2016,12,12,2,1.4166666666666667,0.24305555555555555,2,1.4166666666666667,0.24305555555555555
11948,<=2,1.0,1.0,1.0,1.0,1.0,1.0,1.0,1.0,89,0,0,89,89,3916,3916,20,20,2,1.5,0.25,2,1.5,0.25
11953,<=2,1.0,1.0,1.0,1.0,1.0,1.0,1.0,1.0,12,0,0,12,12,66,66,7,7,2,1.1428571428571428,0.12244897959183675,2,1.1428571428571428,0.12244897959183675
11968,<=2,1.0,1.0,1.0,1.0,1.0,1.0,1.0,1.0,83,0,0,83,83,3403,3403,26,26,2,1.6153846153846154,0.2366863905325444,2,1.6153846153846154,0.2366863905325444
11987,<=2,1.0,1.0,1.0,1.0,1.0,1.0,1.0,1.0,79,0,0,79,79,3081,3081,26,26,2,1.5384615384615385,0.2485207100591716,2,1.5384615384615385,0.2485207100591716
11990,<=2,1.0,1.0,1.0,1.0,1.0,1.0,1.0,1.0,64,0,0,64,64,2016,2016,19,19,2,1.631578947368421,0.2326869806094183,2,1.631578947368421,0.2326869806094183
12014,<=2,1.0,1.0,1.0,1.0,1.0,1.0,1.0,1.0,113,0,0,113,113,6328,6328,28,28,2,1.5714285714285714,0.2448979591836735,2,1.5714285714285714,0.2448979591836735
12015,<=2,1.0,1.0,1.0,1.0,1.0,1.0,1.0,1.0,24,0,0,24,24,276,276,14,14,2,1.4285714285714286,0.24489795918367346,2,1.4285714285714286,0.24489795918367346
12020,<=2,1.0,1.0,1.0,1.0,1.0,1.0,1.0,1.0,153,0,0,153,153,11628,11628,50,50,2,1.64,0.23040000000000002,2,1.64,0.23040000000000002
12021,<=2,1.0,1.0,1.0,1.0,1.0,1.0,1.0,1.0,32,0,0,32,32,496,496,11,11,2,1.4545454545454546,0.24793388429752064,2,1.4545454545454546,0.24793388429752064
12023,<=2,1.0,1.0,1.0,1.0,1.0,1.0,1.0,1.0,3,0,0,3,3,3,3,4,4,2,1.25,0.1875,2,1.25,0.1875
12034,<=2,1.0,1.0,1.0,1.0,1.0,1.0,1.0,1.0,13,0,0,13,13,78,78,10,10,2,1.5,0.25,2,1.5,0.25
12044,<=2,1.0,1.0,1.0,1.0,1.0,1.0,1.0,1.0,82,0,0,82,82,3321,3321,23,23,2,1.391304347826087,0.23818525519848768,2,1.391304347826087,0.23818525519848768
12059,<=2,1.0,1.0,1.0,1.0,1.0,1.0,1.0,1.0,83,0,0,83,83,3403,3403,29,29,2,1.4482758620689655,0.24732461355529126,2,1.4482758620689655,0.24732461355529126
12069,<=2,1.0,1.0,1.0,1.0,1.0,1.0,1.0,1.0,56,0,0,56,56,1540,1540,17,17,2,1.588235294117647,0.24221453287197234,2,1.588235294117647,0.24221453287197234
12070,<=2,1.0,1.0,1.0,1.0,1.0,1.0,1.0,1.0,23,0,0,23,23,253,253,13,13,2,1.5384615384615385,0.24852071005917153,2,1.5384615384615385,0.24852071005917153
12073,<=2,1.0,1.0,1.0,1.0,1.0,1.0,1.0,1.0,5,0,0,5,5,10,10,5,5,2,1.4,0.24,2,1.4,0.24
12079,<=2,1.0,1.0,1.0,1.0,1.0,1.0,1.0,1.0,26,0,0,26,26,325,325,18,18,2,1.3888888888888888,0.23765432098765432,2,1.3888888888888888,0.23765432098765432
12081,<=2,1.0,1.0,1.0,1.0,1.0,1.0,1.0,1.0,52,0,0,52,52,1326,1326,25,25,2,1.52,0.24960000000000004,2,1.52,0.24960000000000004
12085,<=2,1.0,1.0,1.0,1.0,1.0,1.0,1.0,1.0,31,0,0,31,31,465,465,14,14,2,1.2857142857142858,0.20408163265306123,2,1.2857142857142858,0.20408163265306123
12093,<=2,1.0,1.0,1.0,1.0,1.0,1.0,1.0,1.0,137,0,0,137,137,9316,9316,26,26,2,1.3846153846153846,0.2366863905325444,2,1.3846153846153846,0.2366863905325444
12096,<=2,1.0,1.0,1.0,1.0,1.0,1.0,1.0,1.0,25,0,0,25,25,300,300,16,16,2,1.5,0.25,2,1.5,0.25
12098,<=2,1.0,1.0,1.0,1.0,1.0,1.0,1.0,1.0,14,0,0,14,14,91,91,9,9,2,1.3333333333333333,0.2222222222222222,2,1.3333333333333333,0.2222222222222222
12101,<=2,1.0,1.0,1.0,1.0,1.0,1.0,1.0,1.0,69,0,0,69,69,2346,2346,13,13,2,1.4615384615384615,0.24852071005917153,2,1.4615384615384615,0.24852071005917153
12102,<=2,1.0,1.0,1.0,1.0,1.0,1.0,1.0,1.0,34,0,0,34,34,561,561,15,15,2,1.4,0.24000000000000005,2,1.4,0.24000000000000005
12103,<=2,1.0,1.0,1.0,1.0,1.0,1.0,1.0,1.0,93,0,0,93,93,4278,4278,25,25,2,1.4,0.24,2,1.4,0.24
12107,<=2,1.0,1.0,1.0,1.0,1.0,1.0,1.0,1.0,40,0,0,40,40,780,780,14,14,2,1.5714285714285714,0.24489795918367346,2,1.5714285714285714,0.24489795918367346
12108,<=2,1.0,1.0,1.0,1.0,1.0,1.0,1.0,1.0,66,0,0,66,66,2145,2145,26,26,2,1.4230769230769231,0.24408284023668642,2,1.4230769230769231,0.24408284023668642
12115,<=2,1.0,1.0,1.0,1.0,1.0,1.0,1.0,1.0,85,0,0,85,85,3570,3570,25,25,2,1.48,0.24960000000000004,2,1.48,0.24960000000000004
12138,<=2,1.0,1.0,1.0,1.0,1.0,1.0,1.0,1.0,12,0,0,12,12,66,66,7,7,2,1.7142857142857142,0.20408163265306126,2,1.7142857142857142,0.20408163265306126
12146,<=2,1.0,1.0,1.0,1.0,1.0,1.0,1.0,1.0,149,0,0,149,149,11026,11026,33,33,2,1.3636363636363635,0.23140495867768598,2,1.3636363636363635,0.23140495867768598
12147,<=2,1.0,1.0,1.0,1.0,1.0,1.0,1.0,1.0,41,0,0,41,41,820,820,16,16,2,1.5,0.25,2,1.5,0.25
12153,<=2,1.0,1.0,1.0,1.0,1.0,1.0,1.0,1.0,44,0,0,44,44,946,946,24,24,2,1.4166666666666667,0.24305555555555555,2,1.4166666666666667,0.24305555555555555
12154,<=2,1.0,1.0,1.0,1.0,1.0,1.0,1.0,1.0,55,0,0,55,55,1485,1485,34,34,2,1.411764705882353,0.24221453287197234,2,1.411764705882353,0.24221453287197234
12156,<=2,1.0,1.0,1.0,1.0,1.0,1.0,1.0,1.0,52,0,0,52,52,1326,1326,16,16,2,1.4375,0.24609375,2,1.4375,0.24609375
12158,<=2,1.0,1.0,1.0,1.0,1.0,1.0,1.0,1.0,27,0,0,27,27,351,351,15,15,2,1.4,0.24000000000000005,2,1.4,0.24000000000000005
12166,<=2,1.0,1.0,1.0,1.0,1.0,1.0,1.0,1.0,28,0,0,28,28,378,378,13,13,2,1.4615384615384615,0.24852071005917153,2,1.4615384615384615,0.24852071005917153
12169,<=2,1.0,1.0,1.0,1.0,1.0,1.0,1.0,1.0,32,0,0,32,32,496,496,14,14,2,1.5,0.25,2,1.5,0.25
12178,<=2,1.0,1.0,1.0,1.0,1.0,1.0,1.0,1.0,16,0,0,16,16,120,120,7,7,2,1.7142857142857142,0.20408163265306126,2,1.7142857142857142,0.20408163265306126
12179,<=2,1.0,1.0,1.0,1.0,1.0,1.0,1.0,1.0,6,0,0,6,6,15,15,7,7,2,1.4285714285714286,0.24489795918367346,2,1.4285714285714286,0.24489795918367346
12181,<=2,1.0,1.0,1.0,1.0,1.0,1.0,1.0,1.0,29,0,0,29,29,406,406,12,12,2,1.5,0.25,2,1.5,0.25
12182,<=2,1.0,1.0,1.0,1.0,1.0,1.0,1.0,1.0,6,0,0,6,6,15,15,6,6,2,1.6666666666666667,0.2222222222222223,2,1.6666666666666667,0.2222222222222223
12183,<=2,1.0,1.0,1.0,1.0,1.0,1.0,1.0,1.0,42,0,0,42,42,861,861,19,19,2,1.4736842105263157,0.2493074792243767,2,1.4736842105263157,0.2493074792243767
12192,<=2,1.0,1.0,1.0,1.0,1.0,1.0,1.0,1.0,25,0,0,25,25,300,300,12,12,2,1.5833333333333333,0.24305555555555555,2,1.5833333333333333,0.24305555555555555
12204,<=2,1.0,1.0,1.0,1.0,1.0,1.0,1.0,1.0,39,0,0,39,39,741,741,18,18,2,1.3333333333333333,0.2222222222222222,2,1.3333333333333333,0.2222222222222222
12209,<=2,1.0,1.0,1.0,1.0,1.0,1.0,1.0,1.0,33,0,0,33,33,528,528,14,14,2,1.5,0.25,2,1.5,0.25
12228,<=2,1.0,1.0,1.0,1.0,1.0,1.0,1.0,1.0,26,0,0,26,26,325,325,11,11,2,1.4545454545454546,0.24793388429752064,2,1.4545454545454546,0.24793388429752064
12231,<=2,1.0,1.0,1.0,1.0,1.0,1.0,1.0,1.0,12,0,0,12,12,66,66,5,5,2,1.4,0.24,2,1.4,0.24
12240,<=2,1.0,1.0,1.0,1.0,1.0,1.0,1.0,1.0,122,0,0,122,122,7381,7381,41,41,2,1.5365853658536586,0.24866151100535397,2,1.5365853658536586,0.24866151100535397
12241,<=2,1.0,1.0,1.0,1.0,1.0,1.0,1.0,1.0,17,0,0,17,17,136,136,12,12,2,1.5,0.25,2,1.5,0.25
12249,<=2,1.0,1.0,1.0,1.0,1.0,1.0,1.0,1.0,23,0,0,23,23,253,253,11,11,2,1.3636363636363635,0.23140495867768598,2,1.3636363636363635,0.23140495867768598
12251,<=2,1.0,1.0,1.0,1.0,1.0,1.0,1.0,1.0,38,0,0,38,38,703,703,13,13,2,1.5384615384615385,0.24852071005917153,2,1.5384615384615385,0.24852071005917153
12268,<=2,1.0,1.0,1.0,1.0,1.0,1.0,1.0,1.0,39,0,0,39,39,741,741,20,20,2,1.55,0.24749999999999997,2,1.55,0.24749999999999997
12269,<=2,1.0,1.0,1.0,1.0,1.0,1.0,1.0,1.0,55,0,0,55,55,1485,1485,17,17,2,1.6470588235294117,0.22837370242214536,2,1.6470588235294117,0.22837370242214536
12281,<=2,1.0,1.0,1.0,1.0,1.0,1.0,1.0,1.0,25,0,0,25,25,300,300,15,15,2,1.4666666666666666,0.24888888888888885,2,1.4666666666666666,0.24888888888888885
12284,<=2,1.0,1.0,1.0,1.0,1.0,1.0,1.0,1.0,46,0,0,46,46,1035,1035,18,18,2,1.5,0.25,2,1.5,0.25
12307,<=2,1.0,1.0,1.0,1.0,1.0,1.0,1.0,1.0,39,0,0,39,39,741,741,19,19,2,1.4210526315789473,0.24376731301939059,2,1.4210526315789473,0.24376731301939059
12313,<=2,1.0,1.0,1.0,1.0,1.0,1.0,1.0,1.0,41,0,0,41,41,820,820,18,18,2,1.4444444444444444,0.2469135802469136,2,1.4444444444444444,0.2469135802469136
12315,<=2,1.0,1.0,1.0,1.0,1.0,1.0,1.0,1.0,28,0,0,28,28,378,378,13,13,2,1.5384615384615385,0.24852071005917153,2,1.5384615384615385,0.24852071005917153
12319,<=2,1.0,1.0,1.0,1.0,1.0,1.0,1.0,1.0,43,0,0,43,43,903,903,15,15,2,1.4,0.24000000000000005,2,1.4,0.24000000000000005
12333,<=2,1.0,1.0,1.0,1.0,1.0,1.0,1.0,1.0,155,0,0,155,155,11935,11935,28,28,2,1.6071428571428572,0.23852040816326525,2,1.6071428571428572,0.23852040816326525
12345,<=2,1.0,1.0,1.0,1.0,1.0,1.0,1.0,1.0,74,0,0,74,74,2701,2701,15,15,2,1.5333333333333334,0.24888888888888885,2,1.5333333333333334,0.24888888888888885
12372,<=2,1.0,1.0,1.0,1.0,1.0,1.0,1.0,1.0,81,0,0,81,81,3240,3240,30,30,2,1.3666666666666667,0.23222222222222216,2,1.3666666666666667,0.23222222222222216
12375,<=2,1.0,1.0,1.0,1.0,1.0,1.0,1.0,1.0,25,0,0,25,25,300,300,7,7,2,1.7142857142857142,0.20408163265306126,2,1.7142857142857142,0.20408163265306126
12379,<=2,1.0,1.0,1.0,1.0,1.0,1.0,1.0,1.0,38,0,0,38,38,703,703,20,20,2,1.55,0.24749999999999997,2,1.55,0.24749999999999997
12382,<=2,1.0,1.0,1.0,1.0,1.0,1.0,1.0,1.0,54,0,0,54,54,1431,1431,16,16,2,1.5625,0.24609375,2,1.5625,0.24609375
12386,<=2,1.0,1.0,1.0,1.0,1.0,1.0,1.0,1.0,36,0,0,36,36,630,630,10,10,2,1.4,0.24000000000000005,2,1.4,0.24000000000000005
12398,<=2,1.0,1.0,1.0,1.0,1.0,1.0,1.0,1.0,92,0,0,92,92,4186,4186,39,39,2,1.2307692307692308,0.17751479289940833,2,1.2307692307692308,0.17751479289940833
12407,<=2,1.0,1.0,1.0,1.0,1.0,1.0,1.0,1.0,37,0,0,37,37,666,666,10,10,2,1.4,0.24000000000000005,2,1.4,0.24000000000000005
12408,<=2,1.0,1.0,1.0,1.0,1.0,1.0,1.0,1.0,65,0,0,65,65,2080,2080,24,24,2,1.375,0.234375,2,1.375,0.234375
12421,<=2,1.0,1.0,1.0,1.0,1.0,1.0,1.0,1.0,70,0,0,70,70,2415,2415,23,23,2,1.5217391304347827,0.24952741020793945,2,1.5217391304347827,0.24952741020793945
12424,<=2,1.0,1.0,1.0,1.0,1.0,1.0,1.0,1.0,44,0,0,44,44,946,946,13,13,2,1.3076923076923077,0.21301775147928995,2,1.3076923076923077,0.21301775147928995
12434,<=2,1.0,1.0,1.0,1.0,1.0,1.0,1.0,1.0,32,0,0,32,32,496,496,15,15,2,1.4,0.24000000000000005,2,1.4,0.24000000000000005
12440,<=2,1.0,1.0,1.0,1.0,1.0,1.0,1.0,1.0,28,0,0,28,28,378,378,13,13,2,1.4615384615384615,0.24852071005917153,2,1.4615384615384615,0.24852071005917153
12443,<=2,1.0,1.0,1.0,1.0,1.0,1.0,1.0,1.0,34,0,0,34,34,561,561,21,21,2,1.380952380952381,0.23582766439909295,2,1.380952380952381,0.23582766439909295
12455,<=2,1.0,1.0,1.0,1.0,1.0,1.0,1.0,1.0,25,0,0,25,25,300,300,11,11,2,1.2727272727272727,0.1983471074380165,2,1.2727272727272727,0.1983471074380165
12459,<=2,1.0,1.0,1.0,1.0,1.0,1.0,1.0,1.0,137,0,0,137,137,9316,9316,27,27,2,1.5185185185185186,0.2496570644718793,2,1.5185185185185186,0.2496570644718793
12460,<=2,1.0,1.0,1.0,1.0,1.0,1.0,1.0,1.0,16,0,0,16,16,120,120,12,12,2,1.5833333333333333,0.24305555555555555,2,1.5833333333333333,0.24305555555555555
12463,<=2,1.0,1.0,1.0,1.0,1.0,1.0,1.0,1.0,47,0,0,47,47,1081,1081,12,12,2,1.3333333333333333,0.22222222222222224,2,1.3333333333333333,0.22222222222222224
12464,<=2,1.0,1.0,1.0,1.0,1.0,1.0,1.0,1.0,28,0,0,28,28,378,378,11,11,2,1.4545454545454546,0.24793388429752064,2,1.4545454545454546,0.24793388429752064
12471,<=2,1.0,1.0,1.0,1.0,1.0,1.0,1.0,1.0,54,0,0,54,54,1431,1431,30,30,2,1.5333333333333334,0.248888888888889,2,1.5333333333333334,0.248888888888889
12475,<=2,1.0,1.0,1.0,1.0,1.0,1.0,1.0,1.0,21,0,0,21,21,210,210,11,11,2,1.5454545454545454,0.24793388429752064,2,1.5454545454545454,0.24793388429752064
12490,<=2,1.0,1.0,1.0,1.0,1.0,1.0,1.0,1.0,71,0,0,71,71,2485,2485,28,28,2,1.5714285714285714,0.2448979591836735,2,1.5714285714285714,0.2448979591836735
12494,<=2,1.0,1.0,1.0,1.0,1.0,1.0,1.0,1.0,30,0,0,30,30,435,435,13,13,2,1.3846153846153846,0.23668639053254442,2,1.3846153846153846,0.23668639053254442
12495,<=2,1.0,1.0,1.0,1.0,1.0,1.0,1.0,1.0,13,0,0,13,13,78,78,6,6,2,1.5,0.25,2,1.5,0.25
12497,<=2,1.0,1.0,1.0,1.0,1.0,1.0,1.0,1.0,21,0,0,21,21,210,210,11,11,2,1.5454545454545454,0.24793388429752064,2,1.5454545454545454,0.24793388429752064
12524,<=2,1.0,1.0,1.0,1.0,1.0,1.0,1.0,1.0,37,0,0,37,37,666,666,16,16,2,1.3125,0.21484375,2,1.3125,0.21484375
12543,<=2,1.0,1.0,1.0,1.0,1.0,1.0,1.0,1.0,63,0,0,63,63,1953,1953,19,19,2,1.5789473684210527,0.24376731301939059,2,1.5789473684210527,0.24376731301939059
12551,<=2,1.0,1.0,1.0,1.0,1.0,1.0,1.0,1.0,9,0,0,9,9,36,36,6,6,2,1.5,0.25,2,1.5,0.25
12552,<=2,1.0,1.0,1.0,1.0,1.0,1.0,1.0,1.0,48,0,0,48,48,1128,1128,27,27,2,1.6666666666666667,0.22222222222222215,2,1.6666666666666667,0.22222222222222215
12567,<=2,1.0,1.0,1.0,1.0,1.0,1.0,1.0,1.0,8,0,0,8,8,28,28,5,5,2,1.4,0.24,2,1.4,0.24
12570,<=2,1.0,1.0,1.0,1.0,1.0,1.0,1.0,1.0,141,0,0,141,141,9870,9870,31,31,2,1.4193548387096775,0.2434963579604579,2,1.4193548387096775,0.2434963579604579
12574,<=2,1.0,1.0,1.0,1.0,1.0,1.0,1.0,1.0,52,0,0,52,52,1326,1326,15,15,2,1.4,0.24000000000000005,2,1.4,0.24000000000000005
12597,<=2,1.0,1.0,1.0,1.0,1.0,1.0,1.0,1.0,19,0,0,19,19,171,171,10,10,2,1.4,0.24000000000000005,2,1.4,0.24000000000000005
12612,<=2,1.0,1.0,1.0,1.0,1.0,1.0,1.0,1.0,21,0,0,21,21,210,210,13,13,2,1.3076923076923077,0.21301775147928995,2,1.3076923076923077,0.21301775147928995
12614,<=2,1.0,1.0,1.0,1.0,1.0,1.0,1.0,1.0,36,0,0,36,36,630,630,26,26,2,1.7307692307692308,0.1967455621301775,2,1.7307692307692308,0.1967455621301775
12620,<=2,1.0,1.0,1.0,1.0,1.0,1.0,1.0,1.0,83,0,0,83,83,3403,3403,18,18,2,1.3888888888888888,0.23765432098765432,2,1.3888888888888888,0.23765432098765432
12626,<=2,1.0,1.0,1.0,1.0,1.0,1.0,1.0,1.0,60,0,0,60,60,1770,1770,18,18,2,1.4444444444444444,0.2469135802469136,2,1.4444444444444444,0.2469135802469136
12641,<=2,1.0,1.0,1.0,1.0,1.0,1.0,1.0,1.0,41,0,0,41,41,820,820,14,14,2,1.4285714285714286,0.24489795918367346,2,1.4285714285714286,0.24489795918367346
12647,<=2,1.0,1.0,1.0,1.0,1.0,1.0,1.0,1.0,16,0,0,16,16,120,120,13,13,2,1.5384615384615385,0.24852071005917153,2,1.5384615384615385,0.24852071005917153
12664,<=2,1.0,1.0,1.0,1.0,1.0,1.0,1.0,1.0,46,0,0,46,46,1035,1035,21,21,2,1.2857142857142858,0.20408163265306126,2,1.2857142857142858,0.20408163265306126
12669,<=2,1.0,1.0,1.0,1.0,1.0,1.0,1.0,1.0,60,0,0,60,60,1770,1770,22,22,2,1.5454545454545454,0.24793388429752064,2,1.5454545454545454,0.24793388429752064
12673,<=2,1.0,1.0,1.0,1.0,1.0,1.0,1.0,1.0,45,0,0,45,45,990,990,26,26,2,1.4615384615384615,0.24852071005917156,2,1.4615384615384615,0.24852071005917156
12678,<=2,1.0,1.0,1.0,1.0,1.0,1.0,1.0,1.0,41,0,0,41,41,820,820,28,28,2,1.4285714285714286,0.24489795918367355,2,1.4285714285714286,0.24489795918367355
12679,<=2,1.0,1.0,1.0,1.0,1.0,1.0,1.0,1.0,17,0,0,17,17,136,136,8,8,2,1.125,0.109375,2,1.125,0.109375
12681,<=2,1.0,1.0,1.0,1.0,1.0,1.0,1.0,1.0,29,0,0,29,29,406,406,14,14,2,1.3571428571428572,0.22959183673469385,2,1.3571428571428572,0.22959183673469385
12690,<=2,1.0,1.0,1.0,1.0,1.0,1.0,1.0,1.0,4,0,0,4,4,6,6,5,5,2,1.4,0.24,2,1.4,0.24
12696,<=2,1.0,1.0,1.0,1.0,1.0,1.0,1.0,1.0,31,0,0,31,31,465,465,10,10,2,1.4,0.24000000000000005,2,1.4,0.24000000000000005
12700,<=2,1.0,1.0,1.0,1.0,1.0,1.0,1.0,1.0,111,0,0,111,111,6105,6105,40,40,2,1.5,0.25,2,1.5,0.25
12701,<=2,1.0,1.0,1.0,1.0,1.0,1.0,1.0,1.0,6,0,0,6,6,15,15,6,6,2,1.1666666666666667,0.13888888888888887,2,1.1666666666666667,0.13888888888888887
12704,<=2,1.0,1.0,1.0,1.0,1.0,1.0,1.0,1.0,56,0,0,56,56,1540,1540,18,18,2,1.5555555555555556,0.2469135802469136,2,1.5555555555555556,0.2469135802469136
12706,<=2,1.0,1.0,1.0,1.0,1.0,1.0,1.0,1.0,176,0,0,176,176,15400,15400,21,21,2,1.2380952380952381,0.18140589569160998,2,1.2380952380952381,0.18140589569160998
12711,<=2,1.0,1.0,1.0,1.0,1.0,1.0,1.0,1.0,68,0,0,68,68,2278,2278,36,36,2,1.4166666666666667,0.24305555555555555,2,1.4166666666666667,0.24305555555555555
12728,<=2,1.0,1.0,1.0,1.0,1.0,1.0,1.0,1.0,49,0,0,49,49,1176,1176,22,22,2,1.5909090909090908,0.24173553719008256,2,1.5909090909090908,0.24173553719008256
12731,<=2,1.0,1.0,1.0,1.0,1.0,1.0,1.0,1.0,115,0,0,115,115,6555,6555,25,25,2,1.48,0.24960000000000004,2,1.48,0.24960000000000004
12733,<=2,1.0,1.0,1.0,1.0,1.0,1.0,1.0,1.0,7,0,0,7,7,21,21,6,6,2,1.5,0.25,2,1.5,0.25
12735,<=2,1.0,1.0,1.0,1.0,1.0,1.0,1.0,1.0,54,0,0,54,54,1431,1431,20,20,2,1.5,0.25,2,1.5,0.25
12744,<=2,1.0,1.0,1.0,1.0,1.0,1.0,1.0,1.0,94,0,0,94,94,4371,4371,32,32,2,1.6875,0.21484375,2,1.6875,0.21484375
12750,<=2,1.0,1.0,1.0,1.0,1.0,1.0,1.0,1.0,25,0,0,25,25,300,300,10,10,2,1.5,0.25,2,1.5,0.25
12756,<=2,1.0,1.0,1.0,1.0,1.0,1.0,1.0,1.0,16,0,0,16,16,120,120,11,11,2,1.4545454545454546,0.24793388429752064,2,1.4545454545454546,0.24793388429752064
12764,<=2,1.0,1.0,1.0,1.0,1.0,1.0,1.0,1.0,18,0,0,18,18,153,153,11,11,2,1.5454545454545454,0.24793388429752064,2,1.5454545454545454,0.24793388429752064
12766,<=2,1.0,1.0,1.0,1.0,1.0,1.0,1.0,1.0,66,0,0,66,66,2145,2145,28,28,2,1.6071428571428572,0.23852040816326525,2,1.6071428571428572,0.23852040816326525
12784,<=2,1.0,1.0,1.0,1.0,1.0,1.0,1.0,1.0,49,0,0,49,49,1176,1176,21,21,2,1.5238095238095237,0.24943310657596368,2,1.5238095238095237,0.24943310657596368
12786,<=2,1.0,1.0,1.0,1.0,1.0,1.0,1.0,1.0,10,0,0,10,10,45,45,6,6,2,1.1666666666666667,0.13888888888888887,2,1.1666666666666667,0.13888888888888887
12790,<=2,1.0,1.0,1.0,1.0,1.0,1.0,1.0,1.0,42,0,0,42,42,861,861,13,13,2,1.5384615384615385,0.24852071005917153,2,1.5384615384615385,0.24852071005917153
12792,<=2,1.0,1.0,1.0,1.0,1.0,1.0,1.0,1.0,24,0,0,24,24,276,276,14,14,2,1.5714285714285714,0.24489795918367346,2,1.5714285714285714,0.24489795918367346
12795,<=2,1.0,1.0,1.0,1.0,1.0,1.0,1.0,1.0,27,0,0,27,27,351,351,14,14,2,1.7857142857142858,0.16836734693877545,2,1.7857142857142858,0.16836734693877545
12797,<=2,1.0,1.0,1.0,1.0,1.0,1.0,1.0,1.0,17,0,0,17,17,136,136,11,11,2,1.5454545454545454,0.24793388429752064,2,1.5454545454545454,0.24793388429752064
12805,<=2,1.0,1.0,1.0,1.0,1.0,1.0,1.0,1.0,84,0,0,84,84,3486,3486,35,35,2,1.542857142857143,0.24816326530612254,2,1.542857142857143,0.24816326530612254
12809,<=2,1.0,1.0,1.0,1.0,1.0,1.0,1.0,1.0,123,0,0,123,123,7503,7503,23,23,2,1.5217391304347827,0.24952741020793945,2,1.5217391304347827,0.24952741020793945
12810,<=2,1.0,1.0,1.0,1.0,1.0,1.0,1.0,1.0,192,0,0,192,192,18336,18336,33,33,2,1.5454545454545454,0.24793388429752067,2,1.5454545454545454,0.24793388429752067
12817,<=2,1.0,1.0,1.0,1.0,1.0,1.0,1.0,1.0,34,0,0,34,34,561,561,15,15,2,1.5333333333333334,0.24888888888888885,2,1.5333333333333334,0.24888888888888885
12822,<=2,1.0,1.0,1.0,1.0,1.0,1.0,1.0,1.0,100,0,0,100,100,4950,4950,20,20,2,1.45,0.2475,2,1.45,0.2475
12824,<=2,1.0,1.0,1.0,1.0,1.0,1.0,1.0,1.0,19,0,0,19,19,171,171,8,8,2,1.375,0.234375,2,1.375,0.234375
12825,<=2,1.0,1.0,1.0,1.0,1.0,1.0,1.0,1.0,53,0,0,53,53,1378,1378,27,27,2,1.4444444444444444,0.24691358024691362,2,1.4444444444444444,0.24691358024691362
12827,<=2,1.0,1.0,1.0,1.0,1.0,1.0,1.0,1.0,14,0,0,14,14,91,91,11,11,2,1.4545454545454546,0.24793388429752064,2,1.4545454545454546,0.24793388429752064
12833,<=2,1.0,1.0,1.0,1.0,1.0,1.0,1.0,1.0,91,0,0,91,91,4095,4095,27,27,2,1.3333333333333333,0.2222222222222222,2,1.3333333333333333,0.2222222222222222
12860,<=2,1.0,1.0,1.0,1.0,1.0,1.0,1.0,1.0,27,0,0,27,27,351,351,11,11,2,1.4545454545454546,0.24793388429752064,2,1.4545454545454546,0.24793388429752064
12861,<=2,1.0,1.0,1.0,1.0,1.0,1.0,1.0,1.0,168,0,0,168,168,14028,14028,33,33,2,1.5151515151515151,0.2497704315886134,2,1.5151515151515151,0.2497704315886134
12864,<=2,1.0,1.0,1.0,1.0,1.0,1.0,1.0,1.0,21,0,0,21,21,210,210,8,8,2,1.625,0.234375,2,1.625,0.234375
12875,<=2,1.0,1.0,1.0,1.0,1.0,1.0,1.0,1.0,23,0,0,23,23,253,253,9,9,2,1.5555555555555556,0.2469135802469136,2,1.5555555555555556,0.2469135802469136
12876,<=2,1.0,1.0,1.0,1.0,1.0,1.0,1.0,1.0,42,0,0,42,42,861,861,26,26,2,1.4615384615384615,0.24852071005917156,2,1.4615384615384615,0.24852071005917156
12883,<=2,1.0,1.0,1.0,1.0,1.0,1.0,1.0,1.0,9,0,0,9,9,36,36,6,6,2,1.1666666666666667,0.13888888888888887,2,1.1666666666666667,0.13888888888888887
12884,<=2,1.0,1.0,1.0,1.0,1.0,1.0,1.0,1.0,40,0,0,40,40,780,780,24,24,2,1.4583333333333333,0.24826388888888884,2,1.4583333333333333,0.24826388888888884
12887,<=2,1.0,1.0,1.0,1.0,1.0,1.0,1.0,1.0,86,0,0,86,86,3655,3655,37,37,2,1.4594594594594594,0.24835646457268085,2,1.4594594594594594,0.24835646457268085
12895,<=2,1.0,1.0,1.0,1.0,1.0,1.0,1.0,1.0,45,0,0,45,45,990,990,14,14,2,1.5,0.25,2,1.5,0.25
12896,<=2,1.0,1.0,1.0,1.0,1.0,1.0,1.0,1.0,20,0,0,20,20,190,190,14,14,2,1.2142857142857142,0.1683673469387755,2,1.2142857142857142,0.1683673469387755
12897,<=2,1.0,1.0,1.0,1.0,1.0,1.0,1.0,1.0,101,0,0,101,101,5050,5050,23,23,2,1.4782608695652173,0.24952741020793945,2,1.4782608695652173,0.24952741020793945
12902,<=2,1.0,1.0,1.0,1.0,1.0,1.0,1.0,1.0,9,0,0,9,9,36,36,5,5,2,1.2,0.16,2,1.2,0.16
12916,<=2,1.0,1.0,1.0,1.0,1.0,1.0,1.0,1.0,43,0,0,43,43,903,903,16,16,2,1.375,0.234375,2,1.375,0.234375
12923,<=2,1.0,1.0,1.0,1.0,1.0,1.0,1.0,1.0,11,0,0,11,11,55,55,8,8,2,1.375,0.234375,2,1.375,0.234375
12927,<=2,1.0,1.0,1.0,1.0,1.0,1.0,1.0,1.0,15,0,0,15,15,105,105,9,9,2,1.4444444444444444,0.2469135802469136,2,1.4444444444444444,0.2469135802469136
12930,<=2,1.0,1.0,1.0,1.0,1.0,1.0,1.0,1.0,37,0,0,37,37,666,666,21,21,2,1.380952380952381,0.23582766439909295,2,1.380952380952381,0.23582766439909295
12933,<=2,1.0,1.0,1.0,1.0,1.0,1.0,1.0,1.0,58,0,0,58,58,1653,1653,26,26,2,1.6153846153846154,0.2366863905325444,2,1.6153846153846154,0.2366863905325444
12947,<=2,1.0,1.0,1.0,1.0,1.0,1.0,1.0,1.0,52,0,0,52,52,1326,1326,21,21,2,1.5714285714285714,0.2448979591836735,2,1.5714285714285714,0.2448979591836735
12953,<=2,1.0,1.0,1.0,1.0,1.0,1.0,1.0,1.0,9,0,0,9,9,36,36,6,6,2,1.3333333333333333,0.22222222222222224,2,1.3333333333333333,0.22222222222222224
12959,<=2,1.0,1.0,1.0,1.0,1.0,1.0,1.0,1.0,11,0,0,11,11,55,55,10,10,2,1.5,0.25,2,1.5,0.25
12966,<=2,1.0,1.0,1.0,1.0,1.0,1.0,1.0,1.0,16,0,0,16,16,120,120,10,10,2,1.6,0.24000000000000005,2,1.6,0.24000000000000005
12979,<=2,1.0,1.0,1.0,1.0,1.0,1.0,1.0,1.0,60,0,0,60,60,1770,1770,19,19,2,1.4736842105263157,0.2493074792243767,2,1.4736842105263157,0.2493074792243767
12983,<=2,1.0,1.0,1.0,1.0,1.0,1.0,1.0,1.0,68,0,0,68,68,2278,2278,29,29,2,1.4482758620689655,0.24732461355529126,2,1.4482758620689655,0.24732461355529126
12986,<=2,1.0,1.0,1.0,1.0,1.0,1.0,1.0,1.0,18,0,0,18,18,153,153,8,8,2,1.25,0.1875,2,1.25,0.1875
12998,<=2,1.0,1.0,1.0,1.0,1.0,1.0,1.0,1.0,30,0,0,30,30,435,435,8,8,2,1.125,0.109375,2,1.125,0.109375
13000,<=2,1.0,1.0,1.0,1.0,1.0,1.0,1.0,1.0,95,0,0,95,95,4465,4465,22,22,2,1.5,0.25,2,1.5,0.25
13016,<=2,1.0,1.0,1.0,1.0,1.0,1.0,1.0,1.0,9,0,0,9,9,36,36,7,7,2,1.2857142857142858,0.20408163265306123,2,1.2857142857142858,0.20408163265306123
13020,<=2,1.0,1.0,1.0,1.0,1.0,1.0,1.0,1.0,153,0,0,153,153,11628,11628,19,19,2,1.368421052631579,0.23268698060941825,2,1.368421052631579,0.23268698060941825
13031,<=2,1.0,1.0,1.0,1.0,1.0,1.0,1.0,1.0,7,0,0,7,7,21,21,8,8,2,1.375,0.234375,2,1.375,0.234375
13035,<=2,1.0,1.0,1.0,1.0,1.0,1.0,1.0,1.0,27,0,0,27,27,351,351,14,14,2,1.3571428571428572,0.22959183673469385,2,1.3571428571428572,0.22959183673469385
13045,<=2,1.0,1.0,1.0,1.0,1.0,1.0,1.0,1.0,55,0,0,55,55,1485,1485,16,16,2,1.25,0.1875,2,1.25,0.1875
13061,<=2,1.0,1.0,1.0,1.0,1.0,1.0,1.0,1.0,45,0,0,45,45,990,990,9,9,2,1.3333333333333333,0.2222222222222222,2,1.3333333333333333,0.2222222222222222
13076,<=2,1.0,1.0,1.0,1.0,1.0,1.0,1.0,1.0,46,0,0,46,46,1035,1035,12,12,2,1.5,0.25,2,1.5,0.25
13082,<=2,1.0,1.0,1.0,1.0,1.0,1.0,1.0,1.0,29,0,0,29,29,406,406,16,16,2,1.3125,0.21484375,2,1.3125,0.21484375
13121,<=2,1.0,1.0,1.0,1.0,1.0,1.0,1.0,1.0,138,0,0,138,138,9453,9453,23,23,2,1.3478260869565217,0.2268431001890359,2,1.3478260869565217,0.2268431001890359
13124,<=2,1.0,1.0,1.0,1.0,1.0,1.0,1.0,1.0,75,0,0,75,75,2775,2775,18,18,2,1.6111111111111112,0.23765432098765427,2,1.6111111111111112,0.23765432098765427
13127,<=2,1.0,1.0,1.0,1.0,1.0,1.0,1.0,1.0,76,0,0,76,76,2850,2850,20,20,2,1.4,0.24000000000000005,2,1.4,0.24000000000000005
13129,<=2,1.0,1.0,1.0,1.0,1.0,1.0,1.0,1.0,50,0,0,50,50,1225,1225,15,15,2,1.1333333333333333,0.11555555555555556,2,1.1333333333333333,0.11555555555555556
13132,<=2,1.0,1.0,1.0,1.0,1.0,1.0,1.0,1.0,38,0,0,38,38,703,703,20,20,2,1.6,0.24000000000000005,2,1.6,0.24000000000000005
13140,<=2,1.0,1.0,1.0,1.0,1.0,1.0,1.0,1.0,63,0,0,63,63,1953,1953,33,33,2,1.4848484848484849,0.2497704315886134,2,1.4848484848484849,0.2497704315886134
13144,<=2,1.0,1.0,1.0,1.0,1.0,1.0,1.0,1.0,124,0,0,124,124,7626,7626,35,35,2,1.4857142857142858,0.2497959183673469,2,1.4857142857142858,0.2497959183673469
13145,<=2,1.0,1.0,1.0,1.0,1.0,1.0,1.0,1.0,10,0,0,10,10,45,45,6,6,2,1.3333333333333333,0.22222222222222224,2,1.3333333333333333,0.22222222222222224
13146,<=2,1.0,1.0,1.0,1.0,1.0,1.0,1.0,1.0,36,0,0,36,36,630,630,9,9,2,1.2222222222222223,0.1728395061728395,2,1.2222222222222223,0.1728395061728395
13148,<=2,1.0,1.0,1.0,1.0,1.0,1.0,1.0,1.0,100,0,0,100,100,4950,4950,20,20,2,1.55,0.24749999999999997,2,1.55,0.24749999999999997
13150,<=2,1.0,1.0,1.0,1.0,1.0,1.0,1.0,1.0,48,0,0,48,48,1128,1128,11,11,2,1.6363636363636365,0.23140495867768598,2,1.6363636363636365,0.23140495867768598
13158,<=2,1.0,1.0,1.0,1.0,1.0,1.0,1.0,1.0,11,0,0,11,11,55,55,9,9,2,1.3333333333333333,0.2222222222222222,2,1.3333333333333333,0.2222222222222222
13159,<=2,1.0,1.0,1.0,1.0,1.0,1.0,1.0,1.0,22,0,0,22,22,231,231,14,14,2,1.5,0.25,2,1.5,0.25
13160,<=2,1.0,1.0,1.0,1.0,1.0,1.0,1.0,1.0,19,0,0,19,19,171,171,12,12,2,1.4166666666666667,0.24305555555555555,2,1.4166666666666667,0.24305555555555555
13169,<=2,1.0,1.0,1.0,1.0,1.0,1.0,1.0,1.0,18,0,0,18,18,153,153,8,8,2,1.625,0.234375,2,1.625,0.234375
13172,<=2,1.0,1.0,1.0,1.0,1.0,1.0,1.0,1.0,67,0,0,67,67,2211,2211,34,34,2,1.5588235294117647,0.2465397923875432,2,1.5588235294117647,0.2465397923875432
13175,<=2,1.0,1.0,1.0,1.0,1.0,1.0,1.0,1.0,37,0,0,37,37,666,666,20,20,2,1.45,0.2475,2,1.45,0.2475
13176,<=2,1.0,1.0,1.0,1.0,1.0,1.0,1.0,1.0,34,0,0,34,34,561,561,21,21,2,1.619047619047619,0.23582766439909295,2,1.619047619047619,0.23582766439909295
13182,<=2,1.0,1.0,1.0,1.0,1.0,1.0,1.0,1.0,59,0,0,59,59,1711,1711,17,17,2,1.2352941176470589,0.17993079584775087,2,1.2352941176470589,0.17993079584775087
13195,<=2,1.0,1.0,1.0,1.0,1.0,1.0,1.0,1.0,18,0,0,18,18,153,153,13,13,2,1.5384615384615385,0.24852071005917153,2,1.5384615384615385,0.24852071005917153
13198,<=2,1.0,1.0,1.0,1.0,1.0,1.0,1.0,1.0,111,0,0,111,111,6105,6105,36,36,2,1.5277777777777777,0.24922839506172836,2,1.5277777777777777,0.24922839506172836
13202,<=2,1.0,1.0,1.0,1.0,1.0,1.0,1.0,1.0,29,0,0,29,29,406,406,17,17,2,1.5294117647058822,0.24913494809688583,2,1.5294117647058822,0.24913494809688583
13215,<=2,1.0,1.0,1.0,1.0,1.0,1.0,1.0,1.0,31,0,0,31,31,465,465,17,17,2,1.5294117647058822,0.24913494809688583,2,1.5294117647058822,0.24913494809688583
13220,<=2,1.0,1.0,1.0,1.0,1.0,1.0,1.0,1.0,84,0,0,84,84,3486,3486,23,23,2,1.391304347826087,0.23818525519848768,2,1.391304347826087,0.23818525519848768
13228,<=2,1.0,1.0,1.0,1.0,1.0,1.0,1.0,1.0,33,0,0,33,33,528,528,20,20,2,1.3,0.20999999999999996,2,1.3,0.20999999999999996
13232,<=2,1.0,1.0,1.0,1.0,1.0,1.0,1.0,1.0,11,0,0,11,11,55,55,8,8,2,1.125,0.109375,2,1.125,0.109375
13235,<=2,1.0,1.0,1.0,1.0,1.0,1.0,1.0,1.0,27,0,0,27,27,351,351,10,10,2,1.4,0.24000000000000005,2,1.4,0.24000000000000005
13252,<=2,1.0,1.0,1.0,1.0,1.0,1.0,1.0,1.0,51,0,0,51,51,1275,1275,28,28,2,1.4642857142857142,0.2487244897959184,2,1.4642857142857142,0.2487244897959184
13258,<=2,1.0,1.0,1.0,1.0,1.0,1.0,1.0,1.0,84,0,0,84,84,3486,3486,25,25,2,1.6,0.24,2,1.6,0.24
13267,<=2,1.0,1.0,1.0,1.0,1.0,1.0,1.0,1.0,46,0,0,46,46,1035,1035,29,29,2,1.7586206896551724,0.18311533888228293,2,1.7586206896551724,0.18311533888228293
13273,<=2,1.0,1.0,1.0,1.0,1.0,1.0,1.0,1.0,129,0,0,129,129,8256,8256,29,29,2,1.6206896551724137,0.23543400713436385,2,1.6206896551724137,0.23543400713436385
13274,<=2,1.0,1.0,1.0,1.0,1.0,1.0,1.0,1.0,49,0,0,49,49,1176,1176,25,25,2,1.68,0.21760000000000002,2,1.68,0.21760000000000002
13278,<=2,1.0,1.0,1.0,1.0,1.0,1.0,1.0,1.0,23,0,0,23,23,253,253,14,14,2,1.5714285714285714,0.24489795918367346,2,1.5714285714285714,0.24489795918367346
13284,<=2,1.0,1.0,1.0,1.0,1.0,1.0,1.0,1.0,32,0,0,32,32,496,496,14,14,2,1.2857142857142858,0.20408163265306123,2,1.2857142857142858,0.20408163265306123
13290,<=2,1.0,1.0,1.0,1.0,1.0,1.0,1.0,1.0,98,0,0,98,98,4753,4753,37,37,2,1.5945945945945945,0.24105186267348436,2,1.5945945945945945,0.24105186267348436
13292,<=2,1.0,1.0,1.0,1.0,1.0,1.0,1.0,1.0,51,0,0,51,51,1275,1275,28,28,2,1.5,0.25,2,1.5,0.25
13294,<=2,1.0,1.0,1.0,1.0,1.0,1.0,1.0,1.0,45,0,0,45,45,990,990,17,17,2,1.5294117647058822,0.24913494809688583,2,1.5294117647058822,0.24913494809688583
13300,<=2,1.0,1.0,1.0,1.0,1.0,1.0,1.0,1.0,32,0,0,32,32,496,496,13,13,2,1.5384615384615385,0.24852071005917153,2,1.5384615384615385,0.24852071005917153
13320,<=2,1.0,1.0,1.0,1.0,1.0,1.0,1.0,1.0,10,0,0,10,10,45,45,9,9,2,1.4444444444444444,0.2469135802469136,2,1.4444444444444444,0.2469135802469136
13325,<=2,1.0,1.0,1.0,1.0,1.0,1.0,1.0,1.0,85,0,0,85,85,3570,3570,29,29,2,1.4137931034482758,0.24256837098692027,2,1.4137931034482758,0.24256837098692027
13332,<=2,1.0,1.0,1.0,1.0,1.0,1.0,1.0,1.0,76,0,0,76,76,2850,2850,27,27,2,1.5185185185185186,0.2496570644718793,2,1.5185185185185186,0.2496570644718793
13336,<=2,1.0,1.0,1.0,1.0,1.0,1.0,1.0,1.0,54,0,0,54,54,1431,1431,26,26,2,1.5,0.25,2,1.5,0.25
13352,<=2,1.0,1.0,1.0,1.0,1.0,1.0,1.0,1.0,52,0,0,52,52,1326,1326,17,17,2,1.588235294117647,0.24221453287197234,2,1.588235294117647,0.24221453287197234
13355,<=2,1.0,1.0,1.0,1.0,1.0,1.0,1.0,1.0,61,0,0,61,61,1830,1830,26,26,2,1.5384615384615385,0.2485207100591716,2,1.5384615384615385,0.2485207100591716
13356,<=2,1.0,1.0,1.0,1.0,1.0,1.0,1.0,1.0,48,0,0,48,48,1128,1128,12,12,2,1.3333333333333333,0.22222222222222224,2,1.3333333333333333,0.22222222222222224
13357,<=2,1.0,1.0,1.0,1.0,1.0,1.0,1.0,1.0,34,0,0,34,34,561,561,20,20,2,1.25,0.1875,2,1.25,0.1875
13372,<=2,1.0,1.0,1.0,1.0,1.0,1.0,1.0,1.0,95,0,0,95,95,4465,4465,26,26,2,1.3461538461538463,0.22633136094674555,2,1.3461538461538463,0.22633136094674555
13383,<=2,1.0,1.0,1.0,1.0,1.0,1.0,1.0,1.0,68,0,0,68,68,2278,2278,23,23,2,1.434782608695652,0.2457466918714555,2,1.434782608695652,0.2457466918714555
13397,<=2,1.0,1.0,1.0,1.0,1.0,1.0,1.0,1.0,49,0,0,49,49,1176,1176,15,15,2,1.6,0.2400000000000001,2,1.6,0.2400000000000001
13415,<=2,1.0,1.0,1.0,1.0,1.0,1.0,1.0,1.0,41,0,0,41,41,820,820,14,14,2,1.5714285714285714,0.24489795918367346,2,1.5714285714285714,0.24489795918367346
13417,<=2,1.0,1.0,1.0,1.0,1.0,1.0,1.0,1.0,133,0,0,133,133,8778,8778,33,33,2,1.5151515151515151,0.2497704315886134,2,1.5151515151515151,0.2497704315886134
13420,<=2,1.0,1.0,1.0,1.0,1.0,1.0,1.0,1.0,113,0,0,113,113,6328,6328,24,24,2,1.375,0.234375,2,1.375,0.234375
13428,<=2,1.0,1.0,1.0,1.0,1.0,1.0,1.0,1.0,18,0,0,18,18,153,153,9,9,2,1.3333333333333333,0.2222222222222222,2,1.3333333333333333,0.2222222222222222
13445,<=2,1.0,1.0,1.0,1.0,1.0,1.0,1.0,1.0,53,0,0,53,53,1378,1378,22,22,2,1.4090909090909092,0.24173553719008256,2,1.4090909090909092,0.24173553719008256
13452,<=2,1.0,1.0,1.0,1.0,1.0,1.0,1.0,1.0,27,0,0,27,27,351,351,17,17,2,1.2941176470588236,0.20761245674740486,2,1.2941176470588236,0.20761245674740486
13455,<=2,1.0,1.0,1.0,1.0,1.0,1.0,1.0,1.0,90,0,0,90,90,4005,4005,27,27,2,1.6296296296296295,0.23319615912208502,2,1.6296296296296295,0.23319615912208502
13463,<=2,1.0,1.0,1.0,1.0,1.0,1.0,1.0,1.0,40,0,0,40,40,780,780,19,19,2,1.3157894736842106,0.2160664819944598,2,1.3157894736842106,0.2160664819944598
13465,<=2,1.0,1.0,1.0,1.0,1.0,1.0,1.0,1.0,64,0,0,64,64,2016,2016,20,20,2,1.6,0.24000000000000005,2,1.6,0.24000000000000005
13471,<=2,1.0,1.0,1.0,1.0,1.0,1.0,1.0,1.0,11,0,0,11,11,55,55,7,7,2,1.5714285714285714,0.24489795918367346,2,1.5714285714285714,0.24489795918367346
13473,<=2,1.0,1.0,1.0,1.0,1.0,1.0,1.0,1.0,18,0,0,18,18,153,153,14,14,2,1.6428571428571428,0.2295918367346938,2,1.6428571428571428,0.2295918367346938
13482,<=2,1.0,1.0,1.0,1.0,1.0,1.0,1.0,1.0,12,0,0,12,12,66,66,7,7,2,1.1428571428571428,0.12244897959183675,2,1.1428571428571428,0.12244897959183675
13490,<=2,1.0,1.0,1.0,1.0,1.0,1.0,1.0,1.0,22,0,0,22,22,231,231,15,15,2,1.4666666666666666,0.24888888888888885,2,1.4666666666666666,0.24888888888888885
13497,<=2,1.0,1.0,1.0,1.0,1.0,1.0,1.0,1.0,40,0,0,40,40,780,780,15,15,2,1.6666666666666667,0.22222222222222227,2,1.6666666666666667,0.22222222222222227
13524,<=2,1.0,1.0,1.0,1.0,1.0,1.0,1.0,1.0,28,0,0,28,28,378,378,9,9,2,1.3333333333333333,0.2222222222222222,2,1.3333333333333333,0.2222222222222222
13525,<=2,1.0,1.0,1.0,1.0,1.0,1.0,1.0,1.0,15,0,0,15,15,105,105,9,9,2,1.3333333333333333,0.2222222222222222,2,1.3333333333333333,0.2222222222222222
13528,<=2,1.0,1.0,1.0,1.0,1.0,1.0,1.0,1.0,81,0,0,81,81,3240,3240,31,31,2,1.6451612903225807,0.22892819979188342,2,1.6451612903225807,0.22892819979188342
13550,<=2,1.0,1.0,1.0,1.0,1.0,1.0,1.0,1.0,115,0,0,115,115,6555,6555,35,35,2,1.6,0.24000000000000002,2,1.6,0.24000000000000002
13556,<=2,1.0,1.0,1.0,1.0,1.0,1.0,1.0,1.0,33,0,0,33,33,528,528,13,13,2,1.3846153846153846,0.23668639053254442,2,1.3846153846153846,0.23668639053254442
13565,<=2,1.0,1.0,1.0,1.0,1.0,1.0,1.0,1.0,28,0,0,28,28,378,378,18,18,2,1.3333333333333333,0.2222222222222222,2,1.3333333333333333,0.2222222222222222
13568,<=2,1.0,1.0,1.0,1.0,1.0,1.0,1.0,1.0,32,0,0,32,32,496,496,7,7,2,1.4285714285714286,0.24489795918367346,2,1.4285714285714286,0.24489795918367346
13574,<=2,1.0,1.0,1.0,1.0,1.0,1.0,1.0,1.0,30,0,0,30,30,435,435,18,18,2,1.4444444444444444,0.2469135802469136,2,1.4444444444444444,0.2469135802469136
13578,<=2,1.0,1.0,1.0,1.0,1.0,1.0,1.0,1.0,36,0,0,36,36,630,630,15,15,2,1.6,0.2400000000000001,2,1.6,0.2400000000000001
13605,<=2,1.0,1.0,1.0,1.0,1.0,1.0,1.0,1.0,79,0,0,79,79,3081,3081,15,15,2,1.6666666666666667,0.22222222222222227,2,1.6666666666666667,0.22222222222222227
13616,<=2,1.0,1.0,1.0,1.0,1.0,1.0,1.0,1.0,33,0,0,33,33,528,528,20,20,2,1.6,0.24000000000000005,2,1.6,0.24000000000000005
13632,<=2,1.0,1.0,1.0,1.0,1.0,1.0,1.0,1.0,5,0,0,5,5,10,10,6,6,2,1.5,0.25,2,1.5,0.25
13636,<=2,1.0,1.0,1.0,1.0,1.0,1.0,1.0,1.0,45,0,0,45,45,990,990,26,26,2,1.4230769230769231,0.24408284023668642,2,1.4230769230769231,0.24408284023668642
13637,<=2,1.0,1.0,1.0,1.0,1.0,1.0,1.0,1.0,42,0,0,42,42,861,861,18,18,2,1.5555555555555556,0.2469135802469136,2,1.5555555555555556,0.2469135802469136
13639,<=2,1.0,1.0,1.0,1.0,1.0,1.0,1.0,1.0,21,0,0,21,21,210,210,13,13,2,1.4615384615384615,0.24852071005917153,2,1.4615384615384615,0.24852071005917153
13650,<=2,1.0,1.0,1.0,1.0,1.0,1.0,1.0,1.0,80,0,0,80,80,3160,3160,17,17,2,1.411764705882353,0.24221453287197234,2,1.411764705882353,0.24221453287197234
13662,<=2,1.0,1.0,1.0,1.0,1.0,1.0,1.0,1.0,74,0,0,74,74,2701,2701,30,30,2,1.3666666666666667,0.23222222222222216,2,1.3666666666666667,0.23222222222222216
13670,<=2,1.0,1.0,1.0,1.0,1.0,1.0,1.0,1.0,72,0,0,72,72,2556,2556,17,17,2,1.5294117647058822,0.24913494809688583,2,1.5294117647058822,0.24913494809688583
13671,<=2,1.0,1.0,1.0,1.0,1.0,1.0,1.0,1.0,25,0,0,25,25,300,300,13,13,2,1.4615384615384615,0.24852071005917153,2,1.4615384615384615,0.24852071005917153
13675,<=2,1.0,1.0,1.0,1.0,1.0,1.0,1.0,1.0,69,0,0,69,69,2346,2346,19,19,2,1.4210526315789473,0.24376731301939059,2,1.4210526315789473,0.24376731301939059
13678,<=2,1.0,1.0,1.0,1.0,1.0,1.0,1.0,1.0,48,0,0,48,48,1128,1128,19,19,2,1.4210526315789473,0.24376731301939059,2,1.4210526315789473,0.24376731301939059
13703,<=2,1.0,1.0,1.0,1.0,1.0,1.0,1.0,1.0,54,0,0,54,54,1431,1431,14,14,2,1.3571428571428572,0.22959183673469385,2,1.3571428571428572,0.22959183673469385
13714,<=2,1.0,1.0,1.0,1.0,1.0,1.0,1.0,1.0,13,0,0,13,13,78,78,10,10,2,1.2,0.16,2,1.2,0.16
13717,<=2,1.0,1.0,1.0,1.0,1.0,1.0,1.0,1.0,29,0,0,29,29,406,406,20,20,2,1.5,0.25,2,1.5,0.25
13719,<=2,1.0,1.0,1.0,1.0,1.0,1.0,1.0,1.0,86,0,0,86,86,3655,3655,28,28,2,1.3214285714285714,0.2181122448979592,2,1.3214285714285714,0.2181122448979592
13720,<=2,1.0,1.0,1.0,1.0,1.0,1.0,1.0,1.0,60,0,0,60,60,1770,1770,30,30,2,1.5,0.25,2,1.5,0.25
13721,<=2,1.0,1.0,1.0,1.0,1.0,1.0,1.0,1.0,56,0,0,56,56,1540,1540,22,22,2,1.6818181818181819,0.2169421487603306,2,1.6818181818181819,0.2169421487603306
13728,<=2,1.0,1.0,1.0,1.0,1.0,1.0,1.0,1.0,61,0,0,61,61,1830,1830,13,13,2,1.5384615384615385,0.24852071005917153,2,1.5384615384615385,0.24852071005917153
13731,<=2,1.0,1.0,1.0,1.0,1.0,1.0,1.0,1.0,71,0,0,71,71,2485,2485,22,22,2,1.3636363636363635,0.23140495867768598,2,1.3636363636363635,0.23140495867768598
13754,<=2,1.0,1.0,1.0,1.0,1.0,1.0,1.0,1.0,33,0,0,33,33,528,528,14,14,2,1.2857142857142858,0.20408163265306123,2,1.2857142857142858,0.20408163265306123
13763,<=2,1.0,1.0,1.0,1.0,1.0,1.0,1.0,1.0,23,0,0,23,23,253,253,13,13,2,1.5384615384615385,0.24852071005917153,2,1.5384615384615385,0.24852071005917153
13769,<=2,1.0,1.0,1.0,1.0,1.0,1.0,1.0,1.0,41,0,0,41,41,820,820,14,14,2,1.4285714285714286,0.24489795918367346,2,1.4285714285714286,0.24489795918367346
13783,<=2,1.0,1.0,1.0,1.0,1.0,1.0,1.0,1.0,18,0,0,18,18,153,153,13,13,2,1.4615384615384615,0.24852071005917153,2,1.4615384615384615,0.24852071005917153
13789,<=2,1.0,1.0,1.0,1.0,1.0,1.0,1.0,1.0,13,0,0,13,13,78,78,10,10,2,1.3,0.21000000000000002,2,1.3,0.21000000000000002
13797,<=2,1.0,1.0,1.0,1.0,1.0,1.0,1.0,1.0,69,0,0,69,69,2346,2346,12,12,2,1.3333333333333333,0.22222222222222224,2,1.3333333333333333,0.22222222222222224
13800,<=2,1.0,1.0,1.0,1.0,1.0,1.0,1.0,1.0,17,0,0,17,17,136,136,10,10,2,1.4,0.24000000000000005,2,1.4,0.24000000000000005
13802,<=2,1.0,1.0,1.0,1.0,1.0,1.0,1.0,1.0,12,0,0,12,12,66,66,10,10,2,1.5,0.25,2,1.5,0.25
13815,<=2,1.0,1.0,1.0,1.0,1.0,1.0,1.0,1.0,47,0,0,47,47,1081,1081,29,29,2,1.5862068965517242,0.2425683709869203,2,1.5862068965517242,0.2425683709869203
13832,<=2,1.0,1.0,1.0,1.0,1.0,1.0,1.0,1.0,30,0,0,30,30,435,435,11,11,2,1.2727272727272727,0.1983471074380165,2,1.2727272727272727,0.1983471074380165
13835,<=2,1.0,1.0,1.0,1.0,1.0,1.0,1.0,1.0,77,0,0,77,77,2926,2926,22,22,2,1.4545454545454546,0.24793388429752064,2,1.4545454545454546,0.24793388429752064
13843,<=2,1.0,1.0,1.0,1.0,1.0,1.0,1.0,1.0,25,0,0,25,25,300,300,11,11,2,1.5454545454545454,0.24793388429752064,2,1.5454545454545454,0.24793388429752064
13844,<=2,1.0,1.0,1.0,1.0,1.0,1.0,1.0,1.0,13,0,0,13,13,78,78,11,11,2,1.6363636363636365,0.23140495867768598,2,1.6363636363636365,0.23140495867768598
13856,<=2,1.0,1.0,1.0,1.0,1.0,1.0,1.0,1.0,31,0,0,31,31,465,465,13,13,2,1.4615384615384615,0.24852071005917153,2,1.4615384615384615,0.24852071005917153
13874,<=2,1.0,1.0,1.0,1.0,1.0,1.0,1.0,1.0,27,0,0,27,27,351,351,12,12,2,1.5833333333333333,0.24305555555555555,2,1.5833333333333333,0.24305555555555555
13876,<=2,1.0,1.0,1.0,1.0,1.0,1.0,1.0,1.0,20,0,0,20,20,190,190,11,11,2,1.5454545454545454,0.24793388429752064,2,1.5454545454545454,0.24793388429752064
13879,<=2,1.0,1.0,1.0,1.0,1.0,1.0,1.0,1.0,19,0,0,19,19,171,171,10,10,2,1.3,0.21000000000000002,2,1.3,0.21000000000000002
13882,<=2,1.0,1.0,1.0,1.0,1.0,1.0,1.0,1.0,35,0,0,35,35,595,595,22,22,2,1.5,0.25,2,1.5,0.25
13892,<=2,1.0,1.0,1.0,1.0,1.0,1.0,1.0,1.0,28,0,0,28,28,378,378,13,13,2,1.3846153846153846,0.23668639053254442,2,1.3846153846153846,0.23668639053254442
13893,<=2,1.0,1.0,1.0,1.0,1.0,1.0,1.0,1.0,34,0,0,34,34,561,561,16,16,2,1.5,0.25,2,1.5,0.25
13900,<=2,1.0,1.0,1.0,1.0,1.0,1.0,1.0,1.0,26,0,0,26,26,325,325,14,14,2,1.2142857142857142,0.1683673469387755,2,1.2142857142857142,0.1683673469387755
13901,<=2,1.0,1.0,1.0,1.0,1.0,1.0,1.0,1.0,43,0,0,43,43,903,903,19,19,2,1.5263157894736843,0.2493074792243768,2,1.5263157894736843,0.2493074792243768
13904,<=2,1.0,1.0,1.0,1.0,1.0,1.0,1.0,1.0,123,0,0,123,123,7503,7503,24,24,2,1.5833333333333333,0.24305555555555555,2,1.5833333333333333,0.24305555555555555
13908,<=2,1.0,1.0,1.0,1.0,1.0,1.0,1.0,1.0,14,0,0,14,14,91,91,10,10,2,1.5,0.25,2,1.5,0.25
13914,<=2,1.0,1.0,1.0,1.0,1.0,1.0,1.0,1.0,2,0,0,2,2,1,1,3,3,1,1.0,0.0,1,1.0,0.0
13916,<=2,1.0,1.0,1.0,1.0,1.0,1.0,1.0,1.0,51,0,0,51,51,1275,1275,32,32,2,1.4375,0.24609375,2,1.4375,0.24609375
13921,<=2,1.0,1.0,1.0,1.0,1.0,1.0,1.0,1.0,20,0,0,20,20,190,190,15,15,2,1.4666666666666666,0.24888888888888885,2,1.4666666666666666,0.24888888888888885
13922,<=2,1.0,1.0,1.0,1.0,1.0,1.0,1.0,1.0,6,0,0,6,6,15,15,5,5,2,1.2,0.16,2,1.2,0.16
13934,<=2,1.0,1.0,1.0,1.0,1.0,1.0,1.0,1.0,56,0,0,56,56,1540,1540,22,22,2,1.5,0.25,2,1.5,0.25
13938,<=2,1.0,1.0,1.0,1.0,1.0,1.0,1.0,1.0,66,0,0,66,66,2145,2145,17,17,2,1.411764705882353,0.24221453287197234,2,1.411764705882353,0.24221453287197234
13943,<=2,1.0,1.0,1.0,1.0,1.0,1.0,1.0,1.0,72,0,0,72,72,2556,2556,33,33,2,1.696969696969697,0.21120293847566574,2,1.696969696969697,0.21120293847566574
13948,<=2,1.0,1.0,1.0,1.0,1.0,1.0,1.0,1.0,24,0,0,24,24,276,276,11,11,2,1.4545454545454546,0.24793388429752064,2,1.4545454545454546,0.24793388429752064
13949,<=2,1.0,1.0,1.0,1.0,1.0,1.0,1.0,1.0,54,0,0,54,54,1431,1431,16,16,2,1.3125,0.21484375,2,1.3125,0.21484375
13965,<=2,1.0,1.0,1.0,1.0,1.0,1.0,1.0,1.0,61,0,0,61,61,1830,1830,27,27,2,1.4444444444444444,0.24691358024691362,2,1.4444444444444444,0.24691358024691362
13967,<=2,1.0,1.0,1.0,1.0,1.0,1.0,1.0,1.0,18,0,0,18,18,153,153,12,12,2,1.3333333333333333,0.22222222222222224,2,1.3333333333333333,0.22222222222222224
13969,<=2,1.0,1.0,1.0,1.0,1.0,1.0,1.0,1.0,54,0,0,54,54,1431,1431,22,22,2,1.5909090909090908,0.24173553719008256,2,1.5909090909090908,0.24173553719008256
13979,<=2,1.0,1.0,1.0,1.0,1.0,1.0,1.0,1.0,17,0,0,17,17,136,136,7,7,2,1.5714285714285714,0.24489795918367346,2,1.5714285714285714,0.24489795918367346
13985,<=2,1.0,1.0,1.0,1.0,1.0,1.0,1.0,1.0,80,0,0,80,80,3160,3160,36,36,2,1.5277777777777777,0.24922839506172836,2,1.5277777777777777,0.24922839506172836
13986,<=2,1.0,1.0,1.0,1.0,1.0,1.0,1.0,1.0,19,0,0,19,19,171,171,9,9,2,1.5555555555555556,0.2469135802469136,2,1.5555555555555556,0.2469135802469136
13988,<=2,1.0,1.0,1.0,1.0,1.0,1.0,1.0,1.0,31,0,0,31,31,465,465,17,17,2,1.411764705882353,0.24221453287197234,2,1.411764705882353,0.24221453287197234
13991,<=2,1.0,1.0,1.0,1.0,1.0,1.0,1.0,1.0,67,0,0,67,67,2211,2211,13,13,2,1.1538461538461537,0.13017751479289943,2,1.1538461538461537,0.13017751479289943
13992,<=2,1.0,1.0,1.0,1.0,1.0,1.0,1.0,1.0,44,0,0,44,44,946,946,20,20,2,1.45,0.2475,2,1.45,0.2475
13995,<=2,1.0,1.0,1.0,1.0,1.0,1.0,1.0,1.0,43,0,0,43,43,903,903,8,8,2,1.25,0.1875,2,1.25,0.1875
14006,<=2,1.0,1.0,1.0,1.0,1.0,1.0,1.0,1.0,29,0,0,29,29,406,406,12,12,2,1.3333333333333333,0.22222222222222224,2,1.3333333333333333,0.22222222222222224
14008,<=2,1.0,1.0,1.0,1.0,1.0,1.0,1.0,1.0,47,0,0,47,47,1081,1081,16,16,2,1.5625,0.24609375,2,1.5625,0.24609375
14025,<=2,1.0,1.0,1.0,1.0,1.0,1.0,1.0,1.0,4,0,0,4,4,6,6,4,4,2,1.25,0.1875,2,1.25,0.1875
14029,<=2,1.0,1.0,1.0,1.0,1.0,1.0,1.0,1.0,18,0,0,18,18,153,153,10,10,2,1.6,0.24000000000000005,2,1.6,0.24000000000000005
14034,<=2,1.0,1.0,1.0,1.0,1.0,1.0,1.0,1.0,20,0,0,20,20,190,190,10,10,2,1.6,0.24000000000000005,2,1.6,0.24000000000000005
14056,<=2,1.0,1.0,1.0,1.0,1.0,1.0,1.0,1.0,64,0,0,64,64,2016,2016,15,15,2,1.4666666666666666,0.24888888888888885,2,1.4666666666666666,0.24888888888888885
14070,<=2,1.0,1.0,1.0,1.0,1.0,1.0,1.0,1.0,46,0,0,46,46,1035,1035,17,17,2,1.411764705882353,0.24221453287197234,2,1.411764705882353,0.24221453287197234
14073,<=2,1.0,1.0,1.0,1.0,1.0,1.0,1.0,1.0,60,0,0,60,60,1770,1770,21,21,2,1.2857142857142858,0.20408163265306126,2,1.2857142857142858,0.20408163265306126
14088,<=2,1.0,1.0,1.0,1.0,1.0,1.0,1.0,1.0,60,0,0,60,60,1770,1770,30,30,2,1.3666666666666667,0.23222222222222216,2,1.3666666666666667,0.23222222222222216
14089,<=2,1.0,1.0,1.0,1.0,1.0,1.0,1.0,1.0,94,0,0,94,94,4371,4371,26,26,2,1.4615384615384615,0.24852071005917156,2,1.4615384615384615,0.24852071005917156
14090,<=2,1.0,1.0,1.0,1.0,1.0,1.0,1.0,1.0,27,0,0,27,27,351,351,20,20,2,1.7,0.20999999999999996,2,1.7,0.20999999999999996
14108,<=2,1.0,1.0,1.0,1.0,1.0,1.0,1.0,1.0,44,0,0,44,44,946,946,22,22,2,1.4090909090909092,0.24173553719008256,2,1.4090909090909092,0.24173553719008256
14125,<=2,1.0,1.0,1.0,1.0,1.0,1.0,1.0,1.0,95,0,0,95,95,4465,4465,18,18,2,1.4444444444444444,0.2469135802469136,2,1.4444444444444444,0.2469135802469136
14128,<=2,1.0,1.0,1.0,1.0,1.0,1.0,1.0,1.0,69,0,0,69,69,2346,2346,31,31,2,1.5806451612903225,0.2434963579604579,2,1.5806451612903225,0.2434963579604579
14135,<=2,1.0,1.0,1.0,1.0,1.0,1.0,1.0,1.0,34,0,0,34,34,561,561,18,18,2,1.5,0.25,2,1.5,0.25
14152,<=2,1.0,1.0,1.0,1.0,1.0,1.0,1.0,1.0,142,0,0,142,142,10011,10011,52,52,2,1.6730769230769231,0.2200443786982248,2,1.6730769230769231,0.2200443786982248
14159,<=2,1.0,1.0,1.0,1.0,1.0,1.0,1.0,1.0,155,0,0,155,155,11935,11935,41,41,2,1.5121951219512195,0.2498512790005949,2,1.5121951219512195,0.2498512790005949
14168,<=2,1.0,1.0,1.0,1.0,1.0,1.0,1.0,1.0,6,0,0,6,6,15,15,6,6,2,1.5,0.25,2,1.5,0.25
14175,<=2,1.0,1.0,1.0,1.0,1.0,1.0,1.0,1.0,84,0,0,84,84,3486,3486,36,36,2,1.5277777777777777,0.24922839506172836,2,1.5277777777777777,0.24922839506172836
14180,<=2,1.0,1.0,1.0,1.0,1.0,1.0,1.0,1.0,15,0,0,15,15,105,105,14,14,2,1.6428571428571428,0.2295918367346938,2,1.6428571428571428,0.2295918367346938
14203,<=2,1.0,1.0,1.0,1.0,1.0,1.0,1.0,1.0,47,0,0,47,47,1081,1081,15,15,2,1.5333333333333334,0.24888888888888885,2,1.5333333333333334,0.24888888888888885
14209,<=2,1.0,1.0,1.0,1.0,1.0,1.0,1.0,1.0,15,0,0,15,15,105,105,8,8,2,1.125,0.109375,2,1.125,0.109375
14230,<=2,1.0,1.0,1.0,1.0,1.0,1.0,1.0,1.0,143,0,0,143,143,10153,10153,22,22,2,1.4090909090909092,0.24173553719008256,2,1.4090909090909092,0.24173553719008256
14248,<=2,1.0,1.0,1.0,1.0,1.0,1.0,1.0,1.0,19,0,0,19,19,171,171,12,12,2,1.5,0.25,2,1.5,0.25
14252,<=2,1.0,1.0,1.0,1.0,1.0,1.0,1.0,1.0,16,0,0,16,16,120,120,11,11,2,1.6363636363636365,0.23140495867768598,2,1.6363636363636365,0.23140495867768598
14253,<=2,1.0,1.0,1.0,1.0,1.0,1.0,1.0,1.0,37,0,0,37,37,666,666,23,23,2,1.565217391304348,0.2457466918714556,2,1.565217391304348,0.2457466918714556
14261,<=2,1.0,1.0,1.0,1.0,1.0,1.0,1.0,1.0,12,0,0,12,12,66,66,10,10,2,1.5,0.25,2,1.5,0.25
14265,<=2,1.0,1.0,1.0,1.0,1.0,1.0,1.0,1.0,36,0,0,36,36,630,630,18,18,2,1.3333333333333333,0.2222222222222222,2,1.3333333333333333,0.2222222222222222
14269,<=2,1.0,1.0,1.0,1.0,1.0,1.0,1.0,1.0,37,0,0,37,37,666,666,16,16,2,1.375,0.234375,2,1.375,0.234375
14271,<=2,1.0,1.0,1.0,1.0,1.0,1.0,1.0,1.0,24,0,0,24,24,276,276,12,12,2,1.5,0.25,2,1.5,0.25
14276,<=2,1.0,1.0,1.0,1.0,1.0,1.0,1.0,1.0,12,0,0,12,12,66,66,9,9,2,1.5555555555555556,0.2469135802469136,2,1.5555555555555556,0.2469135802469136
14281,<=2,1.0,1.0,1.0,1.0,1.0,1.0,1.0,1.0,31,0,0,31,31,465,465,17,17,2,1.4705882352941178,0.24913494809688583,2,1.4705882352941178,0.24913494809688583
14282,<=2,1.0,1.0,1.0,1.0,1.0,1.0,1.0,1.0,43,0,0,43,43,903,903,20,20,2,1.25,0.1875,2,1.25,0.1875
14283,<=2,1.0,1.0,1.0,1.0,1.0,1.0,1.0,1.0,20,0,0,20,20,190,190,10,10,2,1.5,0.25,2,1.5,0.25
14285,<=2,1.0,1.0,1.0,1.0,1.0,1.0,1.0,1.0,52,0,0,52,52,1326,1326,24,24,2,1.375,0.234375,2,1.375,0.234375
14290,<=2,1.0,1.0,1.0,1.0,1.0,1.0,1.0,1.0,37,0,0,37,37,666,666,14,14,2,1.4285714285714286,0.24489795918367346,2,1.4285714285714286,0.24489795918367346
14297,<=2,1.0,1.0,1.0,1.0,1.0,1.0,1.0,1.0,97,0,0,97,97,4656,4656,38,38,2,1.631578947368421,0.23268698060941817,2,1.631578947368421,0.23268698060941817
14306,<=2,1.0,1.0,1.0,1.0,1.0,1.0,1.0,1.0,86,0,0,86,86,3655,3655,44,44,2,1.5681818181818181,0.24535123966942143,2,1.5681818181818181,0.24535123966942143
14307,<=2,1.0,1.0,1.0,1.0,1.0,1.0,1.0,1.0,9,0,0,9,9,36,36,8,8,2,1.5,0.25,2,1.5,0.25
14319,<=2,1.0,1.0,1.0,1.0,1.0,1.0,1.0,1.0,41,0,0,41,41,820,820,20,20,2,1.45,0.2475,2,1.45,0.2475
14321,<=2,1.0,1.0,1.0,1.0,1.0,1.0,1.0,1.0,110,0,0,110,110,5995,5995,25,25,2,1.6,0.24,2,1.6,0.24
14329,<=2,1.0,1.0,1.0,1.0,1.0,1.0,1.0,1.0,27,0,0,27,27,351,351,11,11,2,1.0909090909090908,0.08264462809917356,2,1.0909090909090908,0.08264462809917356
14335,<=2,1.0,1.0,1.0,1.0,1.0,1.0,1.0,1.0,70,0,0,70,70,2415,2415,29,29,2,1.4482758620689655,0.24732461355529126,2,1.4482758620689655,0.24732461355529126
14337,<=2,1.0,1.0,1.0,1.0,1.0,1.0,1.0,1.0,82,0,0,82,82,3321,3321,16,16,2,1.5,0.25,2,1.5,0.25
14338,<=2,1.0,1.0,1.0,1.0,1.0,1.0,1.0,1.0,19,0,0,19,19,171,171,13,13,2,1.5384615384615385,0.24852071005917153,2,1.5384615384615385,0.24852071005917153
14352,<=2,1.0,1.0,1.0,1.0,1.0,1.0,1.0,1.0,52,0,0,52,52,1326,1326,18,18,2,1.2777777777777777,0.20061728395061726,2,1.2777777777777777,0.20061728395061726
14357,<=2,1.0,1.0,1.0,1.0,1.0,1.0,1.0,1.0,16,0,0,16,16,120,120,11,11,2,1.5454545454545454,0.24793388429752064,2,1.5454545454545454,0.24793388429752064
14366,<=2,1.0,1.0,1.0,1.0,1.0,1.0,1.0,1.0,75,0,0,75,75,2775,2775,9,9,2,1.4444444444444444,0.2469135802469136,2,1.4444444444444444,0.2469135802469136
14367,<=2,1.0,1.0,1.0,1.0,1.0,1.0,1.0,1.0,86,0,0,86,86,3655,3655,28,28,2,1.5,0.25,2,1.5,0.25
14375,<=2,1.0,1.0,1.0,1.0,1.0,1.0,1.0,1.0,100,0,0,100,100,4950,4950,25,25,2,1.6,0.24,2,1.6,0.24
14377,<=2,1.0,1.0,1.0,1.0,1.0,1.0,1.0,1.0,43,0,0,43,43,903,903,13,13,2,1.5384615384615385,0.24852071005917153,2,1.5384615384615385,0.24852071005917153
14385,<=2,1.0,1.0,1.0,1.0,1.0,1.0,1.0,1.0,44,0,0,44,44,946,946,22,22,2,1.3181818181818181,0.21694214876033058,2,1.3181818181818181,0.21694214876033058
14396,<=2,1.0,1.0,1.0,1.0,1.0,1.0,1.0,1.0,38,0,0,38,38,703,703,14,14,2,1.5714285714285714,0.24489795918367346,2,1.5714285714285714,0.24489795918367346
14402,<=2,1.0,1.0,1.0,1.0,1.0,1.0,1.0,1.0,28,0,0,28,28,378,378,17,17,2,1.4705882352941178,0.24913494809688583,2,1.4705882352941178,0.24913494809688583
14412,<=2,1.0,1.0,1.0,1.0,1.0,1.0,1.0,1.0,15,0,0,15,15,105,105,10,10,2,1.5,0.25,2,1.5,0.25
14430,<=2,1.0,1.0,1.0,1.0,1.0,1.0,1.0,1.0,26,0,0,26,26,325,325,10,10,2,1.4,0.24000000000000005,2,1.4,0.24000000000000005
14432,<=2,1.0,1.0,1.0,1.0,1.0,1.0,1.0,1.0,33,0,0,33,33,528,528,17,17,2,1.3529411764705883,0.22837370242214536,2,1.3529411764705883,0.22837370242214536
14470,<=2,1.0,1.0,1.0,1.0,1.0,1.0,1.0,1.0,44,0,0,44,44,946,946,17,17,2,1.5294117647058822,0.24913494809688583,2,1.5294117647058822,0.24913494809688583
14475,<=2,1.0,1.0,1.0,1.0,1.0,1.0,1.0,1.0,7,0,0,7,7,21,21,7,7,2,1.4285714285714286,0.24489795918367346,2,1.4285714285714286,0.24489795918367346
14477,<=2,1.0,1.0,1.0,1.0,1.0,1.0,1.0,1.0,77,0,0,77,77,2926,2926,18,18,2,1.2222222222222223,0.1728395061728395,2,1.2222222222222223,0.1728395061728395
14483,<=2,1.0,1.0,1.0,1.0,1.0,1.0,1.0,1.0,21,0,0,21,21,210,210,3,3,1,1.0,0.0,1,1.0,0.0
14484,<=2,1.0,1.0,1.0,1.0,1.0,1.0,1.0,1.0,67,0,0,67,67,2211,2211,32,32,2,1.625,0.234375,2,1.625,0.234375
14487,<=2,1.0,1.0,1.0,1.0,1.0,1.0,1.0,1.0,19,0,0,19,19,171,171,10,10,2,1.5,0.25,2,1.5,0.25
14488,<=2,1.0,1.0,1.0,1.0,1.0,1.0,1.0,1.0,49,0,0,49,49,1176,1176,15,15,2,1.5333333333333334,0.24888888888888885,2,1.5333333333333334,0.24888888888888885
14502,<=2,1.0,1.0,1.0,1.0,1.0,1.0,1.0,1.0,55,0,0,55,55,1485,1485,20,20,2,1.35,0.22749999999999995,2,1.35,0.22749999999999995
14526,<=2,1.0,1.0,1.0,1.0,1.0,1.0,1.0,1.0,36,0,0,36,36,630,630,17,17,2,1.5294117647058822,0.24913494809688583,2,1.5294117647058822,0.24913494809688583
14533,<=2,1.0,1.0,1.0,1.0,1.0,1.0,1.0,1.0,45,0,0,45,45,990,990,26,26,2,1.5384615384615385,0.2485207100591716,2,1.5384615384615385,0.2485207100591716
14536,<=2,1.0,1.0,1.0,1.0,1.0,1.0,1.0,1.0,7,0,0,7,7,21,21,8,8,2,1.125,0.109375,2,1.125,0.109375
14537,<=2,1.0,1.0,1.0,1.0,1.0,1.0,1.0,1.0,12,0,0,12,12,66,66,10,10,2,1.7,0.20999999999999996,2,1.7,0.20999999999999996
14543,<=2,1.0,1.0,1.0,1.0,1.0,1.0,1.0,1.0,72,0,0,72,72,2556,2556,15,15,2,1.4666666666666666,0.24888888888888885,2,1.4666666666666666,0.24888888888888885
14547,<=2,1.0,1.0,1.0,1.0,1.0,1.0,1.0,1.0,27,0,0,27,27,351,351,14,14,2,1.5714285714285714,0.24489795918367346,2,1.5714285714285714,0.24489795918367346
14549,<=2,1.0,1.0,1.0,1.0,1.0,1.0,1.0,1.0,11,0,0,11,11,55,55,9,9,2,1.5555555555555556,0.2469135802469136,2,1.5555555555555556,0.2469135802469136
14557,<=2,1.0,1.0,1.0,1.0,1.0,1.0,1.0,1.0,12,0,0,12,12,66,66,6,6,2,1.6666666666666667,0.2222222222222223,2,1.6666666666666667,0.2222222222222223
14562,<=2,1.0,1.0,1.0,1.0,1.0,1.0,1.0,1.0,41,0,0,41,41,820,820,22,22,2,1.5909090909090908,0.24173553719008256,2,1.5909090909090908,0.24173553719008256
14567,<=2,1.0,1.0,1.0,1.0,1.0,1.0,1.0,1.0,18,0,0,18,18,153,153,10,10,2,1.7,0.20999999999999996,2,1.7,0.20999999999999996
14575,<=2,1.0,1.0,1.0,1.0,1.0,1.0,1.0,1.0,43,0,0,43,43,903,903,14,14,2,1.4285714285714286,0.24489795918367346,2,1.4285714285714286,0.24489795918367346
14591,<=2,1.0,1.0,1.0,1.0,1.0,1.0,1.0,1.0,41,0,0,41,41,820,820,23,23,2,1.5217391304347827,0.24952741020793945,2,1.5217391304347827,0.24952741020793945
14592,<=2,1.0,1.0,1.0,1.0,1.0,1.0,1.0,1.0,19,0,0,19,19,171,171,13,13,2,1.6153846153846154,0.23668639053254442,2,1.6153846153846154,0.23668639053254442
14600,<=2,1.0,1.0,1.0,1.0,1.0,1.0,1.0,1.0,13,0,0,13,13,78,78,9,9,2,1.6666666666666667,0.2222222222222222,2,1.6666666666666667,0.2222222222222222
14611,<=2,1.0,1.0,1.0,1.0,1.0,1.0,1.0,1.0,76,0,0,76,76,2850,2850,22,22,2,1.3181818181818181,0.21694214876033058,2,1.3181818181818181,0.21694214876033058
14619,<=2,1.0,1.0,1.0,1.0,1.0,1.0,1.0,1.0,74,0,0,74,74,2701,2701,13,13,2,1.3846153846153846,0.23668639053254442,2,1.3846153846153846,0.23668639053254442
14635,<=2,1.0,1.0,1.0,1.0,1.0,1.0,1.0,1.0,132,0,0,132,132,8646,8646,43,43,2,1.4883720930232558,0.24986479177934018,2,1.4883720930232558,0.24986479177934018
14644,<=2,1.0,1.0,1.0,1.0,1.0,1.0,1.0,1.0,25,0,0,25,25,300,300,16,16,2,1.5625,0.24609375,2,1.5625,0.24609375
14662,<=2,1.0,1.0,1.0,1.0,1.0,1.0,1.0,1.0,44,0,0,44,44,946,946,13,13,2,1.3846153846153846,0.23668639053254442,2,1.3846153846153846,0.23668639053254442
14676,<=2,1.0,1.0,1.0,1.0,1.0,1.0,1.0,1.0,88,0,0,88,88,3828,3828,28,28,2,1.5357142857142858,0.24872448979591835,2,1.5357142857142858,0.24872448979591835
14677,<=2,1.0,1.0,1.0,1.0,1.0,1.0,1.0,1.0,40,0,0,40,40,780,780,12,12,2,1.5,0.25,2,1.5,0.25
14683,<=2,1.0,1.0,1.0,1.0,1.0,1.0,1.0,1.0,58,0,0,58,58,1653,1653,17,17,2,1.7058823529411764,0.20761245674740486,2,1.7058823529411764,0.20761245674740486
14686,<=2,1.0,1.0,1.0,1.0,1.0,1.0,1.0,1.0,64,0,0,64,64,2016,2016,16,16,2,1.375,0.234375,2,1.375,0.234375
14691,<=2,1.0,1.0,1.0,1.0,1.0,1.0,1.0,1.0,17,0,0,17,17,136,136,5,5,2,1.4,0.24,2,1.4,0.24
14698,<=2,1.0,1.0,1.0,1.0,1.0,1.0,1.0,1.0,70,0,0,70,70,2415,2415,34,34,2,1.6764705882352942,0.21885813148788927,2,1.6764705882352942,0.21885813148788927
14707,<=2,1.0,1.0,1.0,1.0,1.0,1.0,1.0,1.0,13,0,0,13,13,78,78,6,6,2,1.6666666666666667,0.2222222222222223,2,1.6666666666666667,0.2222222222222223
14723,<=2,1.0,1.0,1.0,1.0,1.0,1.0,1.0,1.0,24,0,0,24,24,276,276,12,12,2,1.5,0.25,2,1.5,0.25
14726,<=2,1.0,1.0,1.0,1.0,1.0,1.0,1.0,1.0,99,0,0,99,99,4851,4851,24,24,2,1.6666666666666667,0.2222222222222222,2,1.6666666666666667,0.2222222222222222
14728,<=2,1.0,1.0,1.0,1.0,1.0,1.0,1.0,1.0,91,0,0,91,91,4095,4095,13,13,2,1.4615384615384615,0.24852071005917153,2,1.4615384615384615,0.24852071005917153
14736,<=2,1.0,1.0,1.0,1.0,1.0,1.0,1.0,1.0,45,0,0,45,45,990,990,20,20,2,1.4,0.24000000000000005,2,1.4,0.24000000000000005
14740,<=2,1.0,1.0,1.0,1.0,1.0,1.0,1.0,1.0,30,0,0,30,30,435,435,16,16,2,1.375,0.234375,2,1.375,0.234375
14743,<=2,1.0,1.0,1.0,1.0,1.0,1.0,1.0,1.0,57,0,0,57,57,1596,1596,16,16,2,1.4375,0.24609375,2,1.4375,0.24609375
14748,<=2,1.0,1.0,1.0,1.0,1.0,1.0,1.0,1.0,32,0,0,32,32,496,496,22,22,2,1.4545454545454546,0.24793388429752064,2,1.4545454545454546,0.24793388429752064
14750,<=2,1.0,1.0,1.0,1.0,1.0,1.0,1.0,1.0,102,0,0,102,102,5151,5151,19,19,2,1.631578947368421,0.2326869806094183,2,1.631578947368421,0.2326869806094183
14756,<=2,1.0,1.0,1.0,1.0,1.0,1.0,1.0,1.0,22,0,0,22,22,231,231,15,15,2,1.6,0.2400000000000001,2,1.6,0.2400000000000001
14759,<=2,1.0,1.0,1.0,1.0,1.0,1.0,1.0,1.0,17,0,0,17,17,136,136,5,5,2,1.4,0.24,2,1.4,0.24
14764,<=2,1.0,1.0,1.0,1.0,1.0,1.0,1.0,1.0,18,0,0,18,18,153,153,11,11,2,1.5454545454545454,0.24793388429752064,2,1.5454545454545454,0.24793388429752064
14766,<=2,1.0,1.0,1.0,1.0,1.0,1.0,1.0,1.0,12,0,0,12,12,66,66,10,10,2,1.6,0.24000000000000005,2,1.6,0.24000000000000005
14768,<=2,1.0,1.0,1.0,1.0,1.0,1.0,1.0,1.0,24,0,0,24,24,276,276,11,11,2,1.3636363636363635,0.23140495867768598,2,1.3636363636363635,0.23140495867768598
14769,<=2,1.0,1.0,1.0,1.0,1.0,1.0,1.0,1.0,37,0,0,37,37,666,666,9,9,2,1.5555555555555556,0.2469135802469136,2,1.5555555555555556,0.2469135802469136
14773,<=2,1.0,1.0,1.0,1.0,1.0,1.0,1.0,1.0,29,0,0,29,29,406,406,14,14,2,1.2142857142857142,0.1683673469387755,2,1.2142857142857142,0.1683673469387755
14783,<=2,1.0,1.0,1.0,1.0,1.0,1.0,1.0,1.0,8,0,0,8,8,28,28,4,4,2,1.25,0.1875,2,1.25,0.1875
14795,<=2,1.0,1.0,1.0,1.0,1.0,1.0,1.0,1.0,64,0,0,64,64,2016,2016,15,15,2,1.5333333333333334,0.24888888888888885,2,1.5333333333333334,0.24888888888888885
14798,<=2,1.0,1.0,1.0,1.0,1.0,1.0,1.0,1.0,246,0,0,246,246,30135,30135,13,13,2,1.4615384615384615,0.24852071005917153,2,1.4615384615384615,0.24852071005917153
14801,<=2,1.0,1.0,1.0,1.0,1.0,1.0,1.0,1.0,33,0,0,33,33,528,528,18,18,2,1.4444444444444444,0.2469135802469136,2,1.4444444444444444,0.2469135802469136
14804,<=2,1.0,1.0,1.0,1.0,1.0,1.0,1.0,1.0,23,0,0,23,23,253,253,15,15,2,1.4,0.24000000000000005,2,1.4,0.24000000000000005
14807,<=2,1.0,1.0,1.0,1.0,1.0,1.0,1.0,1.0,126,0,0,126,126,7875,7875,18,18,2,1.5,0.25,2,1.5,0.25
14812,<=2,1.0,1.0,1.0,1.0,1.0,1.0,1.0,1.0,40,0,0,40,40,780,780,19,19,2,1.263157894736842,0.19390581717451524,2,1.263157894736842,0.19390581717451524
14818,<=2,1.0,1.0,1.0,1.0,1.0,1.0,1.0,1.0,18,0,0,18,18,153,153,13,13,2,1.3846153846153846,0.23668639053254442,2,1.3846153846153846,0.23668639053254442
14820,<=2,1.0,1.0,1.0,1.0,1.0,1.0,1.0,1.0,42,0,0,42,42,861,861,14,14,2,1.5,0.25,2,1.5,0.25
14824,<=2,1.0,1.0,1.0,1.0,1.0,1.0,1.0,1.0,53,0,0,53,53,1378,1378,13,13,2,1.5384615384615385,0.24852071005917153,2,1.5384615384615385,0.24852071005917153
14844,<=2,1.0,1.0,1.0,1.0,1.0,1.0,1.0,1.0,9,0,0,9,9,36,36,8,8,2,1.5,0.25,2,1.5,0.25
14845,<=2,1.0,1.0,1.0,1.0,1.0,1.0,1.0,1.0,64,0,0,64,64,2016,2016,16,16,2,1.375,0.234375,2,1.375,0.234375
14849,<=2,1.0,1.0,1.0,1.0,1.0,1.0,1.0,1.0,107,0,0,107,107,5671,5671,16,16,2,1.4375,0.24609375,2,1.4375,0.24609375
14854,<=2,1.0,1.0,1.0,1.0,1.0,1.0,1.0,1.0,38,0,0,38,38,703,703,10,10,2,1.4,0.24000000000000005,2,1.4,0.24000000000000005
14855,<=2,1.0,1.0,1.0,1.0,1.0,1.0,1.0,1.0,42,0,0,42,42,861,861,11,11,2,1.3636363636363635,0.23140495867768598,2,1.3636363636363635,0.23140495867768598
14857,<=2,1.0,1.0,1.0,1.0,1.0,1.0,1.0,1.0,18,0,0,18,18,153,153,8,8,2,1.375,0.234375,2,1.375,0.234375
14861,<=2,1.0,1.0,1.0,1.0,1.0,1.0,1.0,1.0,19,0,0,19,19,171,171,9,9,2,1.2222222222222223,0.1728395061728395,2,1.2222222222222223,0.1728395061728395
14862,<=2,1.0,1.0,1.0,1.0,1.0,1.0,1.0,1.0,70,0,0,70,70,2415,2415,16,16,2,1.4375,0.24609375,2,1.4375,0.24609375
14864,<=2,1.0,1.0,1.0,1.0,1.0,1.0,1.0,1.0,64,0,0,64,64,2016,2016,24,24,2,1.4583333333333333,0.24826388888888884,2,1.4583333333333333,0.24826388888888884
14869,<=2,1.0,1.0,1.0,1.0,1.0,1.0,1.0,1.0,35,0,0,35,35,595,595,14,14,2,1.3571428571428572,0.22959183673469385,2,1.3571428571428572,0.22959183673469385
14870,<=2,1.0,1.0,1.0,1.0,1.0,1.0,1.0,1.0,262,0,0,262,262,34191,34191,33,33,2,1.606060606060606,0.23875114784205692,2,1.606060606060606,0.23875114784205692
14872,<=2,1.0,1.0,1.0,1.0,1.0,1.0,1.0,1.0,98,0,0,98,98,4753,4753,23,23,2,1.434782608695652,0.2457466918714555,2,1.434782608695652,0.2457466918714555
14874,<=2,1.0,1.0,1.0,1.0,1.0,1.0,1.0,1.0,21,0,0,21,21,210,210,13,13,2,1.6153846153846154,0.23668639053254442,2,1.6153846153846154,0.23668639053254442
14880,<=2,1.0,1.0,1.0,1.0,1.0,1.0,1.0,1.0,32,0,0,32,32,496,496,15,15,2,1.4,0.24000000000000005,2,1.4,0.24000000000000005
14892,<=2,1.0,1.0,1.0,1.0,1.0,1.0,1.0,1.0,31,0,0,31,31,465,465,20,20,2,1.65,0.2275000000000001,2,1.65,0.2275000000000001
14928,<=2,1.0,1.0,1.0,1.0,1.0,1.0,1.0,1.0,15,0,0,15,15,105,105,12,12,2,1.5,0.25,2,1.5,0.25
14938,<=2,1.0,1.0,1.0,1.0,1.0,1.0,1.0,1.0,186,0,0,186,186,17205,17205,22,22,2,1.3636363636363635,0.23140495867768598,2,1.3636363636363635,0.23140495867768598
14940,<=2,1.0,1.0,1.0,1.0,1.0,1.0,1.0,1.0,15,0,0,15,15,105,105,10,10,2,1.6,0.24000000000000005,2,1.6,0.24000000000000005
14941,<=2,1.0,1.0,1.0,1.0,1.0,1.0,1.0,1.0,15,0,0,15,15,105,105,9,9,2,1.3333333333333333,0.2222222222222222,2,1.3333333333333333,0.2222222222222222
14954,<=2,1.0,1.0,1.0,1.0,1.0,1.0,1.0,1.0,45,0,0,45,45,990,990,3,3,2,1.3333333333333333,0.2222222222222222,2,1.3333333333333333,0.2222222222222222
14961,<=2,1.0,1.0,1.0,1.0,1.0,1.0,1.0,1.0,9,0,0,9,9,36,36,9,9,2,1.6666666666666667,0.2222222222222222,2,1.6666666666666667,0.2222222222222222
14967,<=2,1.0,1.0,1.0,1.0,1.0,1.0,1.0,1.0,17,0,0,17,17,136,136,9,9,2,1.3333333333333333,0.2222222222222222,2,1.3333333333333333,0.2222222222222222
14969,<=2,1.0,1.0,1.0,1.0,1.0,1.0,1.0,1.0,62,0,0,62,62,1891,1891,15,15,2,1.6,0.2400000000000001,2,1.6,0.2400000000000001
14970,<=2,1.0,1.0,1.0,1.0,1.0,1.0,1.0,1.0,4,0,0,4,4,6,6,4,4,2,1.25,0.1875,2,1.25,0.1875
14974,<=2,1.0,1.0,1.0,1.0,1.0,1.0,1.0,1.0,15,0,0,15,15,105,105,9,9,2,1.2222222222222223,0.1728395061728395,2,1.2222222222222223,0.1728395061728395
14975,<=2,1.0,1.0,1.0,1.0,1.0,1.0,1.0,1.0,68,0,0,68,68,2278,2278,23,23,2,1.5217391304347827,0.24952741020793945,2,1.5217391304347827,0.24952741020793945
14986,<=2,1.0,1.0,1.0,1.0,1.0,1.0,1.0,1.0,7,0,0,7,7,21,21,6,6,2,1.3333333333333333,0.22222222222222224,2,1.3333333333333333,0.22222222222222224
14988,<=2,1.0,1.0,1.0,1.0,1.0,1.0,1.0,1.0,42,0,0,42,42,861,861,18,18,2,1.6111111111111112,0.23765432098765427,2,1.6111111111111112,0.23765432098765427
14990,<=2,1.0,1.0,1.0,1.0,1.0,1.0,1.0,1.0,54,0,0,54,54,1431,1431,26,26,2,1.4615384615384615,0.24852071005917156,2,1.4615384615384615,0.24852071005917156
14998,<=2,1.0,1.0,1.0,1.0,1.0,1.0,1.0,1.0,13,0,0,13,13,78,78,6,6,2,1.3333333333333333,0.22222222222222224,2,1.3333333333333333,0.22222222222222224
15002,<=2,1.0,1.0,1.0,1.0,1.0,1.0,1.0,1.0,21,0,0,21,21,210,210,13,13,2,1.5384615384615385,0.24852071005917153,2,1.5384615384615385,0.24852071005917153
15006,<=2,1.0,1.0,1.0,1.0,1.0,1.0,1.0,1.0,29,0,0,29,29,406,406,11,11,2,1.2727272727272727,0.1983471074380165,2,1.2727272727272727,0.1983471074380165
15008,<=2,1.0,1.0,1.0,1.0,1.0,1.0,1.0,1.0,16,0,0,16,16,120,120,11,11,2,1.2727272727272727,0.1983471074380165,2,1.2727272727272727,0.1983471074380165
15011,<=2,1.0,1.0,1.0,1.0,1.0,1.0,1.0,1.0,20,0,0,20,20,190,190,13,13,2,1.6153846153846154,0.23668639053254442,2,1.6153846153846154,0.23668639053254442
15016,<=2,1.0,1.0,1.0,1.0,1.0,1.0,1.0,1.0,4,0,0,4,4,6,6,4,4,2,1.5,0.25,2,1.5,0.25
15017,<=2,1.0,1.0,1.0,1.0,1.0,1.0,1.0,1.0,91,0,0,91,91,4095,4095,17,17,2,1.5294117647058822,0.24913494809688583,2,1.5294117647058822,0.24913494809688583
15032,<=2,1.0,1.0,1.0,1.0,1.0,1.0,1.0,1.0,8,0,0,8,8,28,28,8,8,2,1.125,0.109375,2,1.125,0.109375
15036,<=2,1.0,1.0,1.0,1.0,1.0,1.0,1.0,1.0,24,0,0,24,24,276,276,9,9,2,1.5555555555555556,0.2469135802469136,2,1.5555555555555556,0.2469135802469136
15049,<=2,1.0,1.0,1.0,1.0,1.0,1.0,1.0,1.0,32,0,0,32,32,496,496,6,6,2,1.5,0.25,2,1.5,0.25
15050,<=2,1.0,1.0,1.0,1.0,1.0,1.0,1.0,1.0,25,0,0,25,25,300,300,11,11,2,1.4545454545454546,0.24793388429752064,2,1.4545454545454546,0.24793388429752064
15055,<=2,1.0,1.0,1.0,1.0,1.0,1.0,1.0,1.0,11,0,0,11,11,55,55,10,10,2,1.5,0.25,2,1.5,0.25
15062,<=2,1.0,1.0,1.0,1.0,1.0,1.0,1.0,1.0,24,0,0,24,24,276,276,15,15,2,1.4666666666666666,0.24888888888888885,2,1.4666666666666666,0.24888888888888885
15069,<=2,1.0,1.0,1.0,1.0,1.0,1.0,1.0,1.0,56,0,0,56,56,1540,1540,25,25,2,1.64,0.2304,2,1.64,0.2304
15070,<=2,1.0,1.0,1.0,1.0,1.0,1.0,1.0,1.0,24,0,0,24,24,276,276,15,15,2,1.6,0.2400000000000001,2,1.6,0.2400000000000001
15071,<=2,1.0,1.0,1.0,1.0,1.0,1.0,1.0,1.0,74,0,0,74,74,2701,2701,21,21,2,1.4761904761904763,0.24943310657596368,2,1.4761904761904763,0.24943310657596368
15073,<=2,1.0,1.0,1.0,1.0,1.0,1.0,1.0,1.0,14,0,0,14,14,91,91,5,5,2,1.4,0.24,2,1.4,0.24
15074,<=2,1.0,1.0,1.0,1.0,1.0,1.0,1.0,1.0,33,0,0,33,33,528,528,21,21,2,1.5238095238095237,0.24943310657596368,2,1.5238095238095237,0.24943310657596368
15085,<=2,1.0,1.0,1.0,1.0,1.0,1.0,1.0,1.0,168,0,0,168,168,14028,14028,20,20,2,1.4,0.24000000000000005,2,1.4,0.24000000000000005
15097,<=2,1.0,1.0,1.0,1.0,1.0,1.0,1.0,1.0,103,0,0,103,103,5253,5253,18,18,2,1.2777777777777777,0.20061728395061726,2,1.2777777777777777,0.20061728395061726
15107,<=2,1.0,1.0,1.0,1.0,1.0,1.0,1.0,1.0,27,0,0,27,27,351,351,14,14,2,1.2857142857142858,0.20408163265306123,2,1.2857142857142858,0.20408163265306123
15109,<=2,1.0,1.0,1.0,1.0,1.0,1.0,1.0,1.0,29,0,0,29,29,406,406,17,17,2,1.4705882352941178,0.24913494809688583,2,1.4705882352941178,0.24913494809688583
15110,<=2,1.0,1.0,1.0,1.0,1.0,1.0,1.0,1.0,173,0,0,173,173,14878,14878,36,36,2,1.4166666666666667,0.24305555555555555,2,1.4166666666666667,0.24305555555555555
15112,<=2,1.0,1.0,1.0,1.0,1.0,1.0,1.0,1.0,19,0,0,19,19,171,171,11,11,2,1.1818181818181819,0.14876033057851237,2,1.1818181818181819,0.14876033057851237
15113,<=2,1.0,1.0,1.0,1.0,1.0,1.0,1.0,1.0,53,0,0,53,53,1378,1378,13,13,2,1.4615384615384615,0.24852071005917153,2,1.4615384615384615,0.24852071005917153
15117,<=2,1.0,1.0,1.0,1.0,1.0,1.0,1.0,1.0,101,0,0,101,101,5050,5050,23,23,2,1.5217391304347827,0.24952741020793945,2,1.5217391304347827,0.24952741020793945
15126,<=2,1.0,1.0,1.0,1.0,1.0,1.0,1.0,1.0,16,0,0,16,16,120,120,7,7,2,1.2857142857142858,0.20408163265306123,2,1.2857142857142858,0.20408163265306123
15140,<=2,1.0,1.0,1.0,1.0,1.0,1.0,1.0,1.0,34,0,0,34,34,561,561,15,15,2,1.3333333333333333,0.22222222222222227,2,1.3333333333333333,0.22222222222222227
15148,<=2,1.0,1.0,1.0,1.0,1.0,1.0,1.0,1.0,85,0,0,85,85,3570,3570,19,19,2,1.5263157894736843,0.2493074792243768,2,1.5263157894736843,0.2493074792243768
15153,<=2,1.0,1.0,1.0,1.0,1.0,1.0,1.0,1.0,95,0,0,95,95,4465,4465,24,24,2,1.5833333333333333,0.24305555555555555,2,1.5833333333333333,0.24305555555555555
15155,<=2,1.0,1.0,1.0,1.0,1.0,1.0,1.0,1.0,21,0,0,21,21,210,210,11,11,2,1.3636363636363635,0.23140495867768598,2,1.3636363636363635,0.23140495867768598
15165,<=2,1.0,1.0,1.0,1.0,1.0,1.0,1.0,1.0,126,0,0,126,126,7875,7875,40,40,2,1.475,0.24937499999999996,2,1.475,0.24937499999999996
15175,<=2,1.0,1.0,1.0,1.0,1.0,1.0,1.0,1.0,24,0,0,24,24,276,276,13,13,2,1.5384615384615385,0.24852071005917153,2,1.5384615384615385,0.24852071005917153
15179,<=2,1.0,1.0,1.0,1.0,1.0,1.0,1.0,1.0,44,0,0,44,44,946,946,20,20,2,1.45,0.2475,2,1.45,0.2475
15183,<=2,1.0,1.0,1.0,1.0,1.0,1.0,1.0,1.0,41,0,0,41,41,820,820,13,13,2,1.3846153846153846,0.23668639053254442,2,1.3846153846153846,0.23668639053254442
15185,<=2,1.0,1.0,1.0,1.0,1.0,1.0,1.0,1.0,11,0,0,11,11,55,55,10,10,2,1.3,0.21000000000000002,2,1.3,0.21000000000000002
15195,<=2,1.0,1.0,1.0,1.0,1.0,1.0,1.0,1.0,29,0,0,29,29,406,406,16,16,2,1.5625,0.24609375,2,1.5625,0.24609375
15197,<=2,1.0,1.0,1.0,1.0,1.0,1.0,1.0,1.0,139,0,0,139,139,9591,9591,24,24,2,1.2916666666666667,0.20659722222222224,2,1.2916666666666667,0.20659722222222224
15198,<=2,1.0,1.0,1.0,1.0,1.0,1.0,1.0,1.0,64,0,0,64,64,2016,2016,25,25,2,1.56,0.2464,2,1.56,0.2464
15203,<=2,1.0,1.0,1.0,1.0,1.0,1.0,1.0,1.0,3,0,0,3,3,3,3,4,4,2,1.25,0.1875,2,1.25,0.1875
15219,<=2,1.0,1.0,1.0,1.0,1.0,1.0,1.0,1.0,106,0,0,106,106,5565,5565,34,34,2,1.5294117647058822,0.24913494809688583,2,1.5294117647058822,0.24913494809688583
15249,<=2,1.0,1.0,1.0,1.0,1.0,1.0,1.0,1.0,38,0,0,38,38,703,703,18,18,2,1.4444444444444444,0.2469135802469136,2,1.4444444444444444,0.2469135802469136
15257,<=2,1.0,1.0,1.0,1.0,1.0,1.0,1.0,1.0,26,0,0,26,26,325,325,10,10,2,1.6,0.24000000000000005,2,1.6,0.24000000000000005
15259,<=2,1.0,1.0,1.0,1.0,1.0,1.0,1.0,1.0,68,0,0,68,68,2278,2278,17,17,2,1.5294117647058822,0.24913494809688583,2,1.5294117647058822,0.24913494809688583
15262,<=2,1.0,1.0,1.0,1.0,1.0,1.0,1.0,1.0,34,0,0,34,34,561,561,20,20,2,1.45,0.2475,2,1.45,0.2475
15266,<=2,1.0,1.0,1.0,1.0,1.0,1.0,1.0,1.0,48,0,0,48,48,1128,1128,22,22,2,1.4090909090909092,0.24173553719008256,2,1.4090909090909092,0.24173553719008256
15267,<=2,1.0,1.0,1.0,1.0,1.0,1.0,1.0,1.0,36,0,0,36,36,630,630,11,11,2,1.5454545454545454,0.24793388429752064,2,1.5454545454545454,0.24793388429752064
15268,<=2,1.0,1.0,1.0,1.0,1.0,1.0,1.0,1.0,65,0,0,65,65,2080,2080,25,25,2,1.48,0.24960000000000004,2,1.48,0.24960000000000004
15269,<=2,1.0,1.0,1.0,1.0,1.0,1.0,1.0,1.0,95,0,0,95,95,4465,4465,26,26,2,1.5769230769230769,0.24408284023668633,2,1.5769230769230769,0.24408284023668633
15273,<=2,1.0,1.0,1.0,1.0,1.0,1.0,1.0,1.0,72,0,0,72,72,2556,2556,27,27,2,1.3333333333333333,0.2222222222222222,2,1.3333333333333333,0.2222222222222222
15274,<=2,1.0,1.0,1.0,1.0,1.0,1.0,1.0,1.0,134,0,0,134,134,8911,8911,18,18,2,1.4444444444444444,0.2469135802469136,2,1.4444444444444444,0.2469135802469136
15276,<=2,1.0,1.0,1.0,1.0,1.0,1.0,1.0,1.0,58,0,0,58,58,1653,1653,26,26,2,1.4615384615384615,0.24852071005917156,2,1.4615384615384615,0.24852071005917156
15286,<=2,1.0,1.0,1.0,1.0,1.0,1.0,1.0,1.0,53,0,0,53,53,1378,1378,20,20,2,1.45,0.2475,2,1.45,0.2475
15297,<=2,1.0,1.0,1.0,1.0,1.0,1.0,1.0,1.0,46,0,0,46,46,1035,1035,15,15,2,1.6,0.2400000000000001,2,1.6,0.2400000000000001
15301,<=2,1.0,1.0,1.0,1.0,1.0,1.0,1.0,1.0,78,0,0,78,78,3003,3003,21,21,2,1.380952380952381,0.23582766439909295,2,1.380952380952381,0.23582766439909295
15302,<=2,1.0,1.0,1.0,1.0,1.0,1.0,1.0,1.0,180,0,0,180,180,16110,16110,22,22,2,1.5,0.25,2,1.5,0.25
15303,<=2,1.0,1.0,1.0,1.0,1.0,1.0,1.0,1.0,16,0,0,16,16,120,120,9,9,2,1.4444444444444444,0.2469135802469136,2,1.4444444444444444,0.2469135802469136
15307,<=2,1.0,1.0,1.0,1.0,1.0,1.0,1.0,1.0,6,0,0,6,6,15,15,5,5,2,1.2,0.16,2,1.2,0.16
15311,<=2,1.0,1.0,1.0,1.0,1.0,1.0,1.0,1.0,4,0,0,4,4,6,6,4,4,1,1.0,0.0,1,1.0,0.0
15329,<=2,1.0,1.0,1.0,1.0,1.0,1.0,1.0,1.0,32,0,0,32,32,496,496,17,17,2,1.4705882352941178,0.24913494809688583,2,1.4705882352941178,0.24913494809688583
15345,<=2,1.0,1.0,1.0,1.0,1.0,1.0,1.0,1.0,63,0,0,63,63,1953,1953,25,25,2,1.36,0.23040000000000002,2,1.36,0.23040000000000002
15347,<=2,1.0,1.0,1.0,1.0,1.0,1.0,1.0,1.0,37,0,0,37,37,666,666,12,12,2,1.25,0.1875,2,1.25,0.1875
15356,<=2,1.0,1.0,1.0,1.0,1.0,1.0,1.0,1.0,35,0,0,35,35,595,595,19,19,2,1.5789473684210527,0.24376731301939059,2,1.5789473684210527,0.24376731301939059
15366,<=2,1.0,1.0,1.0,1.0,1.0,1.0,1.0,1.0,19,0,0,19,19,171,171,10,10,2,1.4,0.24000000000000005,2,1.4,0.24000000000000005
15379,<=2,1.0,1.0,1.0,1.0,1.0,1.0,1.0,1.0,129,0,0,129,129,8256,8256,32,32,2,1.78125,0.1708984375,2,1.78125,0.1708984375
15382,<=2,1.0,1.0,1.0,1.0,1.0,1.0,1.0,1.0,29,0,0,29,29,406,406,13,13,2,1.5384615384615385,0.24852071005917153,2,1.5384615384615385,0.24852071005917153
15386,<=2,1.0,1.0,1.0,1.0,1.0,1.0,1.0,1.0,87,0,0,87,87,3741,3741,30,30,2,1.5,0.25,2,1.5,0.25
15391,<=2,1.0,1.0,1.0,1.0,1.0,1.0,1.0,1.0,20,0,0,20,20,190,190,15,15,2,1.5333333333333334,0.24888888888888885,2,1.5333333333333334,0.24888888888888885
15392,<=2,1.0,1.0,1.0,1.0,1.0,1.0,1.0,1.0,74,0,0,74,74,2701,2701,22,22,2,1.5,0.25,2,1.5,0.25
15399,<=2,1.0,1.0,1.0,1.0,1.0,1.0,1.0,1.0,47,0,0,47,47,1081,1081,25,25,2,1.52,0.24960000000000004,2,1.52,0.24960000000000004
15404,<=2,1.0,1.0,1.0,1.0,1.0,1.0,1.0,1.0,18,0,0,18,18,153,153,11,11,2,1.2727272727272727,0.1983471074380165,2,1.2727272727272727,0.1983471074380165
15409,<=2,1.0,1.0,1.0,1.0,1.0,1.0,1.0,1.0,97,0,0,97,97,4656,4656,39,39,2,1.564102564102564,0.24589086127547666,2,1.564102564102564,0.24589086127547666
15451,<=2,1.0,1.0,1.0,1.0,1.0,1.0,1.0,1.0,155,0,0,155,155,11935,11935,37,37,2,1.6216216216216217,0.23520818115412706,2,1.6216216216216217,0.23520818115412706
15468,<=2,1.0,1.0,1.0,1.0,1.0,1.0,1.0,1.0,56,0,0,56,56,1540,1540,24,24,2,1.375,0.234375,2,1.375,0.234375
15469,<=2,1.0,1.0,1.0,1.0,1.0,1.0,1.0,1.0,132,0,0,132,132,8646,8646,21,21,2,1.4285714285714286,0.24489795918367352,2,1.4285714285714286,0.24489795918367352
15472,<=2,1.0,1.0,1.0,1.0,1.0,1.0,1.0,1.0,117,0,0,117,117,6786,6786,21,21,2,1.3333333333333333,0.22222222222222224,2,1.3333333333333333,0.22222222222222224
15474,<=2,1.0,1.0,1.0,1.0,1.0,1.0,1.0,1.0,37,0,0,37,37,666,666,17,17,2,1.5294117647058822,0.24913494809688583,2,1.5294117647058822,0.24913494809688583
15485,<=2,1.0,1.0,1.0,1.0,1.0,1.0,1.0,1.0,118,0,0,118,118,6903,6903,31,31,2,1.4838709677419355,0.24973985431841836,2,1.4838709677419355,0.24973985431841836
15486,<=2,1.0,1.0,1.0,1.0,1.0,1.0,1.0,1.0,276,0,0,276,276,37950,37950,45,45,2,1.6,0.24000000000000002,2,1.6,0.24000000000000002
15496,<=2,1.0,1.0,1.0,1.0,1.0,1.0,1.0,1.0,33,0,0,33,33,528,528,19,19,2,1.5263157894736843,0.2493074792243768,2,1.5263157894736843,0.2493074792243768
15514,<=2,1.0,1.0,1.0,1.0,1.0,1.0,1.0,1.0,78,0,0,78,78,3003,3003,17,17,2,1.411764705882353,0.24221453287197234,2,1.411764705882353,0.24221453287197234
15524,<=2,1.0,1.0,1.0,1.0,1.0,1.0,1.0,1.0,279,0,0,279,279,38781,38781,33,33,2,1.4545454545454546,0.24793388429752067,2,1.4545454545454546,0.24793388429752067
15525,<=2,1.0,1.0,1.0,1.0,1.0,1.0,1.0,1.0,24,0,0,24,24,276,276,9,9,2,1.2222222222222223,0.1728395061728395,2,1.2222222222222223,0.1728395061728395
15528,<=2,1.0,1.0,1.0,1.0,1.0,1.0,1.0,1.0,23,0,0,23,23,253,253,8,8,2,1.5,0.25,2,1.5,0.25
15546,<=2,1.0,1.0,1.0,1.0,1.0,1.0,1.0,1.0,23,0,0,23,23,253,253,15,15,2,1.5333333333333334,0.24888888888888885,2,1.5333333333333334,0.24888888888888885
15558,<=2,1.0,1.0,1.0,1.0,1.0,1.0,1.0,1.0,50,0,0,50,50,1225,1225,23,23,2,1.6521739130434783,0.226843100189036,2,1.6521739130434783,0.226843100189036
15564,<=2,1.0,1.0,1.0,1.0,1.0,1.0,1.0,1.0,99,0,0,99,99,4851,4851,17,17,2,1.411764705882353,0.24221453287197234,2,1.411764705882353,0.24221453287197234
15565,<=2,1.0,1.0,1.0,1.0,1.0,1.0,1.0,1.0,9,0,0,9,9,36,36,7,7,2,1.2857142857142858,0.20408163265306123,2,1.2857142857142858,0.20408163265306123
15569,<=2,1.0,1.0,1.0,1.0,1.0,1.0,1.0,1.0,19,0,0,19,19,171,171,15,15,2,1.4,0.24000000000000005,2,1.4,0.24000000000000005
15576,<=2,1.0,1.0,1.0,1.0,1.0,1.0,1.0,1.0,18,0,0,18,18,153,153,15,15,2,1.4666666666666666,0.24888888888888885,2,1.4666666666666666,0.24888888888888885
15581,<=2,1.0,1.0,1.0,1.0,1.0,1.0,1.0,1.0,7,0,0,7,7,21,21,8,8,2,1.5,0.25,2,1.5,0.25
15586,<=2,1.0,1.0,1.0,1.0,1.0,1.0,1.0,1.0,45,0,0,45,45,990,990,18,18,2,1.5555555555555556,0.2469135802469136,2,1.5555555555555556,0.2469135802469136
15595,<=2,1.0,1.0,1.0,1.0,1.0,1.0,1.0,1.0,28,0,0,28,28,378,378,15,15,2,1.5333333333333334,0.24888888888888885,2,1.5333333333333334,0.24888888888888885
15599,<=2,1.0,1.0,1.0,1.0,1.0,1.0,1.0,1.0,111,0,0,111,111,6105,6105,16,16,2,1.4375,0.24609375,2,1.4375,0.24609375
15600,<=2,1.0,1.0,1.0,1.0,1.0,1.0,1.0,1.0,61,0,0,61,61,1830,1830,22,22,2,1.4545454545454546,0.24793388429752064,2,1.4545454545454546,0.24793388429752064
15610,<=2,1.0,1.0,1.0,1.0,1.0,1.0,1.0,1.0,88,0,0,88,88,3828,3828,29,29,2,1.6551724137931034,0.2259215219976218,2,1.6551724137931034,0.2259215219976218
15614,<=2,1.0,1.0,1.0,1.0,1.0,1.0,1.0,1.0,30,0,0,30,30,435,435,11,11,2,1.3636363636363635,0.23140495867768598,2,1.3636363636363635,0.23140495867768598
15617,<=2,1.0,1.0,1.0,1.0,1.0,1.0,1.0,1.0,53,0,0,53,53,1378,1378,16,16,2,1.625,0.234375,2,1.625,0.234375
15618,<=2,1.0,1.0,1.0,1.0,1.0,1.0,1.0,1.0,8,0,0,8,8,28,28,6,6,2,1.6666666666666667,0.2222222222222223,2,1.6666666666666667,0.2222222222222223
15619,<=2,1.0,1.0,1.0,1.0,1.0,1.0,1.0,1.0,26,0,0,26,26,325,325,11,11,2,1.6363636363636365,0.23140495867768598,2,1.6363636363636365,0.23140495867768598
15621,<=2,1.0,1.0,1.0,1.0,1.0,1.0,1.0,1.0,55,0,0,55,55,1485,1485,22,22,2,1.4545454545454546,0.24793388429752064,2,1.4545454545454546,0.24793388429752064
15644,<=2,1.0,1.0,1.0,1.0,1.0,1.0,1.0,1.0,76,0,0,76,76,2850,2850,23,23,2,1.5217391304347827,0.24952741020793945,2,1.5217391304347827,0.24952741020793945
15645,<=2,1.0,1.0,1.0,1.0,1.0,1.0,1.0,1.0,19,0,0,19,19,171,171,14,14,2,1.5714285714285714,0.24489795918367346,2,1.5714285714285714,0.24489795918367346
15652,<=2,1.0,1.0,1.0,1.0,1.0,1.0,1.0,1.0,59,0,0,59,59,1711,1711,25,25,2,1.44,0.24639999999999998,2,1.44,0.24639999999999998
15653,<=2,1.0,1.0,1.0,1.0,1.0,1.0,1.0,1.0,48,0,0,48,48,1128,1128,19,19,2,1.3157894736842106,0.2160664819944598,2,1.3157894736842106,0.2160664819944598
15658,<=2,1.0,1.0,1.0,1.0,1.0,1.0,1.0,1.0,69,0,0,69,69,2346,2346,20,20,2,1.55,0.24749999999999997,2,1.55,0.24749999999999997
15667,<=2,1.0,1.0,1.0,1.0,1.0,1.0,1.0,1.0,74,0,0,74,74,2701,2701,25,25,2,1.48,0.24960000000000004,2,1.48,0.24960000000000004
15681,<=2,1.0,1.0,1.0,1.0,1.0,1.0,1.0,1.0,43,0,0,43,43,903,903,12,12,2,1.5,0.25,2,1.5,0.25
15684,<=2,1.0,1.0,1.0,1.0,1.0,1.0,1.0,1.0,32,0,0,32,32,496,496,20,20,2,1.4,0.24000000000000005,2,1.4,0.24000000000000005
15687,<=2,1.0,1.0,1.0,1.0,1.0,1.0,1.0,1.0,46,0,0,46,46,1035,1035,21,21,2,1.6666666666666667,0.2222222222222221,2,1.6666666666666667,0.2222222222222221
15690,<=2,1.0,1.0,1.0,1.0,1.0,1.0,1.0,1.0,64,0,0,64,64,2016,2016,17,17,2,1.3529411764705883,0.22837370242214536,2,1.3529411764705883,0.22837370242214536
15693,<=2,1.0,1.0,1.0,1.0,1.0,1.0,1.0,1.0,17,0,0,17,17,136,136,13,13,2,1.3846153846153846,0.23668639053254442,2,1.3846153846153846,0.23668639053254442
15704,<=2,1.0,1.0,1.0,1.0,1.0,1.0,1.0,1.0,34,0,0,34,34,561,561,15,15,2,1.2,0.16000000000000003,2,1.2,0.16000000000000003
15709,<=2,1.0,1.0,1.0,1.0,1.0,1.0,1.0,1.0,32,0,0,32,32,496,496,16,16,2,1.4375,0.24609375,2,1.4375,0.24609375
15725,<=2,1.0,1.0,1.0,1.0,1.0,1.0,1.0,1.0,57,0,0,57,57,1596,1596,28,28,2,1.5,0.25,2,1.5,0.25
15726,<=2,1.0,1.0,1.0,1.0,1.0,1.0,1.0,1.0,52,0,0,52,52,1326,1326,28,28,2,1.4642857142857142,0.2487244897959184,2,1.4642857142857142,0.2487244897959184
15733,<=2,1.0,1.0,1.0,1.0,1.0,1.0,1.0,1.0,13,0,0,13,13,78,78,7,7,2,1.5714285714285714,0.24489795918367346,2,1.5714285714285714,0.24489795918367346
15735,<=2,1.0,1.0,1.0,1.0,1.0,1.0,1.0,1.0,9,0,0,9,9,36,36,6,6,2,1.5,0.25,2,1.5,0.25
15744,<=2,1.0,1.0,1.0,1.0,1.0,1.0,1.0,1.0,24,0,0,24,24,276,276,10,10,2,1.4,0.24000000000000005,2,1.4,0.24000000000000005
15745,<=2,1.0,1.0,1.0,1.0,1.0,1.0,1.0,1.0,11,0,0,11,11,55,55,8,8,2,1.125,0.109375,2,1.125,0.109375
15750,<=2,1.0,1.0,1.0,1.0,1.0,1.0,1.0,1.0,132,0,0,132,132,8646,8646,19,19,2,1.4210526315789473,0.24376731301939059,2,1.4210526315789473,0.24376731301939059
15759,<=2,1.0,1.0,1.0,1.0,1.0,1.0,1.0,1.0,77,0,0,77,77,2926,2926,8,8,2,1.5,0.25,2,1.5,0.25
15764,<=2,1.0,1.0,1.0,1.0,1.0,1.0,1.0,1.0,59,0,0,59,59,1711,1711,17,17,2,1.4705882352941178,0.24913494809688583,2,1.4705882352941178,0.24913494809688583
15772,<=2,1.0,1.0,1.0,1.0,1.0,1.0,1.0,1.0,47,0,0,47,47,1081,1081,20,20,2,1.5,0.25,2,1.5,0.25
15778,<=2,1.0,1.0,1.0,1.0,1.0,1.0,1.0,1.0,36,0,0,36,36,630,630,13,13,2,1.4615384615384615,0.24852071005917153,2,1.4615384615384615,0.24852071005917153
15792,<=2,1.0,1.0,1.0,1.0,1.0,1.0,1.0,1.0,6,0,0,6,6,15,15,7,7,2,1.1428571428571428,0.12244897959183675,2,1.1428571428571428,0.12244897959183675
15794,<=2,1.0,1.0,1.0,1.0,1.0,1.0,1.0,1.0,169,0,0,169,169,14196,14196,34,34,2,1.4411764705882353,0.24653979238754326,2,1.4411764705882353,0.24653979238754326
15797,<=2,1.0,1.0,1.0,1.0,1.0,1.0,1.0,1.0,5,0,0,5,5,10,10,5,5,2,1.4,0.24,2,1.4,0.24
15802,<=2,1.0,1.0,1.0,1.0,1.0,1.0,1.0,1.0,45,0,0,45,45,990,990,17,17,2,1.4705882352941178,0.24913494809688583,2,1.4705882352941178,0.24913494809688583
15809,<=2,1.0,1.0,1.0,1.0,1.0,1.0,1.0,1.0,4,0,0,4,4,6,6,4,4,2,1.25,0.1875,2,1.25,0.1875
15810,<=2,1.0,1.0,1.0,1.0,1.0,1.0,1.0,1.0,84,0,0,84,84,3486,3486,25,25,2,1.52,0.24960000000000004,2,1.52,0.24960000000000004
15811,<=2,1.0,1.0,1.0,1.0,1.0,1.0,1.0,1.0,8,0,0,8,8,28,28,5,5,2,1.4,0.24,2,1.4,0.24
15816,<=2,1.0,1.0,1.0,1.0,1.0,1.0,1.0,1.0,27,0,0,27,27,351,351,16,16,2,1.6875,0.21484375,2,1.6875,0.21484375
15818,<=2,1.0,1.0,1.0,1.0,1.0,1.0,1.0,1.0,20,0,0,20,20,190,190,11,11,2,1.5454545454545454,0.24793388429752064,2,1.5454545454545454,0.24793388429752064
15823,<=2,1.0,1.0,1.0,1.0,1.0,1.0,1.0,1.0,42,0,0,42,42,861,861,15,15,2,1.4666666666666666,0.24888888888888885,2,1.4666666666666666,0.24888888888888885
15826,<=2,1.0,1.0,1.0,1.0,1.0,1.0,1.0,1.0,72,0,0,72,72,2556,2556,21,21,2,1.4761904761904763,0.24943310657596368,2,1.4761904761904763,0.24943310657596368
15830,<=2,1.0,1.0,1.0,1.0,1.0,1.0,1.0,1.0,10,0,0,10,10,45,45,7,7,2,1.2857142857142858,0.20408163265306123,2,1.2857142857142858,0.20408163265306123
15839,<=2,1.0,1.0,1.0,1.0,1.0,1.0,1.0,1.0,75,0,0,75,75,2775,2775,19,19,2,1.4736842105263157,0.2493074792243767,2,1.4736842105263157,0.2493074792243767
15846,<=2,1.0,1.0,1.0,1.0,1.0,1.0,1.0,1.0,32,0,0,32,32,496,496,16,16,2,1.5,0.25,2,1.5,0.25
15850,<=2,1.0,1.0,1.0,1.0,1.0,1.0,1.0,1.0,85,0,0,85,85,3570,3570,11,11,2,1.2727272727272727,0.1983471074380165,2,1.2727272727272727,0.1983471074380165
15859,<=2,1.0,1.0,1.0,1.0,1.0,1.0,1.0,1.0,47,0,0,47,47,1081,1081,22,22,2,1.3636363636363635,0.23140495867768598,2,1.3636363636363635,0.23140495867768598
15870,<=2,1.0,1.0,1.0,1.0,1.0,1.0,1.0,1.0,41,0,0,41,41,820,820,21,21,2,1.4285714285714286,0.24489795918367352,2,1.4285714285714286,0.24489795918367352
15876,<=2,1.0,1.0,1.0,1.0,1.0,1.0,1.0,1.0,92,0,0,92,92,4186,4186,17,17,2,1.411764705882353,0.24221453287197234,2,1.411764705882353,0.24221453287197234
15881,<=2,1.0,1.0,1.0,1.0,1.0,1.0,1.0,1.0,35,0,0,35,35,595,595,12,12,2,1.25,0.1875,2,1.25,0.1875
15883,<=2,1.0,1.0,1.0,1.0,1.0,1.0,1.0,1.0,93,0,0,93,93,4278,4278,28,28,2,1.5,0.25,2,1.5,0.25
15895,<=2,1.0,1.0,1.0,1.0,1.0,1.0,1.0,1.0,48,0,0,48,48,1128,1128,17,17,2,1.2352941176470589,0.17993079584775087,2,1.2352941176470589,0.17993079584775087
15906,<=2,1.0,1.0,1.0,1.0,1.0,1.0,1.0,1.0,37,0,0,37,37,666,666,18,18,2,1.4444444444444444,0.2469135802469136,2,1.4444444444444444,0.2469135802469136
15918,<=2,1.0,1.0,1.0,1.0,1.0,1.0,1.0,1.0,14,0,0,14,14,91,91,10,10,2,1.4,0.24000000000000005,2,1.4,0.24000000000000005
15927,<=2,1.0,1.0,1.0,1.0,1.0,1.0,1.0,1.0,21,0,0,21,21,210,210,8,8,2,1.375,0.234375,2,1.375,0.234375
15944,<=2,1.0,1.0,1.0,1.0,1.0,1.0,1.0,1.0,35,0,0,35,35,595,595,13,13,2,1.1538461538461537,0.13017751479289943,2,1.1538461538461537,0.13017751479289943
15947,<=2,1.0,1.0,1.0,1.0,1.0,1.0,1.0,1.0,90,0,0,90,90,4005,4005,32,32,2,1.34375,0.2255859375,2,1.34375,0.2255859375
15952,<=2,1.0,1.0,1.0,1.0,1.0,1.0,1.0,1.0,13,0,0,13,13,78,78,12,12,2,1.3333333333333333,0.22222222222222224,2,1.3333333333333333,0.22222222222222224
15954,<=2,1.0,1.0,1.0,1.0,1.0,1.0,1.0,1.0,71,0,0,71,71,2485,2485,21,21,2,1.4285714285714286,0.24489795918367352,2,1.4285714285714286,0.24489795918367352
15963,<=2,1.0,1.0,1.0,1.0,1.0,1.0,1.0,1.0,31,0,0,31,31,465,465,16,16,2,1.5,0.25,2,1.5,0.25
15976,<=2,1.0,1.0,1.0,1.0,1.0,1.0,1.0,1.0,224,0,0,224,224,24976,24976,47,47,2,1.6595744680851063,0.2245359891353553,2,1.6595744680851063,0.2245359891353553
15978,<=2,1.0,1.0,1.0,1.0,1.0,1.0,1.0,1.0,24,0,0,24,24,276,276,10,10,2,1.3,0.21000000000000002,2,1.3,0.21000000000000002
15984,<=2,1.0,1.0,1.0,1.0,1.0,1.0,1.0,1.0,13,0,0,13,13,78,78,5,5,2,1.2,0.16,2,1.2,0.16
15986,<=2,1.0,1.0,1.0,1.0,1.0,1.0,1.0,1.0,14,0,0,14,14,91,91,7,7,2,1.5714285714285714,0.24489795918367346,2,1.5714285714285714,0.24489795918367346
15987,<=2,1.0,1.0,1.0,1.0,1.0,1.0,1.0,1.0,40,0,0,40,40,780,780,12,12,2,1.3333333333333333,0.22222222222222224,2,1.3333333333333333,0.22222222222222224
15994,<=2,1.0,1.0,1.0,1.0,1.0,1.0,1.0,1.0,14,0,0,14,14,91,91,11,11,2,1.3636363636363635,0.23140495867768598,2,1.3636363636363635,0.23140495867768598
16005,<=2,1.0,1.0,1.0,1.0,1.0,1.0,1.0,1.0,153,0,0,153,153,11628,11628,49,49,2,1.6734693877551021,0.21990837151187012,2,1.6734693877551021,0.21990837151187012
16015,<=2,1.0,1.0,1.0,1.0,1.0,1.0,1.0,1.0,193,0,0,193,193,18528,18528,35,35,2,1.6,0.24000000000000002,2,1.6,0.24000000000000002
16025,<=2,1.0,1.0,1.0,1.0,1.0,1.0,1.0,1.0,22,0,0,22,22,231,231,16,16,2,1.5,0.25,2,1.5,0.25
16027,<=2,1.0,1.0,1.0,1.0,1.0,1.0,1.0,1.0,22,0,0,22,22,231,231,8,8,2,1.375,0.234375,2,1.375,0.234375
16032,<=2,1.0,1.0,1.0,1.0,1.0,1.0,1.0,1.0,88,0,0,88,88,3828,3828,15,15,2,1.5333333333333334,0.24888888888888885,2,1.5333333333333334,0.24888888888888885
16037,<=2,1.0,1.0,1.0,1.0,1.0,1.0,1.0,1.0,175,0,0,175,175,15225,15225,43,43,2,1.5116279069767442,0.24986479177934018,2,1.5116279069767442,0.24986479177934018
16038,<=2,1.0,1.0,1.0,1.0,1.0,1.0,1.0,1.0,167,0,0,167,167,13861,13861,37,37,2,1.5405405405405406,0.2483564645726809,2,1.5405405405405406,0.2483564645726809
16063,<=2,1.0,1.0,1.0,1.0,1.0,1.0,1.0,1.0,70,0,0,70,70,2415,2415,18,18,2,1.5,0.25,2,1.5,0.25
16064,<=2,1.0,1.0,1.0,1.0,1.0,1.0,1.0,1.0,80,0,0,80,80,3160,3160,15,15,2,1.5333333333333334,0.24888888888888885,2,1.5333333333333334,0.24888888888888885
16069,<=2,1.0,1.0,1.0,1.0,1.0,1.0,1.0,1.0,83,0,0,83,83,3403,3403,22,22,2,1.4090909090909092,0.24173553719008256,2,1.4090909090909092,0.24173553719008256
16071,<=2,1.0,1.0,1.0,1.0,1.0,1.0,1.0,1.0,19,0,0,19,19,171,171,11,11,2,1.5454545454545454,0.24793388429752064,2,1.5454545454545454,0.24793388429752064
16072,<=2,1.0,1.0,1.0,1.0,1.0,1.0,1.0,1.0,65,0,0,65,65,2080,2080,21,21,2,1.380952380952381,0.23582766439909295,2,1.380952380952381,0.23582766439909295
16076,<=2,1.0,1.0,1.0,1.0,1.0,1.0,1.0,1.0,167,0,0,167,167,13861,13861,40,40,2,1.575,0.244375,2,1.575,0.244375
16080,<=2,1.0,1.0,1.0,1.0,1.0,1.0,1.0,1.0,101,0,0,101,101,5050,5050,25,25,2,1.6,0.24,2,1.6,0.24
16082,<=2,1.0,1.0,1.0,1.0,1.0,1.0,1.0,1.0,28,0,0,28,28,378,378,17,17,2,1.411764705882353,0.24221453287197234,2,1.411764705882353,0.24221453287197234
16084,<=2,1.0,1.0,1.0,1.0,1.0,1.0,1.0,1.0,58,0,0,58,58,1653,1653,23,23,2,1.3478260869565217,0.2268431001890359,2,1.3478260869565217,0.2268431001890359
16089,<=2,1.0,1.0,1.0,1.0,1.0,1.0,1.0,1.0,32,0,0,32,32,496,496,14,14,2,1.3571428571428572,0.22959183673469385,2,1.3571428571428572,0.22959183673469385
16098,<=2,1.0,1.0,1.0,1.0,1.0,1.0,1.0,1.0,19,0,0,19,19,171,171,12,12,2,1.5833333333333333,0.24305555555555555,2,1.5833333333333333,0.24305555555555555
16099,<=2,1.0,1.0,1.0,1.0,1.0,1.0,1.0,1.0,22,0,0,22,22,231,231,13,13,2,1.5384615384615385,0.24852071005917153,2,1.5384615384615385,0.24852071005917153
16101,<=2,1.0,1.0,1.0,1.0,1.0,1.0,1.0,1.0,27,0,0,27,27,351,351,16,16,2,1.5,0.25,2,1.5,0.25
16111,<=2,1.0,1.0,1.0,1.0,1.0,1.0,1.0,1.0,39,0,0,39,39,741,741,12,12,2,1.4166666666666667,0.24305555555555555,2,1.4166666666666667,0.24305555555555555
16112,<=2,1.0,1.0,1.0,1.0,1.0,1.0,1.0,1.0,68,0,0,68,68,2278,2278,23,23,2,1.565217391304348,0.2457466918714556,2,1.565217391304348,0.2457466918714556
16114,<=2,1.0,1.0,1.0,1.0,1.0,1.0,1.0,1.0,60,0,0,60,60,1770,1770,16,16,2,1.4375,0.24609375,2,1.4375,0.24609375
16119,<=2,1.0,1.0,1.0,1.0,1.0,1.0,1.0,1.0,7,0,0,7,7,21,21,8,8,2,1.5,0.25,2,1.5,0.25
16123,<=2,1.0,1.0,1.0,1.0,1.0,1.0,1.0,1.0,148,0,0,148,148,10878,10878,16,16,2,1.3125,0.21484375,2,1.3125,0.21484375
16125,<=2,1.0,1.0,1.0,1.0,1.0,1.0,1.0,1.0,141,0,0,141,141,9870,9870,30,30,2,1.3666666666666667,0.23222222222222216,2,1.3666666666666667,0.23222222222222216
16142,<=2,1.0,1.0,1.0,1.0,1.0,1.0,1.0,1.0,46,0,0,46,46,1035,1035,10,10,2,1.6,0.24000000000000005,2,1.6,0.24000000000000005
16161,<=2,1.0,1.0,1.0,1.0,1.0,1.0,1.0,1.0,16,0,0,16,16,120,120,8,8,2,1.375,0.234375,2,1.375,0.234375
16164,<=2,1.0,1.0,1.0,1.0,1.0,1.0,1.0,1.0,105,0,0,105,105,5460,5460,13,13,2,1.4615384615384615,0.24852071005917153,2,1.4615384615384615,0.24852071005917153
16166,<=2,1.0,1.0,1.0,1.0,1.0,1.0,1.0,1.0,35,0,0,35,35,595,595,16,16,2,1.5,0.25,2,1.5,0.25
16173,<=2,1.0,1.0,1.0,1.0,1.0,1.0,1.0,1.0,65,0,0,65,65,2080,2080,18,18,2,1.5555555555555556,0.2469135802469136,2,1.5555555555555556,0.2469135802469136
16180,<=2,1.0,1.0,1.0,1.0,1.0,1.0,1.0,1.0,38,0,0,38,38,703,703,13,13,2,1.6153846153846154,0.23668639053254442,2,1.6153846153846154,0.23668639053254442
16183,<=2,1.0,1.0,1.0,1.0,1.0,1.0,1.0,1.0,73,0,0,73,73,2628,2628,23,23,2,1.4782608695652173,0.24952741020793945,2,1.4782608695652173,0.24952741020793945
16188,<=2,1.0,1.0,1.0,1.0,1.0,1.0,1.0,1.0,55,0,0,55,55,1485,1485,18,18,2,1.6111111111111112,0.23765432098765427,2,1.6111111111111112,0.23765432098765427
16193,<=2,1.0,1.0,1.0,1.0,1.0,1.0,1.0,1.0,16,0,0,16,16,120,120,10,10,2,1.2,0.16,2,1.2,0.16
16206,<=2,1.0,1.0,1.0,1.0,1.0,1.0,1.0,1.0,41,0,0,41,41,820,820,11,11,2,1.2727272727272727,0.1983471074380165,2,1.2727272727272727,0.1983471074380165
16210,<=2,1.0,1.0,1.0,1.0,1.0,1.0,1.0,1.0,23,0,0,23,23,253,253,19,19,2,1.5263157894736843,0.2493074792243768,2,1.5263157894736843,0.2493074792243768
16216,<=2,1.0,1.0,1.0,1.0,1.0,1.0,1.0,1.0,57,0,0,57,57,1596,1596,15,15,2,1.5333333333333334,0.24888888888888885,2,1.5333333333333334,0.24888888888888885
16237,<=2,1.0,1.0,1.0,1.0,1.0,1.0,1.0,1.0,49,0,0,49,49,1176,1176,29,29,2,1.5517241379310345,0.24732461355529137,2,1.5517241379310345,0.24732461355529137
16238,<=2,1.0,1.0,1.0,1.0,1.0,1.0,1.0,1.0,66,0,0,66,66,2145,2145,23,23,2,1.434782608695652,0.2457466918714555,2,1.434782608695652,0.2457466918714555
16240,<=2,1.0,1.0,1.0,1.0,1.0,1.0,1.0,1.0,6,0,0,6,6,15,15,6,6,2,1.3333333333333333,0.22222222222222224,2,1.3333333333333333,0.22222222222222224
16241,<=2,1.0,1.0,1.0,1.0,1.0,1.0,1.0,1.0,16,0,0,16,16,120,120,9,9,2,1.3333333333333333,0.2222222222222222,2,1.3333333333333333,0.2222222222222222
16243,<=2,1.0,1.0,1.0,1.0,1.0,1.0,1.0,1.0,98,0,0,98,98,4753,4753,25,25,2,1.44,0.24639999999999998,2,1.44,0.24639999999999998
16246,<=2,1.0,1.0,1.0,1.0,1.0,1.0,1.0,1.0,80,0,0,80,80,3160,3160,23,23,2,1.391304347826087,0.23818525519848768,2,1.391304347826087,0.23818525519848768
16253,<=2,1.0,1.0,1.0,1.0,1.0,1.0,1.0,1.0,72,0,0,72,72,2556,2556,12,12,2,1.5833333333333333,0.24305555555555555,2,1.5833333333333333,0.24305555555555555
16254,<=2,1.0,1.0,1.0,1.0,1.0,1.0,1.0,1.0,363,0,0,363,363,65703,65703,27,27,2,1.6296296296296295,0.23319615912208502,2,1.6296296296296295,0.23319615912208502
16255,<=2,1.0,1.0,1.0,1.0,1.0,1.0,1.0,1.0,20,0,0,20,20,190,190,14,14,2,1.5714285714285714,0.24489795918367346,2,1.5714285714285714,0.24489795918367346
16257,<=2,1.0,1.0,1.0,1.0,1.0,1.0,1.0,1.0,10,0,0,10,10,45,45,10,10,2,1.4,0.24000000000000005,2,1.4,0.24000000000000005
16273,<=2,1.0,1.0,1.0,1.0,1.0,1.0,1.0,1.0,165,0,0,165,165,13530,13530,45,45,2,1.511111111111111,0.2498765432098766,2,1.511111111111111,0.2498765432098766
16283,<=2,1.0,1.0,1.0,1.0,1.0,1.0,1.0,1.0,225,0,0,225,225,25200,25200,39,39,2,1.5128205128205128,0.24983563445101908,2,1.5128205128205128,0.24983563445101908
16292,<=2,1.0,1.0,1.0,1.0,1.0,1.0,1.0,1.0,25,0,0,25,25,300,300,8,8,2,1.375,0.234375,2,1.375,0.234375
16295,<=2,1.0,1.0,1.0,1.0,1.0,1.0,1.0,1.0,35,0,0,35,35,595,595,12,12,2,1.5,0.25,2,1.5,0.25
16297,<=2,1.0,1.0,1.0,1.0,1.0,1.0,1.0,1.0,54,0,0,54,54,1431,1431,26,26,2,1.5,0.25,2,1.5,0.25
16308,<=2,1.0,1.0,1.0,1.0,1.0,1.0,1.0,1.0,103,0,0,103,103,5253,5253,21,21,2,1.5714285714285714,0.2448979591836735,2,1.5714285714285714,0.2448979591836735
16314,<=2,1.0,1.0,1.0,1.0,1.0,1.0,1.0,1.0,34,0,0,34,34,561,561,15,15,2,1.5333333333333334,0.24888888888888885,2,1.5333333333333334,0.24888888888888885
16318,<=2,1.0,1.0,1.0,1.0,1.0,1.0,1.0,1.0,136,0,0,136,136,9180,9180,20,20,2,1.45,0.2475,2,1.45,0.2475
16322,<=2,1.0,1.0,1.0,1.0,1.0,1.0,1.0,1.0,78,0,0,78,78,3003,3003,28,28,2,1.5714285714285714,0.2448979591836735,2,1.5714285714285714,0.2448979591836735
16327,<=2,1.0,1.0,1.0,1.0,1.0,1.0,1.0,1.0,128,0,0,128,128,8128,8128,27,27,2,1.4074074074074074,0.24142661179698213,2,1.4074074074074074,0.24142661179698213
16334,<=2,1.0,1.0,1.0,1.0,1.0,1.0,1.0,1.0,58,0,0,58,58,1653,1653,15,15,2,1.2666666666666666,0.19555555555555557,2,1.2666666666666666,0.19555555555555557
16335,<=2,1.0,1.0,1.0,1.0,1.0,1.0,1.0,1.0,23,0,0,23,23,253,253,10,10,2,1.5,0.25,2,1.5,0.25
16343,<=2,1.0,1.0,1.0,1.0,1.0,1.0,1.0,1.0,57,0,0,57,57,1596,1596,21,21,2,1.3333333333333333,0.22222222222222224,2,1.3333333333333333,0.22222222222222224
16344,<=2,1.0,1.0,1.0,1.0,1.0,1.0,1.0,1.0,38,0,0,38,38,703,703,18,18,2,1.3888888888888888,0.23765432098765432,2,1.3888888888888888,0.23765432098765432
16356,<=2,1.0,1.0,1.0,1.0,1.0,1.0,1.0,1.0,67,0,0,67,67,2211,2211,18,18,2,1.2777777777777777,0.20061728395061726,2,1.2777777777777777,0.20061728395061726
16359,<=2,1.0,1.0,1.0,1.0,1.0,1.0,1.0,1.0,236,0,0,236,236,27730,27730,38,38,2,1.4473684210526316,0.24722991689750698,2,1.4473684210526316,0.24722991689750698
16360,<=2,1.0,1.0,1.0,1.0,1.0,1.0,1.0,1.0,29,0,0,29,29,406,406,10,10,2,1.2,0.16,2,1.2,0.16
16362,<=2,1.0,1.0,1.0,1.0,1.0,1.0,1.0,1.0,36,0,0,36,36,630,630,10,10,2,1.3,0.21000000000000002,2,1.3,0.21000000000000002
16364,<=2,1.0,1.0,1.0,1.0,1.0,1.0,1.0,1.0,86,0,0,86,86,3655,3655,29,29,2,1.3448275862068966,0.22592152199762186,2,1.3448275862068966,0.22592152199762186
16377,<=2,1.0,1.0,1.0,1.0,1.0,1.0,1.0,1.0,135,0,0,135,135,9045,9045,23,23,2,1.434782608695652,0.2457466918714555,2,1.434782608695652,0.2457466918714555
16408,<=2,1.0,1.0,1.0,1.0,1.0,1.0,1.0,1.0,13,0,0,13,13,78,78,8,8,2,1.5,0.25,2,1.5,0.25
16410,<=2,1.0,1.0,1.0,1.0,1.0,1.0,1.0,1.0,52,0,0,52,52,1326,1326,14,14,2,1.4285714285714286,0.24489795918367346,2,1.4285714285714286,0.24489795918367346
16414,<=2,1.0,1.0,1.0,1.0,1.0,1.0,1.0,1.0,88,0,0,88,88,3828,3828,19,19,2,1.4210526315789473,0.24376731301939059,2,1.4210526315789473,0.24376731301939059
16418,<=2,1.0,1.0,1.0,1.0,1.0,1.0,1.0,1.0,33,0,0,33,33,528,528,16,16,2,1.5625,0.24609375,2,1.5625,0.24609375
16424,<=2,1.0,1.0,1.0,1.0,1.0,1.0,1.0,1.0,56,0,0,56,56,1540,1540,13,13,2,1.4615384615384615,0.24852071005917153,2,1.4615384615384615,0.24852071005917153
16432,<=2,1.0,1.0,1.0,1.0,1.0,1.0,1.0,1.0,17,0,0,17,17,136,136,13,13,2,1.4615384615384615,0.24852071005917153,2,1.4615384615384615,0.24852071005917153
16448,<=2,1.0,1.0,1.0,1.0,1.0,1.0,1.0,1.0,14,0,0,14,14,91,91,12,12,2,1.3333333333333333,0.22222222222222224,2,1.3333333333333333,0.22222222222222224
16449,<=2,1.0,1.0,1.0,1.0,1.0,1.0,1.0,1.0,18,0,0,18,18,153,153,6,6,2,1.5,0.25,2,1.5,0.25
16458,<=2,1.0,1.0,1.0,1.0,1.0,1.0,1.0,1.0,44,0,0,44,44,946,946,23,23,2,1.391304347826087,0.23818525519848768,2,1.391304347826087,0.23818525519848768
16465,<=2,1.0,1.0,1.0,1.0,1.0,1.0,1.0,1.0,46,0,0,46,46,1035,1035,14,14,2,1.5714285714285714,0.24489795918367346,2,1.5714285714285714,0.24489795918367346
16468,<=2,1.0,1.0,1.0,1.0,1.0,1.0,1.0,1.0,27,0,0,27,27,351,351,14,14,2,1.5,0.25,2,1.5,0.25
16483,<=2,1.0,1.0,1.0,1.0,1.0,1.0,1.0,1.0,295,0,0,295,295,43365,43365,29,29,2,1.4482758620689655,0.24732461355529126,2,1.4482758620689655,0.24732461355529126
16486,<=2,1.0,1.0,1.0,1.0,1.0,1.0,1.0,1.0,61,0,0,61,61,1830,1830,17,17,2,1.588235294117647,0.24221453287197234,2,1.588235294117647,0.24221453287197234
16491,<=2,1.0,1.0,1.0,1.0,1.0,1.0,1.0,1.0,109,0,0,109,109,5886,5886,14,14,2,1.3571428571428572,0.22959183673469385,2,1.3571428571428572,0.22959183673469385
16494,<=2,1.0,1.0,1.0,1.0,1.0,1.0,1.0,1.0,21,0,0,21,21,210,210,9,9,2,1.4444444444444444,0.2469135802469136,2,1.4444444444444444,0.2469135802469136
16497,<=2,1.0,1.0,1.0,1.0,1.0,1.0,1.0,1.0,46,0,0,46,46,1035,1035,24,24,2,1.5833333333333333,0.24305555555555555,2,1.5833333333333333,0.24305555555555555
16499,<=2,1.0,1.0,1.0,1.0,1.0,1.0,1.0,1.0,47,0,0,47,47,1081,1081,19,19,2,1.2105263157894737,0.16620498614958448,2,1.2105263157894737,0.16620498614958448
16509,<=2,1.0,1.0,1.0,1.0,1.0,1.0,1.0,1.0,110,0,0,110,110,5995,5995,29,29,2,1.5517241379310345,0.24732461355529137,2,1.5517241379310345,0.24732461355529137
16513,<=2,1.0,1.0,1.0,1.0,1.0,1.0,1.0,1.0,120,0,0,120,120,7140,7140,33,33,2,1.5757575757575757,0.24426078971533516,2,1.5757575757575757,0.24426078971533516
16518,<=2,1.0,1.0,1.0,1.0,1.0,1.0,1.0,1.0,25,0,0,25,25,300,300,8,8,2,1.5,0.25,2,1.5,0.25
16521,<=2,1.0,1.0,1.0,1.0,1.0,1.0,1.0,1.0,44,0,0,44,44,946,946,18,18,2,1.6111111111111112,0.23765432098765427,2,1.6111111111111112,0.23765432098765427
16526,<=2,1.0,1.0,1.0,1.0,1.0,1.0,1.0,1.0,98,0,0,98,98,4753,4753,30,30,2,1.4666666666666666,0.24888888888888888,2,1.4666666666666666,0.24888888888888888
16531,<=2,1.0,1.0,1.0,1.0,1.0,1.0,1.0,1.0,90,0,0,90,90,4005,4005,25,25,2,1.6,0.24,2,1.6,0.24
16538,<=2,1.0,1.0,1.0,1.0,1.0,1.0,1.0,1.0,69,0,0,69,69,2346,2346,26,26,2,1.4615384615384615,0.24852071005917156,2,1.4615384615384615,0.24852071005917156
16544,<=2,1.0,1.0,1.0,1.0,1.0,1.0,1.0,1.0,48,0,0,48,48,1128,1128,19,19,2,1.5263157894736843,0.2493074792243768,2,1.5263157894736843,0.2493074792243768
16567,<=2,1.0,1.0,1.0,1.0,1.0,1.0,1.0,1.0,41,0,0,41,41,820,820,13,13,2,1.4615384615384615,0.24852071005917153,2,1.4615384615384615,0.24852071005917153
16573,<=2,1.0,1.0,1.0,1.0,1.0,1.0,1.0,1.0,37,0,0,37,37,666,666,14,14,2,1.5,0.25,2,1.5,0.25
16574,<=2,1.0,1.0,1.0,1.0,1.0,1.0,1.0,1.0,71,0,0,71,71,2485,2485,7,7,2,1.4285714285714286,0.24489795918367346,2,1.4285714285714286,0.24489795918367346
16575,<=2,1.0,1.0,1.0,1.0,1.0,1.0,1.0,1.0,35,0,0,35,35,595,595,12,12,2,1.5833333333333333,0.24305555555555555,2,1.5833333333333333,0.24305555555555555
16593,<=2,1.0,1.0,1.0,1.0,1.0,1.0,1.0,1.0,25,0,0,25,25,300,300,13,13,2,1.3846153846153846,0.23668639053254442,2,1.3846153846153846,0.23668639053254442
16605,<=2,1.0,1.0,1.0,1.0,1.0,1.0,1.0,1.0,9,0,0,9,9,36,36,6,6,2,1.3333333333333333,0.22222222222222224,2,1.3333333333333333,0.22222222222222224
16606,<=2,1.0,1.0,1.0,1.0,1.0,1.0,1.0,1.0,5,0,0,5,5,10,10,5,5,2,1.4,0.24,2,1.4,0.24
16616,<=2,1.0,1.0,1.0,1.0,1.0,1.0,1.0,1.0,195,0,0,195,195,18915,18915,39,39,2,1.641025641025641,0.2301117685733071,2,1.641025641025641,0.2301117685733071
16631,<=2,1.0,1.0,1.0,1.0,1.0,1.0,1.0,1.0,139,0,0,139,139,9591,9591,19,19,2,1.4210526315789473,0.24376731301939059,2,1.4210526315789473,0.24376731301939059
16653,<=2,1.0,1.0,1.0,1.0,1.0,1.0,1.0,1.0,36,0,0,36,36,630,630,11,11,2,1.4545454545454546,0.24793388429752064,2,1.4545454545454546,0.24793388429752064
16659,<=2,1.0,1.0,1.0,1.0,1.0,1.0,1.0,1.0,26,0,0,26,26,325,325,12,12,2,1.5,0.25,2,1.5,0.25
16660,<=2,1.0,1.0,1.0,1.0,1.0,1.0,1.0,1.0,45,0,0,45,45,990,990,16,16,2,1.4375,0.24609375,2,1.4375,0.24609375
16669,<=2,1.0,1.0,1.0,1.0,1.0,1.0,1.0,1.0,28,0,0,28,28,378,378,20,20,2,1.45,0.2475,2,1.45,0.2475
16670,<=2,1.0,1.0,1.0,1.0,1.0,1.0,1.0,1.0,22,0,0,22,22,231,231,13,13,2,1.3076923076923077,0.21301775147928995,2,1.3076923076923077,0.21301775147928995
16672,<=2,1.0,1.0,1.0,1.0,1.0,1.0,1.0,1.0,208,0,0,208,208,21528,21528,33,33,2,1.393939393939394,0.23875114784205692,2,1.393939393939394,0.23875114784205692
16673,<=2,1.0,1.0,1.0,1.0,1.0,1.0,1.0,1.0,23,0,0,23,23,253,253,12,12,2,1.3333333333333333,0.22222222222222224,2,1.3333333333333333,0.22222222222222224
16677,<=2,1.0,1.0,1.0,1.0,1.0,1.0,1.0,1.0,82,0,0,82,82,3321,3321,13,13,2,1.4615384615384615,0.24852071005917153,2,1.4615384615384615,0.24852071005917153
16683,<=2,1.0,1.0,1.0,1.0,1.0,1.0,1.0,1.0,54,0,0,54,54,1431,1431,8,8,2,1.5,0.25,2,1.5,0.25
16693,<=2,1.0,1.0,1.0,1.0,1.0,1.0,1.0,1.0,132,0,0,132,132,8646,8646,23,23,2,1.5217391304347827,0.24952741020793945,2,1.5217391304347827,0.24952741020793945
16697,<=2,1.0,1.0,1.0,1.0,1.0,1.0,1.0,1.0,69,0,0,69,69,2346,2346,10,10,2,1.3,0.21000000000000002,2,1.3,0.21000000000000002
16706,<=2,1.0,1.0,1.0,1.0,1.0,1.0,1.0,1.0,81,0,0,81,81,3240,3240,25,25,2,1.56,0.2464,2,1.56,0.2464
16715,<=2,1.0,1.0,1.0,1.0,1.0,1.0,1.0,1.0,41,0,0,41,41,820,820,17,17,2,1.411764705882353,0.24221453287197234,2,1.411764705882353,0.24221453287197234
16716,<=2,1.0,1.0,1.0,1.0,1.0,1.0,1.0,1.0,53,0,0,53,53,1378,1378,12,12,2,1.5,0.25,2,1.5,0.25
16720,<=2,1.0,1.0,1.0,1.0,1.0,1.0,1.0,1.0,45,0,0,45,45,990,990,14,14,2,1.3571428571428572,0.22959183673469385,2,1.3571428571428572,0.22959183673469385
16725,<=2,1.0,1.0,1.0,1.0,1.0,1.0,1.0,1.0,249,0,0,249,249,30876,30876,30,30,2,1.5,0.25,2,1.5,0.25
16733,<=2,1.0,1.0,1.0,1.0,1.0,1.0,1.0,1.0,51,0,0,51,51,1275,1275,16,16,2,1.375,0.234375,2,1.375,0.234375
16737,<=2,1.0,1.0,1.0,1.0,1.0,1.0,1.0,1.0,22,0,0,22,22,231,231,11,11,2,1.5454545454545454,0.24793388429752064,2,1.5454545454545454,0.24793388429752064
16744,<=2,1.0,1.0,1.0,1.0,1.0,1.0,1.0,1.0,13,0,0,13,13,78,78,9,9,2,1.5555555555555556,0.2469135802469136,2,1.5555555555555556,0.2469135802469136
16757,<=2,1.0,1.0,1.0,1.0,1.0,1.0,1.0,1.0,53,0,0,53,53,1378,1378,17,17,2,1.4705882352941178,0.24913494809688583,2,1.4705882352941178,0.24913494809688583
16758,<=2,1.0,1.0,1.0,1.0,1.0,1.0,1.0,1.0,89,0,0,89,89,3916,3916,25,25,2,1.56,0.2464,2,1.56,0.2464
16759,<=2,1.0,1.0,1.0,1.0,1.0,1.0,1.0,1.0,26,0,0,26,26,325,325,13,13,2,1.6153846153846154,0.23668639053254442,2,1.6153846153846154,0.23668639053254442
16761,<=2,1.0,1.0,1.0,1.0,1.0,1.0,1.0,1.0,54,0,0,54,54,1431,1431,19,19,2,1.4210526315789473,0.24376731301939059,2,1.4210526315789473,0.24376731301939059
16764,<=2,1.0,1.0,1.0,1.0,1.0,1.0,1.0,1.0,34,0,0,34,34,561,561,14,14,2,1.3571428571428572,0.22959183673469385,2,1.3571428571428572,0.22959183673469385
16765,<=2,1.0,1.0,1.0,1.0,1.0,1.0,1.0,1.0,47,0,0,47,47,1081,1081,18,18,2,1.4444444444444444,0.2469135802469136,2,1.4444444444444444,0.2469135802469136
16773,<=2,1.0,1.0,1.0,1.0,1.0,1.0,1.0,1.0,367,0,0,367,367,67161,67161,24,24,2,1.4583333333333333,0.24826388888888884,2,1.4583333333333333,0.24826388888888884
16775,<=2,1.0,1.0,1.0,1.0,1.0,1.0,1.0,1.0,118,0,0,118,118,6903,6903,24,24,2,1.5833333333333333,0.24305555555555555,2,1.5833333333333333,0.24305555555555555
16776,<=2,1.0,1.0,1.0,1.0,1.0,1.0,1.0,1.0,22,0,0,22,22,231,231,7,7,2,1.2857142857142858,0.20408163265306123,2,1.2857142857142858,0.20408163265306123
10130,<=3,1.0,1.0,1.0,1.0,1.0,1.0,1.0,1.0,172,0,0,172,172,14706,14706,44,44,3,2.022727272727273,0.6131198347107437,3,2.022727272727273,0.6131198347107437
10136,<=3,1.0,1.0,1.0,1.0,1.0,1.0,1.0,1.0,153,0,0,153,153,11628,11628,32,32,3,1.65625,0.3505859375,3,1.65625,0.3505859375
10138,<=3,1.0,1.0,1.0,1.0,1.0,1.0,1.0,1.0,112,0,0,112,112,6216,6216,51,51,3,1.803921568627451,0.6282199154171473,3,1.803921568627451,0.6282199154171473
10142,<=3,1.0,1.0,1.0,1.0,1.0,1.0,1.0,1.0,49,0,0,49,49,1176,1176,18,18,3,1.8888888888888888,0.54320987654321,3,1.8888888888888888,0.54320987654321
10145,<=3,1.0,1.0,1.0,1.0,1.0,1.0,1.0,1.0,69,0,0,69,69,2346,2346,30,30,2,1.4,0.24000000000000005,2,1.4,0.24000000000000005
10161,<=3,1.0,1.0,1.0,1.0,1.0,1.0,1.0,1.0,37,0,0,37,37,666,666,15,15,3,1.7333333333333334,0.5955555555555556,3,1.7333333333333334,0.5955555555555556
10166,<=3,1.0,1.0,1.0,1.0,1.0,1.0,1.0,1.0,51,0,0,51,51,1275,1275,8,8,2,1.375,0.234375,2,1.375,0.234375
10176,<=3,1.0,1.0,1.0,1.0,1.0,1.0,1.0,1.0,130,0,0,130,130,8385,8385,46,46,3,2.0869565217391304,0.7315689981096408,3,2.0869565217391304,0.7315689981096408
10179,<=3,1.0,1.0,1.0,1.0,1.0,1.0,1.0,1.0,64,0,0,64,64,2016,2016,22,22,3,2.272727272727273,0.6528925619834712,3,2.272727272727273,0.6528925619834712
10192,<=3,1.0,1.0,1.0,1.0,1.0,1.0,1.0,1.0,107,0,0,107,107,5671,5671,52,52,3,2.0,0.7307692307692307,3,2.0,0.7307692307692307
10196,<=3,1.0,1.0,1.0,1.0,1.0,1.0,1.0,1.0,50,0,0,50,50,1225,1225,12,12,2,1.5,0.25,2,1.5,0.25
10205,<=3,1.0,1.0,1.0,1.0,1.0,1.0,1.0,1.0,123,0,0,123,123,7503,7503,55,55,3,1.9272727272727272,0.6492561983471076,3,1.9272727272727272,0.6492561983471076
10211,<=3,1.0,1.0,1.0,1.0,1.0,1.0,1.0,1.0,138,0,0,138,138,9453,9453,26,26,3,1.4615384615384615,0.4792899408284023,3,1.4615384615384615,0.4792899408284023
10217,<=3,1.0,1.0,1.0,1.0,1.0,1.0,1.0,1.0,10,0,0,10,10,45,45,6,6,2,1.1666666666666667,0.13888888888888887,2,1.1666666666666667,0.13888888888888887
10219,<=3,1.0,1.0,1.0,1.0,1.0,1.0,1.0,1.0,57,0,0,57,57,1596,1596,17,17,3,1.8823529411764706,0.6920415224913494,3,1.8823529411764706,0.6920415224913494
10232,<=3,1.0,1.0,1.0,1.0,1.0,1.0,1.0,1.0,46,0,0,46,46,1035,1035,20,20,3,2.2,0.5600000000000002,3,2.2,0.5600000000000002
10243,<=3,1.0,1.0,1.0,1.0,1.0,1.0,1.0,1.0,95,0,0,95,95,4465,4465,35,35,3,1.9142857142857144,0.7069387755102042,3,1.9142857142857144,0.7069387755102042
10244,<=3,1.0,1.0,1.0,1.0,1.0,1.0,1.0,1.0,84,0,0,84,84,3486,3486,39,39,3,1.7179487179487178,0.5614727153188693,3,1.7179487179487178,0.5614727153188693
10245,<=3,1.0,1.0,1.0,1.0,1.0,1.0,1.0,1.0,13,0,0,13,13,78,78,11,11,3,1.3636363636363635,0.4132231404958678,3,1.3636363636363635,0.4132231404958678
10248,<=3,1.0,1.0,1.0,1.0,1.0,1.0,1.0,1.0,23,0,0,23,23,253,253,12,12,3,2.0833333333333335,0.7430555555555555,3,2.0833333333333335,0.7430555555555555
10249,<=3,1.0,1.0,1.0,1.0,1.0,1.0,1.0,1.0,66,0,0,66,66,2145,2145,22,22,3,2.090909090909091,0.6280991735537189,3,2.090909090909091,0.6280991735537189
10256,<=3,1.0,1.0,1.0,1.0,1.0,1.0,1.0,1.0,21,0,0,21,21,210,210,9,9,2,1.4444444444444444,0.2469135802469136,2,1.4444444444444444,0.2469135802469136
10263,<=3,1.0,1.0,1.0,1.0,1.0,1.0,1.0,1.0,41,0,0,41,41,820,820,21,21,3,1.380952380952381,0.33106575963718815,3,1.380952380952381,0.33106575963718815
10265,<=3,1.0,1.0,1.0,1.0,1.0,1.0,1.0,1.0,75,0,0,75,75,2775,2775,30,30,3,2.1333333333333333,0.5822222222222222,3,2.1333333333333333,0.5822222222222222
10275,<=3,1.0,1.0,1.0,1.0,1.0,1.0,1.0,1.0,78,0,0,78,78,3003,3003,33,33,3,1.9696969696969697,0.6960514233241507,3,1.9696969696969697,0.6960514233241507
10276,<=3,1.0,1.0,1.0,1.0,1.0,1.0,1.0,1.0,111,0,0,111,111,6105,6105,30,30,3,1.9333333333333333,0.528888888888889,3,1.9333333333333333,0.528888888888889
10281,<=3,1.0,1.0,1.0,1.0,1.0,1.0,1.0,1.0,130,0,0,130,130,8385,8385,26,26,3,1.8076923076923077,0.5399408284023669,3,1.8076923076923077,0.5399408284023669
10303,<=3,1.0,1.0,1.0,1.0,1.0,1.0,1.0,1.0,34,0,0,34,34,561,561,7,7,3,2.142857142857143,0.6938775510204082,3,2.142857142857143,0.6938775510204082
10309,<=3,1.0,1.0,1.0,1.0,1.0,1.0,1.0,1.0,42,0,0,42,42,861,861,24,24,3,2.2916666666666665,0.6232638888888888,3,2.2916666666666665,0.6232638888888888
10319,<=3,1.0,1.0,1.0,1.0,1.0,1.0,1.0,1.0,35,0,0,35,35,595,595,17,17,3,1.7058823529411764,0.5605536332179931,3,1.7058823529411764,0.5605536332179931
10324,<=3,1.0,1.0,1.0,1.0,1.0,1.0,1.0,1.0,74,0,0,74,74,2701,2701,22,22,3,2.3636363636363638,0.5041322314049588,3,2.3636363636363638,0.5041322314049588
10327,<=3,1.0,1.0,1.0,1.0,1.0,1.0,1.0,1.0,62,0,0,62,62,1891,1891,13,13,3,1.9230769230769231,0.6863905325443788,3,1.9230769230769231,0.6863905325443788
10343,<=3,1.0,1.0,1.0,1.0,1.0,1.0,1.0,1.0,54,0,0,54,54,1431,1431,16,16,3,1.75,0.8125,3,1.75,0.8125
10369,<=3,1.0,1.0,1.0,1.0,1.0,1.0,1.0,1.0,46,0,0,46,46,1035,1035,20,20,3,1.85,0.5275,3,1.85,0.5275
10386,<=3,1.0,1.0,1.0,1.0,1.0,1.0,1.0,1.0,60,0,0,60,60,1770,1770,22,22,3,1.9090909090909092,0.537190082644628,3,1.9090909090909092,0.537190082644628
10388,<=3,1.0,1.0,1.0,1.0,1.0,1.0,1.0,1.0,25,0,0,25,25,300,300,17,17,3,1.588235294117647,0.47750865051903113,3,1.588235294117647,0.47750865051903113
10403,<=3,1.0,1.0,1.0,1.0,1.0,1.0,1.0,1.0,39,0,0,39,39,741,741,14,14,3,1.4285714285714286,0.38775510204081637,3,1.4285714285714286,0.38775510204081637
10407,<=3,1.0,1.0,1.0,1.0,1.0,1.0,1.0,1.0,12,0,0,12,12,66,66,7,7,2,1.1428571428571428,0.12244897959183675,2,1.1428571428571428,0.12244897959183675
10414,<=3,1.0,1.0,1.0,1.0,1.0,1.0,1.0,1.0,74,0,0,74,74,2701,2701,12,12,3,2.0,0.3333333333333333,3,2.0,0.3333333333333333
10420,<=3,1.0,1.0,1.0,1.0,1.0,1.0,1.0,1.0,119,0,0,119,119,7021,7021,17,17,3,1.588235294117647,0.47750865051903113,3,1.588235294117647,0.47750865051903113
10421,<=3,1.0,1.0,1.0,1.0,1.0,1.0,1.0,1.0,21,0,0,21,21,210,210,8,8,3,1.875,0.609375,3,1.875,0.609375
10430,<=3,1.0,1.0,1.0,1.0,1.0,1.0,1.0,1.0,80,0,0,80,80,3160,3160,24,24,2,1.4166666666666667,0.24305555555555555,2,1.4166666666666667,0.24305555555555555
10432,<=3,1.0,1.0,1.0,1.0,1.0,1.0,1.0,1.0,164,0,0,164,164,13366,13366,11,11,2,1.4545454545454546,0.24793388429752064,2,1.4545454545454546,0.24793388429752064
10440,<=3,1.0,1.0,1.0,1.0,1.0,1.0,1.0,1.0,22,0,0,22,22,231,231,14,14,3,2.142857142857143,0.5510204081632653,3,2.142857142857143,0.5510204081632653
10444,<=3,1.0,1.0,1.0,1.0,1.0,1.0,1.0,1.0,20,0,0,20,20,190,190,13,13,3,1.6153846153846154,0.3905325443786983,3,1.6153846153846154,0.3905325443786983
10445,<=3,1.0,1.0,1.0,1.0,1.0,1.0,1.0,1.0,57,0,0,57,57,1596,1596,24,24,3,2.0833333333333335,0.4930555555555555,3,2.0833333333333335,0.4930555555555555
10449,<=3,1.0,1.0,1.0,1.0,1.0,1.0,1.0,1.0,94,0,0,94,94,4371,4371,23,23,3,1.7826086956521738,0.6918714555765595,3,1.7826086956521738,0.6918714555765595
10463,<=3,1.0,1.0,1.0,1.0,1.0,1.0,1.0,1.0,85,0,0,85,85,3570,3570,25,25,3,1.68,0.4576,3,1.68,0.4576
10471,<=3,1.0,1.0,1.0,1.0,1.0,1.0,1.0,1.0,72,0,0,72,72,2556,2556,24,24,3,1.75,0.6041666666666666,3,1.75,0.6041666666666666
10472,<=3,1.0,1.0,1.0,1.0,1.0,1.0,1.0,1.0,155,0,0,155,155,11935,11935,39,39,3,1.8205128205128205,0.5062458908612754,3,1.8205128205128205,0.5062458908612754
10476,<=3,1.0,1.0,1.0,1.0,1.0,1.0,1.0,1.0,108,0,0,108,108,5778,5778,20,20,3,1.5,0.45,3,1.5,0.45
10484,<=3,1.0,1.0,1.0,1.0,1.0,1.0,1.0,1.0,109,0,0,109,109,5886,5886,32,32,3,1.5625,0.37109375,3,1.5625,0.37109375
10495,<=3,1.0,1.0,1.0,1.0,1.0,1.0,1.0,1.0,88,0,0,88,88,3828,3828,22,22,3,1.9090909090909092,0.6280991735537189,3,1.9090909090909092,0.6280991735537189
10496,<=3,1.0,1.0,1.0,1.0,1.0,1.0,1.0,1.0,71,0,0,71,71,2485,2485,27,27,3,1.6296296296296295,0.45541838134430734,3,1.6296296296296295,0.45541838134430734
10498,<=3,1.0,1.0,1.0,1.0,1.0,1.0,1.0,1.0,64,0,0,64,64,2016,2016,30,30,3,2.033333333333333,0.6988888888888888,3,2.033333333333333,0.6988888888888888
10526,<=3,1.0,1.0,1.0,1.0,1.0,1.0,1.0,1.0,50,0,0,50,50,1225,1225,22,22,3,1.5,0.4318181818181818,3,1.5,0.4318181818181818
10534,<=3,1.0,1.0,1.0,1.0,1.0,1.0,1.0,1.0,47,0,0,47,47,1081,1081,17,17,3,1.7647058823529411,0.4152249134948097,3,1.7647058823529411,0.4152249134948097
10539,<=3,1.0,1.0,1.0,1.0,1.0,1.0,1.0,1.0,97,0,0,97,97,4656,4656,21,21,3,1.7142857142857142,0.5850340136054423,3,1.7142857142857142,0.5850340136054423
10546,<=3,1.0,1.0,1.0,1.0,1.0,1.0,1.0,1.0,11,0,0,11,11,55,55,7,7,2,1.4285714285714286,0.24489795918367346,2,1.4285714285714286,0.24489795918367346
10547,<=3,1.0,1.0,1.0,1.0,1.0,1.0,1.0,1.0,34,0,0,34,34,561,561,13,13,2,1.4615384615384615,0.24852071005917153,2,1.4615384615384615,0.24852071005917153
10560,<=3,1.0,1.0,1.0,1.0,1.0,1.0,1.0,1.0,36,0,0,36,36,630,630,22,22,3,2.090909090909091,0.6280991735537189,3,2.090909090909091,0.6280991735537189
10579,<=3,1.0,1.0,1.0,1.0,1.0,1.0,1.0,1.0,67,0,0,67,67,2211,2211,27,27,3,1.7037037037037037,0.578875171467764,3,1.7037037037037037,0.578875171467764
10580,<=3,1.0,1.0,1.0,1.0,1.0,1.0,1.0,1.0,28,0,0,28,28,378,378,10,10,3,2.2,0.76,3,2.2,0.76
10581,<=3,1.0,1.0,1.0,1.0,1.0,1.0,1.0,1.0,71,0,0,71,71,2485,2485,37,37,3,1.837837837837838,0.5142439737034331,3,1.837837837837838,0.5142439737034331
10591,<=3,1.0,1.0,1.0,1.0,1.0,1.0,1.0,1.0,353,0,0,353,353,62128,62128,42,42,3,2.119047619047619,0.6286848072562359,3,2.119047619047619,0.6286848072562359
10600,<=3,1.0,1.0,1.0,1.0,1.0,1.0,1.0,1.0,58,0,0,58,58,1653,1653,28,28,3,1.9642857142857142,0.6772959183673469,3,1.9642857142857142,0.6772959183673469
10613,<=3,1.0,1.0,1.0,1.0,1.0,1.0,1.0,1.0,131,0,0,131,131,8515,8515,35,35,3,2.1714285714285713,0.6563265306122448,3,2.1714285714285713,0.6563265306122448
10614,<=3,1.0,1.0,1.0,1.0,1.0,1.0,1.0,1.0,55,0,0,55,55,1485,1485,15,15,3,1.4,0.37333333333333335,3,1.4,0.37333333333333335
10621,<=3,1.0,1.0,1.0,1.0,1.0,1.0,1.0,1.0,107,0,0,107,107,5671,5671,42,42,3,1.8095238095238095,0.48752834467120176,3,1.8095238095238095,0.48752834467120176
10624,<=3,1.0,1.0,1.0,1.0,1.0,1.0,1.0,1.0,45,0,0,45,45,990,990,18,18,3,1.7222222222222223,0.5339506172839505,3,1.7222222222222223,0.5339506172839505
10627,<=3,1.0,1.0,1.0,1.0,1.0,1.0,1.0,1.0,19,0,0,19,19,171,171,14,14,3,2.0714285714285716,0.9234693877551019,3,2.0714285714285716,0.9234693877551019
10639,<=3,1.0,1.0,1.0,1.0,1.0,1.0,1.0,1.0,161,0,0,161,161,12880,12880,46,46,3,2.0434782608695654,0.606805293005671,3,2.0434782608695654,0.606805293005671
10644,<=3,1.0,1.0,1.0,1.0,1.0,1.0,1.0,1.0,313,0,0,313,313,48828,48828,27,27,3,1.9259259259259258,0.6611796982167353,3,1.9259259259259258,0.6611796982167353
10655,<=3,1.0,1.0,1.0,1.0,1.0,1.0,1.0,1.0,61,0,0,61,61,1830,1830,19,19,2,1.4210526315789473,0.24376731301939059,2,1.4210526315789473,0.24376731301939059
10681,<=3,1.0,1.0,1.0,1.0,1.0,1.0,1.0,1.0,21,0,0,21,21,210,210,10,10,2,1.5,0.25,2,1.5,0.25
10683,<=3,1.0,1.0,1.0,1.0,1.0,1.0,1.0,1.0,81,0,0,81,81,3240,3240,35,35,3,1.8,0.5600000000000002,3,1.8,0.5600000000000002
10684,<=3,1.0,1.0,1.0,1.0,1.0,1.0,1.0,1.0,20,0,0,20,20,190,190,13,13,3,1.8461538461538463,0.5917159763313611,3,1.8461538461538463,0.5917159763313611
10691,<=3,1.0,1.0,1.0,1.0,1.0,1.0,1.0,1.0,47,0,0,47,47,1081,1081,34,34,3,1.911764705882353,0.551038062283737,3,1.911764705882353,0.551038062283737
10693,<=3,1.0,1.0,1.0,1.0,1.0,1.0,1.0,1.0,17,0,0,17,17,136,136,14,14,3,1.3571428571428572,0.3724489795918367,3,1.3571428571428572,0.3724489795918367
10694,<=3,1.0,1.0,1.0,1.0,1.0,1.0,1.0,1.0,85,0,0,85,85,3570,3570,13,13,2,1.4615384615384615,0.24852071005917153,2,1.4615384615384615,0.24852071005917153
10698,<=3,1.0,1.0,1.0,1.0,1.0,1.0,1.0,1.0,37,0,0,37,37,666,666,18,18,3,2.0,0.6666666666666666,3,2.0,0.6666666666666666
10701,<=3,1.0,1.0,1.0,1.0,1.0,1.0,1.0,1.0,282,0,0,282,282,39621,39621,59,59,3,2.0847457627118646,0.6199367997701811,3,2.0847457627118646,0.6199367997701811
10702,<=3,1.0,1.0,1.0,1.0,1.0,1.0,1.0,1.0,40,0,0,40,40,780,780,13,13,3,2.0,0.6153846153846154,3,2.0,0.6153846153846154
10711,<=3,1.0,1.0,1.0,1.0,1.0,1.0,1.0,1.0,189,0,0,189,189,17766,17766,41,41,3,2.073170731707317,0.6531826293872695,3,2.073170731707317,0.6531826293872695
10714,<=3,1.0,1.0,1.0,1.0,1.0,1.0,1.0,1.0,45,0,0,45,45,990,990,20,20,2,1.4,0.24000000000000005,2,1.4,0.24000000000000005
10716,<=3,1.0,1.0,1.0,1.0,1.0,1.0,1.0,1.0,53,0,0,53,53,1378,1378,14,14,3,1.8571428571428572,0.6938775510204082,3,1.8571428571428572,0.6938775510204082
10719,<=3,1.0,1.0,1.0,1.0,1.0,1.0,1.0,1.0,87,0,0,87,87,3741,3741,34,34,3,1.6470588235294117,0.28719723183391005,3,1.6470588235294117,0.28719723183391005
10720,<=3,1.0,1.0,1.0,1.0,1.0,1.0,1.0,1.0,25,0,0,25,25,300,300,16,16,2,1.5625,0.24609375,2,1.5625,0.24609375
10727,<=3,1.0,1.0,1.0,1.0,1.0,1.0,1.0,1.0,115,0,0,115,115,6555,6555,29,29,3,2.206896551724138,0.7158145065398337,3,2.206896551724138,0.7158145065398337
10728,<=3,1.0,1.0,1.0,1.0,1.0,1.0,1.0,1.0,54,0,0,54,54,1431,1431,15,15,3,1.5333333333333334,0.3822222222222222,3,1.5333333333333334,0.3822222222222222
10733,<=3,1.0,1.0,1.0,1.0,1.0,1.0,1.0,1.0,28,0,0,28,28,378,378,13,13,3,1.5384615384615385,0.4023668639053254,3,1.5384615384615385,0.4023668639053254
10735,<=3,1.0,1.0,1.0,1.0,1.0,1.0,1.0,1.0,52,0,0,52,52,1326,1326,27,27,3,1.7037037037037037,0.50480109739369,3,1.7037037037037037,0.50480109739369
10743,<=3,1.0,1.0,1.0,1.0,1.0,1.0,1.0,1.0,69,0,0,69,69,2346,2346,30,30,3,1.9666666666666666,0.6322222222222221,3,1.9666666666666666,0.6322222222222221
10766,<=3,1.0,1.0,1.0,1.0,1.0,1.0,1.0,1.0,32,0,0,32,32,496,496,12,12,3,1.8333333333333333,0.638888888888889,3,1.8333333333333333,0.638888888888889
10769,<=3,1.0,1.0,1.0,1.0,1.0,1.0,1.0,1.0,34,0,0,34,34,561,561,17,17,3,1.9411764705882353,0.6435986159169551,3,1.9411764705882353,0.6435986159169551
10779,<=3,1.0,1.0,1.0,1.0,1.0,1.0,1.0,1.0,51,0,0,51,51,1275,1275,30,30,3,1.7,0.6099999999999999,3,1.7,0.6099999999999999
10784,<=3,1.0,1.0,1.0,1.0,1.0,1.0,1.0,1.0,257,0,0,257,257,32896,32896,43,43,3,1.744186046511628,0.562466197944835,3,1.744186046511628,0.562466197944835
10785,<=3,1.0,1.0,1.0,1.0,1.0,1.0,1.0,1.0,26,0,0,26,26,325,325,17,17,3,1.7647058823529411,0.532871972318339,3,1.7647058823529411,0.532871972318339
10787,<=3,1.0,1.0,1.0,1.0,1.0,1.0,1.0,1.0,25,0,0,25,25,300,300,16,16,3,2.0625,0.68359375,3,2.0625,0.68359375
10793,<=3,1.0,1.0,1.0,1.0,1.0,1.0,1.0,1.0,147,0,0,147,147,10731,10731,39,39,3,2.076923076923077,0.5838264299802763,3,2.076923076923077,0.5838264299802763
10817,<=3,1.0,1.0,1.0,1.0,1.0,1.0,1.0,1.0,48,0,0,48,48,1128,1128,26,26,3,2.076923076923077,0.6094674556213017,3,2.076923076923077,0.6094674556213017
10818,<=3,1.0,1.0,1.0,1.0,1.0,1.0,1.0,1.0,90,0,0,90,90,4005,4005,17,17,3,1.7058823529411764,0.5605536332179931,3,1.7058823529411764,0.5605536332179931
10822,<=3,1.0,1.0,1.0,1.0,1.0,1.0,1.0,1.0,39,0,0,39,39,741,741,13,13,3,1.6153846153846154,0.3905325443786983,3,1.6153846153846154,0.3905325443786983
10831,<=3,1.0,1.0,1.0,1.0,1.0,1.0,1.0,1.0,28,0,0,28,28,378,378,17,17,3,1.7647058823529411,0.4152249134948097,3,1.7647058823529411,0.4152249134948097
10837,<=3,1.0,1.0,1.0,1.0,1.0,1.0,1.0,1.0,197,0,0,197,197,19306,19306,36,36,3,2.0277777777777777,0.527006172839506,3,2.0277777777777777,0.527006172839506
10844,<=3,1.0,1.0,1.0,1.0,1.0,1.0,1.0,1.0,156,0,0,156,156,12090,12090,44,44,3,1.5681818181818181,0.38171487603305787,3,1.5681818181818181,0.38171487603305787
10851,<=3,1.0,1.0,1.0,1.0,1.0,1.0,1.0,1.0,36,0,0,36,36,630,630,18,18,3,1.6111111111111112,0.4598765432098766,3,1.6111111111111112,0.4598765432098766
10856,<=3,1.0,1.0,1.0,1.0,1.0,1.0,1.0,1.0,16,0,0,16,16,120,120,9,9,3,2.2222222222222223,0.6172839506172839,3,2.2222222222222223,0.6172839506172839
10867,<=3,1.0,1.0,1.0,1.0,1.0,1.0,1.0,1.0,41,0,0,41,41,820,820,16,16,3,1.6875,0.58984375,3,1.6875,0.58984375
10871,<=3,1.0,1.0,1.0,1.0,1.0,1.0,1.0,1.0,33,0,0,33,33,528,528,21,21,3,2.0476190476190474,0.712018140589569,3,2.0476190476190474,0.712018140589569
10877,<=3,1.0,1.0,1.0,1.0,1.0,1.0,1.0,1.0,100,0,0,100,100,4950,4950,44,44,3,2.0,0.5909090909090909,3,2.0,0.5909090909090909
10881,<=3,1.0,1.0,1.0,1.0,1.0,1.0,1.0,1.0,186,0,0,186,186,17205,17205,45,45,3,1.8888888888888888,0.5876543209876546,3,1.8888888888888888,0.5876543209876546
10900,<=3,1.0,1.0,1.0,1.0,1.0,1.0,1.0,1.0,25,0,0,25,25,300,300,8,8,2,1.125,0.109375,2,1.125,0.109375
10903,<=3,1.0,1.0,1.0,1.0,1.0,1.0,1.0,1.0,107,0,0,107,107,5671,5671,32,32,3,1.5,0.375,3,1.5,0.375
10907,<=3,1.0,1.0,1.0,1.0,1.0,1.0,1.0,1.0,82,0,0,82,82,3321,3321,9,9,2,1.2222222222222223,0.1728395061728395,2,1.2222222222222223,0.1728395061728395
10935,<=3,1.0,1.0,1.0,1.0,1.0,1.0,1.0,1.0,82,0,0,82,82,3321,3321,15,15,3,1.7333333333333334,0.5955555555555556,3,1.7333333333333334,0.5955555555555556
10936,<=3,1.0,1.0,1.0,1.0,1.0,1.0,1.0,1.0,87,0,0,87,87,3741,3741,34,34,3,1.911764705882353,0.3745674740484429,3,1.911764705882353,0.3745674740484429
10948,<=3,1.0,1.0,1.0,1.0,1.0,1.0,1.0,1.0,116,0,0,116,116,6670,6670,51,51,3,2.0980392156862746,0.7158785082660518,3,2.0980392156862746,0.7158785082660518
10964,<=3,1.0,1.0,1.0,1.0,1.0,1.0,1.0,1.0,41,0,0,41,41,820,820,21,21,3,2.0476190476190474,0.712018140589569,3,2.0476190476190474,0.712018140589569
10966,<=3,1.0,1.0,1.0,1.0,1.0,1.0,1.0,1.0,89,0,0,89,89,3916,3916,41,41,3,2.024390243902439,0.6579417013682332,3,2.024390243902439,0.6579417013682332
10969,<=3,1.0,1.0,1.0,1.0,1.0,1.0,1.0,1.0,24,0,0,24,24,276,276,12,12,3,1.5833333333333333,0.5763888888888888,3,1.5833333333333333,0.5763888888888888
10981,<=3,1.0,1.0,1.0,1.0,1.0,1.0,1.0,1.0,38,0,0,38,38,703,703,19,19,3,1.4736842105263157,0.3545706371191136,3,1.4736842105263157,0.3545706371191136
11004,<=3,1.0,1.0,1.0,1.0,1.0,1.0,1.0,1.0,84,0,0,84,84,3486,3486,27,27,3,1.8148148148148149,0.5212620027434842,3,1.8148148148148149,0.5212620027434842
11015,<=3,1.0,1.0,1.0,1.0,1.0,1.0,1.0,1.0,223,0,0,223,223,24753,24753,25,25,3,2.16,0.6144000000000002,3,2.16,0.6144000000000002
11025,<=3,1.0,1.0,1.0,1.0,1.0,1.0,1.0,1.0,113,0,0,113,113,6328,6328,32,32,3,2.0,0.6875,3,2.0,0.6875
11041,<=3,1.0,1.0,1.0,1.0,1.0,1.0,1.0,1.0,264,0,0,264,264,34716,34716,25,25,3,1.84,0.7744000000000001,3,1.84,0.7744000000000001
11042,<=3,1.0,1.0,1.0,1.0,1.0,1.0,1.0,1.0,10,0,0,10,10,45,45,7,7,2,1.2857142857142858,0.20408163265306123,2,1.2857142857142858,0.20408163265306123
11052,<=3,1.0,1.0,1.0,1.0,1.0,1.0,1.0,1.0,16,0,0,16,16,120,120,12,12,3,2.0833333333333335,0.7430555555555555,3,2.0833333333333335,0.7430555555555555
11065,<=3,1.0,1.0,1.0,1.0,1.0,1.0,1.0,1.0,119,0,0,119,119,7021,7021,53,53,3,2.150943396226415,0.6187255250978996,3,2.150943396226415,0.6187255250978996
11076,<=3,1.0,1.0,1.0,1.0,1.0,1.0,1.0,1.0,41,0,0,41,41,820,820,11,11,3,1.9090909090909092,0.6280991735537189,3,1.9090909090909092,0.6280991735537189
11077,<=3,1.0,1.0,1.0,1.0,1.0,1.0,1.0,1.0,58,0,0,58,58,1653,1653,28,28,3,2.142857142857143,0.5510204081632654,3,2.142857142857143,0.5510204081632654
11080,<=3,1.0,1.0,1.0,1.0,1.0,1.0,1.0,1.0,69,0,0,69,69,2346,2346,31,31,3,1.8709677419354838,0.6930280957336106,3,1.8709677419354838,0.6930280957336106
11081,<=3,1.0,1.0,1.0,1.0,1.0,1.0,1.0,1.0,9,0,0,9,9,36,36,5,5,2,1.6,0.24,2,1.6,0.24
11100,<=3,1.0,1.0,1.0,1.0,1.0,1.0,1.0,1.0,25,0,0,25,25,300,300,15,15,3,1.5333333333333334,0.3822222222222222,3,1.5333333333333334,0.3822222222222222
11107,<=3,1.0,1.0,1.0,1.0,1.0,1.0,1.0,1.0,113,0,0,113,113,6328,6328,43,43,3,1.8604651162790697,0.445646295294754,3,1.8604651162790697,0.445646295294754
11129,<=3,1.0,1.0,1.0,1.0,1.0,1.0,1.0,1.0,46,0,0,46,46,1035,1035,25,25,3,2.28,0.5216,3,2.28,0.5216
11138,<=3,1.0,1.0,1.0,1.0,1.0,1.0,1.0,1.0,52,0,0,52,52,1326,1326,21,21,3,1.9047619047619047,0.6575963718820863,3,1.9047619047619047,0.6575963718820863
11147,<=3,1.0,1.0,1.0,1.0,1.0,1.0,1.0,1.0,36,0,0,36,36,630,630,14,14,3,1.5,0.39285714285714285,3,1.5,0.39285714285714285
11156,<=3,1.0,1.0,1.0,1.0,1.0,1.0,1.0,1.0,141,0,0,141,141,9870,9870,41,41,3,2.048780487804878,0.4854253420582986,3,2.048780487804878,0.4854253420582986
11158,<=3,1.0,1.0,1.0,1.0,1.0,1.0,1.0,1.0,52,0,0,52,52,1326,1326,21,21,3,1.5238095238095237,0.3446712018140589,3,1.5238095238095237,0.3446712018140589
11159,<=3,1.0,1.0,1.0,1.0,1.0,1.0,1.0,1.0,114,0,0,114,114,6441,6441,23,23,2,1.4782608695652173,0.24952741020793945,2,1.4782608695652173,0.24952741020793945
11168,<=3,1.0,1.0,1.0,1.0,1.0,1.0,1.0,1.0,19,0,0,19,19,171,171,9,9,3,2.0,0.6666666666666666,3,2.0,0.6666666666666666
11169,<=3,1.0,1.0,1.0,1.0,1.0,1.0,1.0,1.0,27,0,0,27,27,351,351,16,16,3,2.125,0.609375,3,2.125,0.609375
11172,<=3,1.0,1.0,1.0,1.0,1.0,1.0,1.0,1.0,171,0,0,171,171,14535,14535,31,31,3,1.5161290322580645,0.37877211238293446,3,1.5161290322580645,0.37877211238293446
11181,<=3,1.0,1.0,1.0,1.0,1.0,1.0,1.0,1.0,19,0,0,19,19,171,171,12,12,3,1.5833333333333333,0.40972222222222215,3,1.5833333333333333,0.40972222222222215
11182,<=3,1.0,1.0,1.0,1.0,1.0,1.0,1.0,1.0,172,0,0,172,172,14706,14706,48,48,3,1.8541666666666667,0.49956597222222227,3,1.8541666666666667,0.49956597222222227
11184,<=3,1.0,1.0,1.0,1.0,1.0,1.0,1.0,1.0,33,0,0,33,33,528,528,14,14,2,1.4285714285714286,0.24489795918367346,2,1.4285714285714286,0.24489795918367346
11188,<=3,1.0,1.0,1.0,1.0,1.0,1.0,1.0,1.0,92,0,0,92,92,4186,4186,12,12,3,1.3333333333333333,0.3888888888888889,3,1.3333333333333333,0.3888888888888889
11195,<=3,1.0,1.0,1.0,1.0,1.0,1.0,1.0,1.0,27,0,0,27,27,351,351,14,14,2,1.4285714285714286,0.24489795918367346,2,1.4285714285714286,0.24489795918367346
11196,<=3,1.0,1.0,1.0,1.0,1.0,1.0,1.0,1.0,61,0,0,61,61,1830,1830,14,14,3,1.5714285714285714,0.38775510204081637,3,1.5714285714285714,0.38775510204081637
11198,<=3,1.0,1.0,1.0,1.0,1.0,1.0,1.0,1.0,132,0,0,132,132,8646,8646,48,48,3,1.9375,0.5169270833333334,3,1.9375,0.5169270833333334
11202,<=3,1.0,1.0,1.0,1.0,1.0,1.0,1.0,1.0,20,0,0,20,20,190,190,15,15,3,2.0,0.6666666666666666,3,2.0,0.6666666666666666
11205,<=3,1.0,1.0,1.0,1.0,1.0,1.0,1.0,1.0,108,0,0,108,108,5778,5778,29,29,3,2.0344827586206895,0.44708680142687274,3,2.0344827586206895,0.44708680142687274
11209,<=3,1.0,1.0,1.0,1.0,1.0,1.0,1.0,1.0,102,0,0,102,102,5151,5151,47,47,3,1.8936170212765957,0.6482571299230423,3,1.8936170212765957,0.6482571299230423
11227,<=3,1.0,1.0,1.0,1.0,1.0,1.0,1.0,1.0,19,0,0,19,19,171,171,13,13,3,2.0,0.6153846153846154,3,2.0,0.6153846153846154
11229,<=3,1.0,1.0,1.0,1.0,1.0,1.0,1.0,1.0,62,0,0,62,62,1891,1891,34,34,3,2.0294117647058822,0.6167820069204153,3,2.0294117647058822,0.6167820069204153
11231,<=3,1.0,1.0,1.0,1.0,1.0,1.0,1.0,1.0,47,0,0,47,47,1081,1081,21,21,3,1.8095238095238095,0.6303854875283446,3,1.8095238095238095,0.6303854875283446
11233,<=3,1.0,1.0,1.0,1.0,1.0,1.0,1.0,1.0,111,0,0,111,111,6105,6105,22,22,3,1.6363636363636365,0.4132231404958677,3,1.6363636363636365,0.4132231404958677
11238,<=3,1.0,1.0,1.0,1.0,1.0,1.0,1.0,1.0,26,0,0,26,26,325,325,13,13,2,1.6153846153846154,0.23668639053254442,2,1.6153846153846154,0.23668639053254442
11241,<=3,1.0,1.0,1.0,1.0,1.0,1.0,1.0,1.0,155,0,0,155,155,11935,11935,29,29,3,1.5172413793103448,0.31866825208085614,3,1.5172413793103448,0.31866825208085614
11244,<=3,1.0,1.0,1.0,1.0,1.0,1.0,1.0,1.0,42,0,0,42,42,861,861,23,23,3,1.9565217391304348,0.5633270321361059,3,1.9565217391304348,0.5633270321361059
11258,<=3,1.0,1.0,1.0,1.0,1.0,1.0,1.0,1.0,120,0,0,120,120,7140,7140,51,51,3,2.176470588235294,0.5767012687427912,3,2.176470588235294,0.5767012687427912
11260,<=3,1.0,1.0,1.0,1.0,1.0,1.0,1.0,1.0,76,0,0,76,76,2850,2850,35,35,3,1.6857142857142857,0.38693877551020406,3,1.6857142857142857,0.38693877551020406
11262,<=3,1.0,1.0,1.0,1.0,1.0,1.0,1.0,1.0,82,0,0,82,82,3321,3321,39,39,3,1.4615384615384615,0.29980276134122286,3,1.4615384615384615,0.29980276134122286
11265,<=3,1.0,1.0,1.0,1.0,1.0,1.0,1.0,1.0,251,0,0,251,251,31375,31375,46,46,3,1.8478260869565217,0.476843100189036,3,1.8478260869565217,0.476843100189036
11269,<=3,1.0,1.0,1.0,1.0,1.0,1.0,1.0,1.0,51,0,0,51,51,1275,1275,18,18,3,1.6666666666666667,0.7777777777777778,3,1.6666666666666667,0.7777777777777778
11276,<=3,1.0,1.0,1.0,1.0,1.0,1.0,1.0,1.0,83,0,0,83,83,3403,3403,23,23,3,1.608695652173913,0.4120982986767486,3,1.608695652173913,0.4120982986767486
11282,<=3,1.0,1.0,1.0,1.0,1.0,1.0,1.0,1.0,48,0,0,48,48,1128,1128,15,15,3,1.6666666666666667,0.6222222222222222,3,1.6666666666666667,0.6222222222222222
11292,<=3,1.0,1.0,1.0,1.0,1.0,1.0,1.0,1.0,107,0,0,107,107,5671,5671,33,33,3,1.9393939393939394,0.6629935720844812,3,1.9393939393939394,0.6629935720844812
11297,<=3,1.0,1.0,1.0,1.0,1.0,1.0,1.0,1.0,47,0,0,47,47,1081,1081,19,19,3,1.631578947368421,0.443213296398892,3,1.631578947368421,0.443213296398892
11299,<=3,1.0,1.0,1.0,1.0,1.0,1.0,1.0,1.0,52,0,0,52,52,1326,1326,24,24,3,1.7083333333333333,0.45659722222222215,3,1.7083333333333333,0.45659722222222215
11304,<=3,1.0,1.0,1.0,1.0,1.0,1.0,1.0,1.0,35,0,0,35,35,595,595,15,15,3,1.6666666666666667,0.48888888888888893,3,1.6666666666666667,0.48888888888888893
11305,<=3,1.0,1.0,1.0,1.0,1.0,1.0,1.0,1.0,124,0,0,124,124,7626,7626,40,40,3,1.55,0.3475,3,1.55,0.3475
11313,<=3,1.0,1.0,1.0,1.0,1.0,1.0,1.0,1.0,22,0,0,22,22,231,231,10,10,2,1.1,0.09,2,1.1,0.09
11316,<=3,1.0,1.0,1.0,1.0,1.0,1.0,1.0,1.0,33,0,0,33,33,528,528,20,20,3,2.1,0.5900000000000001,3,2.1,0.5900000000000001
11323,<=3,1.0,1.0,1.0,1.0,1.0,1.0,1.0,1.0,54,0,0,54,54,1431,1431,12,12,3,1.5833333333333333,0.40972222222222215,3,1.5833333333333333,0.40972222222222215
11324,<=3,1.0,1.0,1.0,1.0,1.0,1.0,1.0,1.0,27,0,0,27,27,351,351,11,11,3,2.272727272727273,0.7438016528925622,3,2.272727272727273,0.7438016528925622
11326,<=3,1.0,1.0,1.0,1.0,1.0,1.0,1.0,1.0,140,0,0,140,140,9730,9730,39,39,3,1.8461538461538463,0.5404339250493096,3,1.8461538461538463,0.5404339250493096
11328,<=3,1.0,1.0,1.0,1.0,1.0,1.0,1.0,1.0,93,0,0,93,93,4278,4278,40,40,3,1.85,0.6775,3,1.85,0.6775
11334,<=3,1.0,1.0,1.0,1.0,1.0,1.0,1.0,1.0,67,0,0,67,67,2211,2211,18,18,3,1.9444444444444444,0.7191358024691358,3,1.9444444444444444,0.7191358024691358
11336,<=3,1.0,1.0,1.0,1.0,1.0,1.0,1.0,1.0,23,0,0,23,23,253,253,14,14,3,1.7142857142857142,0.6326530612244898,3,1.7142857142857142,0.6326530612244898
11347,<=3,1.0,1.0,1.0,1.0,1.0,1.0,1.0,1.0,36,0,0,36,36,630,630,22,22,3,1.9090909090909092,0.6280991735537189,3,1.9090909090909092,0.6280991735537189
11349,<=3,1.0,1.0,1.0,1.0,1.0,1.0,1.0,1.0,77,0,0,77,77,2926,2926,39,39,3,2.1538461538461537,0.7968441814595659,3,2.1538461538461537,0.7968441814595659
11358,<=3,1.0,1.0,1.0,1.0,1.0,1.0,1.0,1.0,30,0,0,30,30,435,435,18,18,3,2.111111111111111,0.654320987654321,3,2.111111111111111,0.654320987654321
11360,<=3,1.0,1.0,1.0,1.0,1.0,1.0,1.0,1.0,88,0,0,88,88,3828,3828,41,41,3,1.6341463414634145,0.3295657346817371,3,1.6341463414634145,0.3295657346817371
11373,<=3,1.0,1.0,1.0,1.0,1.0,1.0,1.0,1.0,15,0,0,15,15,105,105,10,10,3,1.7,0.8099999999999999,3,1.7,0.8099999999999999
11374,<=3,1.0,1.0,1.0,1.0,1.0,1.0,1.0,1.0,40,0,0,40,40,780,780,8,8,3,2.125,0.859375,3,2.125,0.859375
11390,<=3,1.0,1.0,1.0,1.0,1.0,1.0,1.0,1.0,36,0,0,36,36,630,630,17,17,3,2.2941176470588234,0.5605536332179932,3,2.2941176470588234,0.5605536332179932
11401,<=3,1.0,1.0,1.0,1.0,1.0,1.0,1.0,1.0,87,0,0,87,87,3741,3741,41,41,3,2.1463414634146343,0.6127305175490779,3,2.1463414634146343,0.6127305175490779
11402,<=3,1.0,1.0,1.0,1.0,1.0,1.0,1.0,1.0,238,0,0,238,238,28203,28203,42,42,3,1.7142857142857142,0.44217687074829937,3,1.7142857142857142,0.44217687074829937
11403,<=3,1.0,1.0,1.0,1.0,1.0,1.0,1.0,1.0,29,0,0,29,29,406,406,14,14,3,1.5714285714285714,0.5306122448979592,3,1.5714285714285714,0.5306122448979592
11420,<=3,1.0,1.0,1.0,1.0,1.0,1.0,1.0,1.0,104,0,0,104,104,5356,5356,19,19,3,1.4210526315789473,0.3490304709141274,3,1.4210526315789473,0.3490304709141274
11449,<=3,1.0,1.0,1.0,1.0,1.0,1.0,1.0,1.0,59,0,0,59,59,1711,1711,26,26,3,2.3076923076923075,0.6745562130177514,3,2.3076923076923075,0.6745562130177514
11461,<=3,1.0,1.0,1.0,1.0,1.0,1.0,1.0,1.0,270,0,0,270,270,36315,36315,36,36,3,2.0,0.5555555555555556,3,2.0,0.5555555555555556
11485,<=3,1.0,1.0,1.0,1.0,1.0,1.0,1.0,1.0,69,0,0,69,69,2346,2346,27,27,3,1.7407407407407407,0.5624142661179699,3,1.7407407407407407,0.5624142661179699
11487,<=3,1.0,1.0,1.0,1.0,1.0,1.0,1.0,1.0,75,0,0,75,75,2775,2775,20,20,2,1.3,0.20999999999999996,2,1.3,0.20999999999999996
11495,<=3,1.0,1.0,1.0,1.0,1.0,1.0,1.0,1.0,21,0,0,21,21,210,210,9,9,3,1.8888888888888888,0.54320987654321,3,1.8888888888888888,0.54320987654321
11496,<=3,1.0,1.0,1.0,1.0,1.0,1.0,1.0,1.0,19,0,0,19,19,171,171,12,12,3,1.4166666666666667,0.40972222222222215,3,1.4166666666666667,0.40972222222222215
11497,<=3,1.0,1.0,1.0,1.0,1.0,1.0,1.0,1.0,18,0,0,18,18,153,153,13,13,3,2.0,0.6153846153846154,3,2.0,0.6153846153846154
11504,<=3,1.0,1.0,1.0,1.0,1.0,1.0,1.0,1.0,28,0,0,28,28,378,378,20,20,3,1.6,0.5399999999999999,3,1.6,0.5399999999999999
11505,<=3,1.0,1.0,1.0,1.0,1.0,1.0,1.0,1.0,114,0,0,114,114,6441,6441,31,31,3,1.4838709677419355,0.5078043704474505,3,1.4838709677419355,0.5078043704474505
11506,<=3,1.0,1.0,1.0,1.0,1.0,1.0,1.0,1.0,61,0,0,61,61,1830,1830,22,22,3,1.7272727272727273,0.4710743801652894,3,1.7272727272727273,0.4710743801652894
11508,<=3,1.0,1.0,1.0,1.0,1.0,1.0,1.0,1.0,38,0,0,38,38,703,703,17,17,3,1.7647058823529411,0.2975778546712803,3,1.7647058823529411,0.2975778546712803
11519,<=3,1.0,1.0,1.0,1.0,1.0,1.0,1.0,1.0,156,0,0,156,156,12090,12090,34,34,3,1.7941176470588236,0.5164359861591694,3,1.7941176470588236,0.5164359861591694
11525,<=3,1.0,1.0,1.0,1.0,1.0,1.0,1.0,1.0,27,0,0,27,27,351,351,9,9,3,2.2222222222222223,0.6172839506172839,3,2.2222222222222223,0.6172839506172839
11537,<=3,1.0,1.0,1.0,1.0,1.0,1.0,1.0,1.0,21,0,0,21,21,210,210,7,7,3,1.7142857142857142,0.489795918367347,3,1.7142857142857142,0.489795918367347
11538,<=3,1.0,1.0,1.0,1.0,1.0,1.0,1.0,1.0,79,0,0,79,79,3081,3081,49,49,3,2.2244897959183674,0.500624739691795,3,2.2244897959183674,0.500624739691795
11544,<=3,1.0,1.0,1.0,1.0,1.0,1.0,1.0,1.0,35,0,0,35,35,595,595,15,15,3,1.7333333333333334,0.3288888888888889,3,1.7333333333333334,0.3288888888888889
11552,<=3,1.0,1.0,1.0,1.0,1.0,1.0,1.0,1.0,33,0,0,33,33,528,528,15,15,3,1.4666666666666666,0.3822222222222222,3,1.4666666666666666,0.3822222222222222
11554,<=3,1.0,1.0,1.0,1.0,1.0,1.0,1.0,1.0,45,0,0,45,45,990,990,15,15,3,1.8666666666666667,0.648888888888889,3,1.8666666666666667,0.648888888888889
11567,<=3,1.0,1.0,1.0,1.0,1.0,1.0,1.0,1.0,54,0,0,54,54,1431,1431,28,28,3,2.2857142857142856,0.6326530612244899,3,2.2857142857142856,0.6326530612244899
11569,<=3,1.0,1.0,1.0,1.0,1.0,1.0,1.0,1.0,221,0,0,221,221,24310,24310,45,45,3,1.8,0.4266666666666668,3,1.8,0.4266666666666668
11570,<=3,1.0,1.0,1.0,1.0,1.0,1.0,1.0,1.0,138,0,0,138,138,9453,9453,31,31,3,1.8064516129032258,0.41415192507804366,3,1.8064516129032258,0.41415192507804366
11576,<=3,1.0,1.0,1.0,1.0,1.0,1.0,1.0,1.0,349,0,0,349,349,60726,60726,43,43,3,2.255813953488372,0.7020010816657652,3,2.255813953488372,0.7020010816657652
11579,<=3,1.0,1.0,1.0,1.0,1.0,1.0,1.0,1.0,95,0,0,95,95,4465,4465,34,34,3,1.8823529411764706,0.5155709342560553,3,1.8823529411764706,0.5155709342560553
11591,<=3,1.0,1.0,1.0,1.0,1.0,1.0,1.0,1.0,43,0,0,43,43,903,903,29,29,3,2.0,0.6896551724137931,3,2.0,0.6896551724137931
11618,<=3,1.0,1.0,1.0,1.0,1.0,1.0,1.0,1.0,59,0,0,59,59,1711,1711,23,23,3,2.0,0.6956521739130435,3,2.0,0.6956521739130435
11624,<=3,1.0,1.0,1.0,1.0,1.0,1.0,1.0,1.0,133,0,0,133,133,8778,8778,39,39,3,1.8974358974358974,0.5023011176857332,3,1.8974358974358974,0.5023011176857332
11625,<=3,1.0,1.0,1.0,1.0,1.0,1.0,1.0,1.0,84,0,0,84,84,3486,3486,24,24,3,2.0416666666666665,0.623263888888889,3,2.0416666666666665,0.623263888888889
11630,<=3,1.0,1.0,1.0,1.0,1.0,1.0,1.0,1.0,238,0,0,238,238,28203,28203,50,50,3,1.74,0.3924000000000001,3,1.74,0.3924000000000001
11631,<=3,1.0,1.0,1.0,1.0,1.0,1.0,1.0,1.0,57,0,0,57,57,1596,1596,30,30,3,1.9333333333333333,0.39555555555555555,3,1.9333333333333333,0.39555555555555555
11635,<=3,1.0,1.0,1.0,1.0,1.0,1.0,1.0,1.0,33,0,0,33,33,528,528,19,19,3,1.9473684210526316,0.6814404432132964,3,1.9473684210526316,0.6814404432132964
11638,<=3,1.0,1.0,1.0,1.0,1.0,1.0,1.0,1.0,27,0,0,27,27,351,351,18,18,2,1.3888888888888888,0.23765432098765432,2,1.3888888888888888,0.23765432098765432
11643,<=3,1.0,1.0,1.0,1.0,1.0,1.0,1.0,1.0,95,0,0,95,95,4465,4465,13,13,3,1.6153846153846154,0.5443786982248521,3,1.6153846153846154,0.5443786982248521
11655,<=3,1.0,1.0,1.0,1.0,1.0,1.0,1.0,1.0,44,0,0,44,44,946,946,28,28,3,2.1785714285714284,0.5752551020408163,3,2.1785714285714284,0.5752551020408163
11658,<=3,1.0,1.0,1.0,1.0,1.0,1.0,1.0,1.0,32,0,0,32,32,496,496,11,11,3,1.5454545454545454,0.42975206611570244,3,1.5454545454545454,0.42975206611570244
11661,<=3,1.0,1.0,1.0,1.0,1.0,1.0,1.0,1.0,75,0,0,75,75,2775,2775,37,37,3,2.0,0.7567567567567568,3,2.0,0.7567567567567568
11667,<=3,1.0,1.0,1.0,1.0,1.0,1.0,1.0,1.0,92,0,0,92,92,4186,4186,13,13,3,1.5384615384615385,0.5562130177514792,3,1.5384615384615385,0.5562130177514792
11677,<=3,1.0,1.0,1.0,1.0,1.0,1.0,1.0,1.0,80,0,0,80,80,3160,3160,18,18,3,1.3888888888888888,0.4598765432098765,3,1.3888888888888888,0.4598765432098765
11680,<=3,1.0,1.0,1.0,1.0,1.0,1.0,1.0,1.0,70,0,0,70,70,2415,2415,14,14,3,1.7142857142857142,0.6326530612244898,3,1.7142857142857142,0.6326530612244898
11682,<=3,1.0,1.0,1.0,1.0,1.0,1.0,1.0,1.0,37,0,0,37,37,666,666,16,16,3,1.75,0.5625,3,1.75,0.5625
11694,<=3,1.0,1.0,1.0,1.0,1.0,1.0,1.0,1.0,55,0,0,55,55,1485,1485,29,29,3,1.6206896551724137,0.3733650416171225,3,1.6206896551724137,0.3733650416171225
11696,<=3,1.0,1.0,1.0,1.0,1.0,1.0,1.0,1.0,46,0,0,46,46,1035,1035,21,21,3,1.7142857142857142,0.5850340136054423,3,1.7142857142857142,0.5850340136054423
11702,<=3,1.0,1.0,1.0,1.0,1.0,1.0,1.0,1.0,15,0,0,15,15,105,105,13,13,2,1.3076923076923077,0.21301775147928995,2,1.3076923076923077,0.21301775147928995
11703,<=3,1.0,1.0,1.0,1.0,1.0,1.0,1.0,1.0,43,0,0,43,43,903,903,20,20,3,1.6,0.44000000000000006,3,1.6,0.44000000000000006
11707,<=3,1.0,1.0,1.0,1.0,1.0,1.0,1.0,1.0,39,0,0,39,39,741,741,16,16,3,1.6875,0.58984375,3,1.6875,0.58984375
11712,<=3,1.0,1.0,1.0,1.0,1.0,1.0,1.0,1.0,9,0,0,9,9,36,36,8,8,3,1.375,0.484375,3,1.375,0.484375
11719,<=3,1.0,1.0,1.0,1.0,1.0,1.0,1.0,1.0,11,0,0,11,11,55,55,8,8,3,2.125,0.859375,3,2.125,0.859375
11720,<=3,1.0,1.0,1.0,1.0,1.0,1.0,1.0,1.0,99,0,0,99,99,4851,4851,33,33,3,1.8484848484848484,0.6740128558310376,3,1.8484848484848484,0.6740128558310376
11721,<=3,1.0,1.0,1.0,1.0,1.0,1.0,1.0,1.0,19,0,0,19,19,171,171,9,9,2,1.1111111111111112,0.09876543209876544,2,1.1111111111111112,0.09876543209876544
11723,<=3,1.0,1.0,1.0,1.0,1.0,1.0,1.0,1.0,78,0,0,78,78,3003,3003,19,19,3,1.4210526315789473,0.3490304709141274,3,1.4210526315789473,0.3490304709141274
11726,<=3,1.0,1.0,1.0,1.0,1.0,1.0,1.0,1.0,64,0,0,64,64,2016,2016,15,15,3,1.5333333333333334,0.3822222222222222,3,1.5333333333333334,0.3822222222222222
11737,<=3,1.0,1.0,1.0,1.0,1.0,1.0,1.0,1.0,46,0,0,46,46,1035,1035,25,25,3,2.2,0.64,3,2.2,0.64
11742,<=3,1.0,1.0,1.0,1.0,1.0,1.0,1.0,1.0,35,0,0,35,35,595,595,26,26,3,1.7692307692307692,0.562130177514793,3,1.7692307692307692,0.562130177514793
11754,<=3,1.0,1.0,1.0,1.0,1.0,1.0,1.0,1.0,55,0,0,55,55,1485,1485,31,31,3,2.064516129032258,0.5764828303850156,3,2.064516129032258,0.5764828303850156
11758,<=3,1.0,1.0,1.0,1.0,1.0,1.0,1.0,1.0,10,0,0,10,10,45,45,8,8,2,1.25,0.1875,2,1.25,0.1875
11766,<=3,1.0,1.0,1.0,1.0,1.0,1.0,1.0,1.0,15,0,0,15,15,105,105,11,11,3,1.9090909090909092,0.4462809917355372,3,1.9090909090909092,0.4462809917355372
11774,<=3,1.0,1.0,1.0,1.0,1.0,1.0,1.0,1.0,130,0,0,130,130,8385,8385,47,47,3,2.021276595744681,0.7016749660479858,3,2.021276595744681,0.7016749660479858
11775,<=3,1.0,1.0,1.0,1.0,1.0,1.0,1.0,1.0,16,0,0,16,16,120,120,12,12,3,1.9166666666666667,0.5763888888888888,3,1.9166666666666667,0.5763888888888888
11791,<=3,1.0,1.0,1.0,1.0,1.0,1.0,1.0,1.0,136,0,0,136,136,9180,9180,50,50,3,2.1,0.65,3,2.1,0.65
11794,<=3,1.0,1.0,1.0,1.0,1.0,1.0,1.0,1.0,180,0,0,180,180,16110,16110,38,38,3,1.9210526315789473,0.5463988919667592,3,1.9210526315789473,0.5463988919667592
11796,<=3,1.0,1.0,1.0,1.0,1.0,1.0,1.0,1.0,71,0,0,71,71,2485,2485,38,38,3,2.026315789473684,0.6572022160664822,3,2.026315789473684,0.6572022160664822
11802,<=3,1.0,1.0,1.0,1.0,1.0,1.0,1.0,1.0,245,0,0,245,245,29890,29890,55,55,3,2.1818181818181817,0.5487603305785123,3,2.1818181818181817,0.5487603305785123
11818,<=3,1.0,1.0,1.0,1.0,1.0,1.0,1.0,1.0,77,0,0,77,77,2926,2926,34,34,3,1.8529411764705883,0.6548442906574395,3,1.8529411764705883,0.6548442906574395
11825,<=3,1.0,1.0,1.0,1.0,1.0,1.0,1.0,1.0,35,0,0,35,35,595,595,14,14,3,1.8571428571428572,0.5510204081632653,3,1.8571428571428572,0.5510204081632653
11838,<=3,1.0,1.0,1.0,1.0,1.0,1.0,1.0,1.0,159,0,0,159,159,12561,12561,46,46,3,2.0,0.4782608695652174,3,2.0,0.4782608695652174
11856,<=3,1.0,1.0,1.0,1.0,1.0,1.0,1.0,1.0,128,0,0,128,128,8128,8128,43,43,3,2.186046511627907,0.5700378583017849,3,2.186046511627907,0.5700378583017849
11877,<=3,1.0,1.0,1.0,1.0,1.0,1.0,1.0,1.0,56,0,0,56,56,1540,1540,28,28,3,1.9285714285714286,0.5663265306122449,3,1.9285714285714286,0.5663265306122449
11925,<=3,1.0,1.0,1.0,1.0,1.0,1.0,1.0,1.0,44,0,0,44,44,946,946,12,12,3,1.6666666666666667,0.5555555555555556,3,1.6666666666666667,0.5555555555555556
11926,<=3,1.0,1.0,1.0,1.0,1.0,1.0,1.0,1.0,73,0,0,73,73,2628,2628,16,16,3,1.8125,0.65234375,3,1.8125,0.65234375
11948,<=3,1.0,1.0,1.0,1.0,1.0,1.0,1.0,1.0,93,0,0,93,93,4278,4278,23,23,3,1.6521739130434783,0.4007561436672969,3,1.6521739130434783,0.4007561436672969
11953,<=3,1.0,1.0,1.0,1.0,1.0,1.0,1.0,1.0,14,0,0,14,14,91,91,8,8,3,1.375,0.484375,3,1.375,0.484375
11968,<=3,1.0,1.0,1.0,1.0,1.0,1.0,1.0,1.0,164,0,0,164,164,13366,13366,42,42,3,2.119047619047619,0.5810657596371883,3,2.119047619047619,0.5810657596371883
11987,<=3,1.0,1.0,1.0,1.0,1.0,1.0,1.0,1.0,125,0,0,125,125,7750,7750,29,29,3,1.6896551724137931,0.42092746730083236,3,1.6896551724137931,0.42092746730083236
11990,<=3,1.0,1.0,1.0,1.0,1.0,1.0,1.0,1.0,78,0,0,78,78,3003,3003,29,29,3,2.103448275862069,0.5755053507728894,3,2.103448275862069,0.5755053507728894
12014,<=3,1.0,1.0,1.0,1.0,1.0,1.0,1.0,1.0,205,0,0,205,205,20910,20910,46,46,3,2.108695652173913,0.6186200378071836,3,2.108695652173913,0.6186200378071836
12015,<=3,1.0,1.0,1.0,1.0,1.0,1.0,1.0,1.0,28,0,0,28,28,378,378,16,16,3,1.625,0.484375,3,1.625,0.484375
12020,<=3,1.0,1.0,1.0,1.0,1.0,1.0,1.0,1.0,200,0,0,200,200,19900,19900,69,69,3,2.0144927536231885,0.5360218441503884,3,2.0144927536231885,0.5360218441503884
12021,<=3,1.0,1.0,1.0,1.0,1.0,1.0,1.0,1.0,46,0,0,46,46,1035,1035,15,15,3,1.8666666666666667,0.648888888888889,3,1.8666666666666667,0.648888888888889
12023,<=3,1.0,1.0,1.0,1.0,1.0,1.0,1.0,1.0,6,0,0,6,6,15,15,5,5,3,1.6,0.64,3,1.6,0.64
12034,<=3,1.0,1.0,1.0,1.0,1.0,1.0,1.0,1.0,15,0,0,15,15,105,105,12,12,3,1.75,0.5208333333333334,3,1.75,0.5208333333333334
12044,<=3,1.0,1.0,1.0,1.0,1.0,1.0,1.0,1.0,96,0,0,96,96,4560,4560,29,29,3,1.6896551724137931,0.558858501783591,3,1.6896551724137931,0.558858501783591
12059,<=3,1.0,1.0,1.0,1.0,1.0,1.0,1.0,1.0,115,0,0,115,115,6555,6555,38,38,3,1.736842105263158,0.5096952908587257,3,1.736842105263158,0.5096952908587257
12069,<=3,1.0,1.0,1.0,1.0,1.0,1.0,1.0,1.0,110,0,0,110,110,5995,5995,34,34,3,2.2941176470588234,0.6193771626297577,3,2.2941176470588234,0.6193771626297577
12070,<=3,1.0,1.0,1.0,1.0,1.0,1.0,1.0,1.0,59,0,0,59,59,1711,1711,19,19,3,2.0,0.631578947368421,3,2.0,0.631578947368421
12073,<=3,1.0,1.0,1.0,1.0,1.0,1.0,1.0,1.0,7,0,0,7,7,21,21,6,6,3,1.6666666666666667,0.5555555555555556,3,1.6666666666666667,0.5555555555555556
12079,<=3,1.0,1.0,1.0,1.0,1.0,1.0,1.0,1.0,33,0,0,33,33,528,528,24,24,3,1.7916666666666667,0.6649305555555555,3,1.7916666666666667,0.6649305555555555
12081,<=3,1.0,1.0,1.0,1.0,1.0,1.0,1.0,1.0,89,0,0,89,89,3916,3916,43,43,3,2.13953488372093,0.6782044348296377,3,2.13953488372093,0.6782044348296377
12085,<=3,1.0,1.0,1.0,1.0,1.0,1.0,1.0,1.0,50,0,0,50,50,1225,1225,27,27,3,2.074074074074074,0.8093278463648835,3,2.074074074074074,0.8093278463648835
12093,<=3,1.0,1.0,1.0,1.0,1.0,1.0,1.0,1.0,146,0,0,146,146,10585,10585,28,28,3,1.4642857142857142,0.32015306122448983,3,1.4642857142857142,0.32015306122448983
12096,<=3,1.0,1.0,1.0,1.0,1.0,1.0,1.0,1.0,58,0,0,58,58,1653,1653,27,27,3,2.074074074074074,0.6611796982167354,3,2.074074074074074,0.6611796982167354
12098,<=3,1.0,1.0,1.0,1.0,1.0,1.0,1.0,1.0,14,0,0,14,14,91,91,9,9,2,1.3333333333333333,0.2222222222222222,2,1.3333333333333333,0.2222222222222222
12101,<=3,1.0,1.0,1.0,1.0,1.0,1.0,1.0,1.0,69,0,0,69,69,2346,2346,13,13,2,1.4615384615384615,0.24852071005917153,2,1.4615384615384615,0.24852071005917153
12102,<=3,1.0,1.0,1.0,1.0,1.0,1.0,1.0,1.0,37,0,0,37,37,666,666,18,18,3,1.6666666666666667,0.5555555555555556,3,1.6666666666666667,0.5555555555555556
12103,<=3,1.0,1.0,1.0,1.0,1.0,1.0,1.0,1.0,98,0,0,98,98,4753,4753,28,28,3,1.5714285714285714,0.45918367346938777,3,1.5714285714285714,0.45918367346938777
12107,<=3,1.0,1.0,1.0,1.0,1.0,1.0,1.0,1.0,49,0,0,49,49,1176,1176,19,19,3,1.9473684210526316,0.5761772853185596,3,1.9473684210526316,0.5761772853185596
12108,<=3,1.0,1.0,1.0,1.0,1.0,1.0,1.0,1.0,76,0,0,76,76,2850,2850,33,33,3,1.7575757575757576,0.6078971533516988,3,1.7575757575757576,0.6078971533516988
12115,<=3,1.0,1.0,1.0,1.0,1.0,1.0,1.0,1.0,131,0,0,131,131,8515,8515,42,42,3,2.0238095238095237,0.6422902494331065,3,2.0238095238095237,0.6422902494331065
12138,<=3,1.0,1.0,1.0,1.0,1.0,1.0,1.0,1.0,16,0,0,16,16,120,120,9,9,3,2.0,0.4444444444444444,3,2.0,0.4444444444444444
12146,<=3,1.0,1.0,1.0,1.0,1.0,1.0,1.0,1.0,229,0,0,229,229,26106,26106,44,44,3,1.7045454545454546,0.5717975206611571,3,1.7045454545454546,0.5717975206611571
12147,<=3,1.0,1.0,1.0,1.0,1.0,1.0,1.0,1.0,56,0,0,56,56,1540,1540,17,17,3,1.588235294117647,0.35986159169550175,3,1.588235294117647,0.35986159169550175
12153,<=3,1.0,1.0,1.0,1.0,1.0,1.0,1.0,1.0,59,0,0,59,59,1711,1711,34,34,3,1.8235294117647058,0.615916955017301,3,1.8235294117647058,0.615916955017301
12154,<=3,1.0,1.0,1.0,1.0,1.0,1.0,1.0,1.0,57,0,0,57,57,1596,1596,36,36,3,1.4722222222222223,0.3047839506172839,3,1.4722222222222223,0.3047839506172839
12156,<=3,1.0,1.0,1.0,1.0,1.0,1.0,1.0,1.0,52,0,0,52,52,1326,1326,16,16,2,1.4375,0.24609375,2,1.4375,0.24609375
12158,<=3,1.0,1.0,1.0,1.0,1.0,1.0,1.0,1.0,36,0,0,36,36,630,630,20,20,3,1.8,0.6599999999999999,3,1.8,0.6599999999999999
12166,<=3,1.0,1.0,1.0,1.0,1.0,1.0,1.0,1.0,39,0,0,39,39,741,741,18,18,3,1.8888888888888888,0.654320987654321,3,1.8888888888888888,0.654320987654321
12169,<=3,1.0,1.0,1.0,1.0,1.0,1.0,1.0,1.0,40,0,0,40,40,780,780,20,20,3,1.8,0.4600000000000001,3,1.8,0.4600000000000001
12178,<=3,1.0,1.0,1.0,1.0,1.0,1.0,1.0,1.0,19,0,0,19,19,171,171,9,9,3,2.0,0.4444444444444444,3,2.0,0.4444444444444444
12179,<=3,1.0,1.0,1.0,1.0,1.0,1.0,1.0,1.0,14,0,0,14,14,91,91,13,13,3,2.1538461538461537,0.7455621301775147,3,2.1538461538461537,0.7455621301775147
12181,<=3,1.0,1.0,1.0,1.0,1.0,1.0,1.0,1.0,51,0,0,51,51,1275,1275,18,18,3,1.9444444444444444,0.6080246913580247,3,1.9444444444444444,0.6080246913580247
12182,<=3,1.0,1.0,1.0,1.0,1.0,1.0,1.0,1.0,28,0,0,28,28,378,378,17,17,3,2.5294117647058822,0.4844290657439447,3,2.5294117647058822,0.4844290657439447
12183,<=3,1.0,1.0,1.0,1.0,1.0,1.0,1.0,1.0,57,0,0,57,57,1596,1596,24,24,3,1.75,0.5208333333333334,3,1.75,0.5208333333333334
12192,<=3,1.0,1.0,1.0,1.0,1.0,1.0,1.0,1.0,34,0,0,34,34,561,561,16,16,3,1.9375,0.55859375,3,1.9375,0.55859375
12204,<=3,1.0,1.0,1.0,1.0,1.0,1.0,1.0,1.0,46,0,0,46,46,1035,1035,23,23,3,1.5217391304347827,0.3364839319470699,3,1.5217391304347827,0.3364839319470699
12209,<=3,1.0,1.0,1.0,1.0,1.0,1.0,1.0,1.0,47,0,0,47,47,1081,1081,22,22,3,2.0454545454545454,0.6797520661157023,3,2.0454545454545454,0.6797520661157023
12228,<=3,1.0,1.0,1.0,1.0,1.0,1.0,1.0,1.0,41,0,0,41,41,820,820,17,17,3,2.0,0.7058823529411765,3,2.0,0.7058823529411765
12231,<=3,1.0,1.0,1.0,1.0,1.0,1.0,1.0,1.0,16,0,0,16,16,120,120,7,7,3,1.8571428571428572,0.6938775510204082,3,1.8571428571428572,0.6938775510204082
12240,<=3,1.0,1.0,1.0,1.0,1.0,1.0,1.0,1.0,159,0,0,159,159,12561,12561,57,57,3,1.8771929824561404,0.5287780855647892,3,1.8771929824561404,0.5287780855647892
12241,<=3,1.0,1.0,1.0,1.0,1.0,1.0,1.0,1.0,30,0,0,30,30,435,435,18,18,3,2.0,0.6666666666666666,3,2.0,0.6666666666666666
12249,<=3,1.0,1.0,1.0,1.0,1.0,1.0,1.0,1.0,26,0,0,26,26,325,325,12,12,3,1.5,0.4166666666666667,3,1.5,0.4166666666666667
12251,<=3,1.0,1.0,1.0,1.0,1.0,1.0,1.0,1.0,66,0,0,66,66,2145,2145,25,25,3,2.24,0.6624000000000001,3,2.24,0.6624000000000001
12268,<=3,1.0,1.0,1.0,1.0,1.0,1.0,1.0,1.0,49,0,0,49,49,1176,1176,26,26,3,1.7692307692307692,0.4082840236686391,3,1.7692307692307692,0.4082840236686391
12269,<=3,1.0,1.0,1.0,1.0,1.0,1.0,1.0,1.0,86,0,0,86,86,3655,3655,30,30,3,2.2333333333333334,0.5788888888888889,3,2.2333333333333334,0.5788888888888889
12281,<=3,1.0,1.0,1.0,1.0,1.0,1.0,1.0,1.0,29,0,0,29,29,406,406,17,17,3,1.6470588235294117,0.46366782006920415,3,1.6470588235294117,0.46366782006920415
12284,<=3,1.0,1.0,1.0,1.0,1.0,1.0,1.0,1.0,49,0,0,49,49,1176,1176,20,20,3,1.65,0.42750000000000005,3,1.65,0.42750000000000005
12307,<=3,1.0,1.0,1.0,1.0,1.0,1.0,1.0,1.0,41,0,0,41,41,820,820,20,20,3,1.5,0.35,3,1.5,0.35
12313,<=3,1.0,1.0,1.0,1.0,1.0,1.0,1.0,1.0,78,0,0,78,78,3003,3003,23,23,3,1.7391304347826086,0.5406427221172022,3,1.7391304347826086,0.5406427221172022
12315,<=3,1.0,1.0,1.0,1.0,1.0,1.0,1.0,1.0,35,0,0,35,35,595,595,15,15,3,1.7333333333333334,0.46222222222222226,3,1.7333333333333334,0.46222222222222226
12319,<=3,1.0,1.0,1.0,1.0,1.0,1.0,1.0,1.0,70,0,0,70,70,2415,2415,27,27,3,2.0,0.6666666666666666,3,2.0,0.6666666666666666
12333,<=3,1.0,1.0,1.0,1.0,1.0,1.0,1.0,1.0,252,0,0,252,252,31626,31626,46,46,3,2.130434782608696,0.5916824196597353,3,2.130434782608696,0.5916824196597353
12345,<=3,1.0,1.0,1.0,1.0,1.0,1.0,1.0,1.0,79,0,0,79,79,3081,3081,18,18,3,1.7777777777777777,0.5061728395061729,3,1.7777777777777777,0.5061728395061729
12372,<=3,1.0,1.0,1.0,1.0,1.0,1.0,1.0,1.0,120,0,0,120,120,7140,7140,41,41,3,1.5853658536585367,0.3402736466389054,3,1.5853658536585367,0.3402736466389054
12375,<=3,1.0,1.0,1.0,1.0,1.0,1.0,1.0,1.0,31,0,0,31,31,465,465,9,9,3,2.0,0.4444444444444444,3,2.0,0.4444444444444444
12379,<=3,1.0,1.0,1.0,1.0,1.0,1.0,1.0,1.0,63,0,0,63,63,1953,1953,35,35,3,2.142857142857143,0.636734693877551,3,2.142857142857143,0.636734693877551
12382,<=3,1.0,1.0,1.0,1.0,1.0,1.0,1.0,1.0,67,0,0,67,67,2211,2211,23,23,3,1.9565217391304348,0.5633270321361059,3,1.9565217391304348,0.5633270321361059
12386,<=3,1.0,1.0,1.0,1.0,1.0,1.0,1.0,1.0,36,0,0,36,36,630,630,10,10,2,1.4,0.24000000000000005,2,1.4,0.24000000000000005
12398,<=3,1.0,1.0,1.0,1.0,1.0,1.0,1.0,1.0,103,0,0,103,103,5253,5253,45,45,3,1.3777777777777778,0.32395061728395064,3,1.3777777777777778,0.32395061728395064
12407,<=3,1.0,1.0,1.0,1.0,1.0,1.0,1.0,1.0,43,0,0,43,43,903,903,13,13,3,1.7692307692307692,0.6390532544378699,3,1.7692307692307692,0.6390532544378699
12408,<=3,1.0,1.0,1.0,1.0,1.0,1.0,1.0,1.0,80,0,0,80,80,3160,3160,29,29,3,1.5172413793103448,0.31866825208085614,3,1.5172413793103448,0.31866825208085614
12421,<=3,1.0,1.0,1.0,1.0,1.0,1.0,1.0,1.0,92,0,0,92,92,4186,4186,28,28,3,1.75,0.4732142857142857,3,1.75,0.4732142857142857
12424,<=3,1.0,1.0,1.0,1.0,1.0,1.0,1.0,1.0,80,0,0,80,80,3160,3160,23,23,3,2.0,0.782608695652174,3,2.0,0.782608695652174
12434,<=3,1.0,1.0,1.0,1.0,1.0,1.0,1.0,1.0,37,0,0,37,37,666,666,18,18,3,1.6666666666666667,0.5555555555555556,3,1.6666666666666667,0.5555555555555556
12440,<=3,1.0,1.0,1.0,1.0,1.0,1.0,1.0,1.0,47,0,0,47,47,1081,1081,22,22,3,2.090909090909091,0.7190082644628099,3,2.090909090909091,0.7190082644628099
12443,<=3,1.0,1.0,1.0,1.0,1.0,1.0,1.0,1.0,57,0,0,57,57,1596,1596,32,32,3,1.84375,0.6318359375,3,1.84375,0.6318359375
12455,<=3,1.0,1.0,1.0,1.0,1.0,1.0,1.0,1.0,26,0,0,26,26,325,325,12,12,3,1.4166666666666667,0.40972222222222215,3,1.4166666666666667,0.40972222222222215
12459,<=3,1.0,1.0,1.0,1.0,1.0,1.0,1.0,1.0,198,0,0,198,198,19503,19503,46,46,3,2.0217391304347827,0.5864839319470698,3,2.0217391304347827,0.5864839319470698
12460,<=3,1.0,1.0,1.0,1.0,1.0,1.0,1.0,1.0,30,0,0,30,30,435,435,21,21,3,2.1904761904761907,0.6303854875283449,3,2.1904761904761907,0.6303854875283449
12463,<=3,1.0,1.0,1.0,1.0,1.0,1.0,1.0,1.0,49,0,0,49,49,1176,1176,13,13,3,1.4615384615384615,0.4023668639053254,3,1.4615384615384615,0.4023668639053254
12464,<=3,1.0,1.0,1.0,1.0,1.0,1.0,1.0,1.0,37,0,0,37,37,666,666,16,16,3,1.9375,0.68359375,3,1.9375,0.68359375
12471,<=3,1.0,1.0,1.0,1.0,1.0,1.0,1.0,1.0,71,0,0,71,71,2485,2485,40,40,3,1.825,0.49437500000000006,3,1.825,0.49437500000000006
12475,<=3,1.0,1.0,1.0,1.0,1.0,1.0,1.0,1.0,28,0,0,28,28,378,378,15,15,3,1.9333333333333333,0.5955555555555556,3,1.9333333333333333,0.5955555555555556
12490,<=3,1.0,1.0,1.0,1.0,1.0,1.0,1.0,1.0,78,0,0,78,78,3003,3003,32,32,3,1.6875,0.33984375,3,1.6875,0.33984375
12494,<=3,1.0,1.0,1.0,1.0,1.0,1.0,1.0,1.0,51,0,0,51,51,1275,1275,23,23,3,1.8695652173913044,0.54820415879017,3,1.8695652173913044,0.54820415879017
12495,<=3,1.0,1.0,1.0,1.0,1.0,1.0,1.0,1.0,19,0,0,19,19,171,171,11,11,3,2.1818181818181817,0.6942148760330578,3,2.1818181818181817,0.6942148760330578
12497,<=3,1.0,1.0,1.0,1.0,1.0,1.0,1.0,1.0,25,0,0,25,25,300,300,14,14,3,1.8571428571428572,0.5510204081632653,3,1.8571428571428572,0.5510204081632653
12524,<=3,1.0,1.0,1.0,1.0,1.0,1.0,1.0,1.0,64,0,0,64,64,2016,2016,31,31,3,2.032258064516129,0.7408949011446412,3,2.032258064516129,0.7408949011446412
12543,<=3,1.0,1.0,1.0,1.0,1.0,1.0,1.0,1.0,73,0,0,73,73,2628,2628,25,25,3,1.92,0.5535999999999999,3,1.92,0.5535999999999999
12551,<=3,1.0,1.0,1.0,1.0,1.0,1.0,1.0,1.0,9,0,0,9,9,36,36,6,6,2,1.5,0.25,2,1.5,0.25
12552,<=3,1.0,1.0,1.0,1.0,1.0,1.0,1.0,1.0,79,0,0,79,79,3081,3081,39,39,3,2.076923076923077,0.532544378698225,3,2.076923076923077,0.532544378698225
12567,<=3,1.0,1.0,1.0,1.0,1.0,1.0,1.0,1.0,57,0,0,57,57,1596,1596,7,7,3,1.8571428571428572,0.6938775510204082,3,1.8571428571428572,0.6938775510204082
12570,<=3,1.0,1.0,1.0,1.0,1.0,1.0,1.0,1.0,186,0,0,186,186,17205,17205,44,44,3,1.8181818181818181,0.6033057851239668,3,1.8181818181818181,0.6033057851239668
12574,<=3,1.0,1.0,1.0,1.0,1.0,1.0,1.0,1.0,130,0,0,130,130,8385,8385,34,34,3,2.2058823529411766,0.6929065743944638,3,2.2058823529411766,0.6929065743944638
12597,<=3,1.0,1.0,1.0,1.0,1.0,1.0,1.0,1.0,27,0,0,27,27,351,351,14,14,3,1.8571428571428572,0.6938775510204082,3,1.8571428571428572,0.6938775510204082
12612,<=3,1.0,1.0,1.0,1.0,1.0,1.0,1.0,1.0,25,0,0,25,25,300,300,16,16,3,1.625,0.609375,3,1.625,0.609375
12614,<=3,1.0,1.0,1.0,1.0,1.0,1.0,1.0,1.0,83,0,0,83,83,3403,3403,45,45,3,2.2666666666666666,0.5066666666666666,3,2.2666666666666666,0.5066666666666666
12620,<=3,1.0,1.0,1.0,1.0,1.0,1.0,1.0,1.0,88,0,0,88,88,3828,3828,19,19,2,1.4210526315789473,0.24376731301939059,2,1.4210526315789473,0.24376731301939059
12626,<=3,1.0,1.0,1.0,1.0,1.0,1.0,1.0,1.0,72,0,0,72,72,2556,2556,22,22,3,1.6818181818181819,0.48966942148760323,3,1.6818181818181819,0.48966942148760323
12641,<=3,1.0,1.0,1.0,1.0,1.0,1.0,1.0,1.0,84,0,0,84,84,3486,3486,21,21,3,1.7619047619047619,0.4671201814058956,3,1.7619047619047619,0.4671201814058956
12647,<=3,1.0,1.0,1.0,1.0,1.0,1.0,1.0,1.0,18,0,0,18,18,153,153,14,14,3,1.6428571428571428,0.3724489795918367,3,1.6428571428571428,0.3724489795918367
12664,<=3,1.0,1.0,1.0,1.0,1.0,1.0,1.0,1.0,52,0,0,52,52,1326,1326,24,24,3,1.5,0.5,3,1.5,0.5
12669,<=3,1.0,1.0,1.0,1.0,1.0,1.0,1.0,1.0,113,0,0,113,113,6328,6328,41,41,3,2.1951219512195124,0.644854253420583,3,2.1951219512195124,0.644854253420583
12673,<=3,1.0,1.0,1.0,1.0,1.0,1.0,1.0,1.0,53,0,0,53,53,1378,1378,31,31,3,1.6774193548387097,0.4765868886576482,3,1.6774193548387097,0.4765868886576482
12678,<=3,1.0,1.0,1.0,1.0,1.0,1.0,1.0,1.0,50,0,0,50,50,1225,1225,35,35,3,1.7142857142857142,0.5469387755102042,3,1.7142857142857142,0.5469387755102042
12679,<=3,1.0,1.0,1.0,1.0,1.0,1.0,1.0,1.0,18,0,0,18,18,153,153,9,9,2,1.2222222222222223,0.1728395061728395,2,1.2222222222222223,0.1728395061728395
12681,<=3,1.0,1.0,1.0,1.0,1.0,1.0,1.0,1.0,45,0,0,45,45,990,990,20,20,3,1.85,0.7275,3,1.85,0.7275
12690,<=3,1.0,1.0,1.0,1.0,1.0,1.0,1.0,1.0,5,0,0,5,5,10,10,6,6,3,1.6666666666666667,0.5555555555555556,3,1.6666666666666667,0.5555555555555556
12696,<=3,1.0,1.0,1.0,1.0,1.0,1.0,1.0,1.0,46,0,0,46,46,1035,1035,14,14,3,1.8571428571428572,0.6938775510204082,3,1.8571428571428572,0.6938775510204082
12700,<=3,1.0,1.0,1.0,1.0,1.0,1.0,1.0,1.0,128,0,0,128,128,8128,8128,53,53,3,1.7358490566037736,0.4207903168387326,3,1.7358490566037736,0.4207903168387326
12701,<=3,1.0,1.0,1.0,1.0,1.0,1.0,1.0,1.0,6,0,0,6,6,15,15,6,6,2,1.1666666666666667,0.13888888888888887,2,1.1666666666666667,0.13888888888888887
12704,<=3,1.0,1.0,1.0,1.0,1.0,1.0,1.0,1.0,68,0,0,68,68,2278,2278,26,26,3,1.9615384615384615,0.5754437869822484,3,1.9615384615384615,0.5754437869822484
12706,<=3,1.0,1.0,1.0,1.0,1.0,1.0,1.0,1.0,233,0,0,233,233,27028,27028,28,28,3,1.6071428571428572,0.5956632653061223,3,1.6071428571428572,0.5956632653061223
12711,<=3,1.0,1.0,1.0,1.0,1.0,1.0,1.0,1.0,72,0,0,72,72,2556,2556,38,38,3,1.4736842105263157,0.30193905817174516,3,1.4736842105263157,0.30193905817174516
12728,<=3,1.0,1.0,1.0,1.0,1.0,1.0,1.0,1.0,82,0,0,82,82,3321,3321,33,33,3,2.0303030303030303,0.5748393021120295,3,2.0303030303030303,0.5748393021120295
12731,<=3,1.0,1.0,1.0,1.0,1.0,1.0,1.0,1.0,145,0,0,145,145,10440,10440,33,33,3,1.8484848484848484,0.613406795224977,3,1.8484848484848484,0.613406795224977
12733,<=3,1.0,1.0,1.0,1.0,1.0,1.0,1.0,1.0,10,0,0,10,10,45,45,9,9,3,2.0,0.6666666666666666,3,2.0,0.6666666666666666
12735,<=3,1.0,1.0,1.0,1.0,1.0,1.0,1.0,1.0,56,0,0,56,56,1540,1540,22,22,3,1.6363636363636365,0.4132231404958677,3,1.6363636363636365,0.4132231404958677
12744,<=3,1.0,1.0,1.0,1.0,1.0,1.0,1.0,1.0,114,0,0,114,114,6441,6441,38,38,3,1.868421052631579,0.3774238227146814,3,1.868421052631579,0.3774238227146814
12750,<=3,1.0,1.0,1.0,1.0,1.0,1.0,1.0,1.0,25,0,0,25,25,300,300,10,10,2,1.5,0.25,2,1.5,0.25
12756,<=3,1.0,1.0,1.0,1.0,1.0,1.0,1.0,1.0,33,0,0,33,33,528,528,15,15,3,1.8,0.56,3,1.8,0.56
12764,<=3,1.0,1.0,1.0,1.0,1.0,1.0,1.0,1.0,40,0,0,40,40,780,780,20,20,3,2.2,0.6600000000000001,3,2.2,0.6600000000000001
12766,<=3,1.0,1.0,1.0,1.0,1.0,1.0,1.0,1.0,79,0,0,79,79,3081,3081,32,32,3,1.78125,0.4208984375,3,1.78125,0.4208984375
12784,<=3,1.0,1.0,1.0,1.0,1.0,1.0,1.0,1.0,65,0,0,65,65,2080,2080,31,31,3,1.967741935483871,0.6118626430801251,3,1.967741935483871,0.6118626430801251
12786,<=3,1.0,1.0,1.0,1.0,1.0,1.0,1.0,1.0,10,0,0,10,10,45,45,6,6,2,1.1666666666666667,0.13888888888888887,2,1.1666666666666667,0.13888888888888887
12790,<=3,1.0,1.0,1.0,1.0,1.0,1.0,1.0,1.0,52,0,0,52,52,1326,1326,15,15,3,1.7333333333333334,0.46222222222222226,3,1.7333333333333334,0.46222222222222226
12792,<=3,1.0,1.0,1.0,1.0,1.0,1.0,1.0,1.0,27,0,0,27,27,351,351,16,16,3,1.6875,0.33984375,3,1.6875,0.33984375
12795,<=3,1.0,1.0,1.0,1.0,1.0,1.0,1.0,1.0,57,0,0,57,57,1596,1596,30,30,3,2.433333333333333,0.4455555555555556,3,2.433333333333333,0.4455555555555556
12797,<=3,1.0,1.0,1.0,1.0,1.0,1.0,1.0,1.0,51,0,0,51,51,1275,1275,24,24,3,2.3333333333333335,0.638888888888889,3,2.3333333333333335,0.638888888888889
12805,<=3,1.0,1.0,1.0,1.0,1.0,1.0,1.0,1.0,149,0,0,149,149,11026,11026,59,59,3,2.1016949152542375,0.6337259408216029,3,2.1016949152542375,0.6337259408216029
12809,<=3,1.0,1.0,1.0,1.0,1.0,1.0,1.0,1.0,157,0,0,157,157,12246,12246,36,36,3,2.0555555555555554,0.6635802469135802,3,2.0555555555555554,0.6635802469135802
12810,<=3,1.0,1.0,1.0,1.0,1.0,1.0,1.0,1.0,276,0,0,276,276,37950,37950,50,50,3,1.98,0.5795999999999999,3,1.98,0.5795999999999999
12817,<=3,1.0,1.0,1.0,1.0,1.0,1.0,1.0,1.0,42,0,0,42,42,861,861,21,21,3,1.9523809523809523,0.6167800453514738,3,1.9523809523809523,0.6167800453514738
12822,<=3,1.0,1.0,1.0,1.0,1.0,1.0,1.0,1.0,131,0,0,131,131,8515,8515,26,26,3,1.7692307692307692,0.562130177514793,3,1.7692307692307692,0.562130177514793
12824,<=3,1.0,1.0,1.0,1.0,1.0,1.0,1.0,1.0,21,0,0,21,21,210,210,9,9,3,1.5555555555555556,0.46913580246913583,3,1.5555555555555556,0.46913580246913583
12825,<=3,1.0,1.0,1.0,1.0,1.0,1.0,1.0,1.0,59,0,0,59,59,1711,1711,31,31,3,1.6451612903225807,0.48699271592091564,3,1.6451612903225807,0.48699271592091564
12827,<=3,1.0,1.0,1.0,1.0,1.0,1.0,1.0,1.0,24,0,0,24,24,276,276,14,14,3,1.7857142857142858,0.5969387755102041,3,1.7857142857142858,0.5969387755102041
12833,<=3,1.0,1.0,1.0,1.0,1.0,1.0,1.0,1.0,104,0,0,104,104,5356,5356,31,31,3,1.4838709677419355,0.37877211238293446,3,1.4838709677419355,0.37877211238293446
12860,<=3,1.0,1.0,1.0,1.0,1.0,1.0,1.0,1.0,34,0,0,34,34,561,561,12,12,3,1.5833333333333333,0.40972222222222215,3,1.5833333333333333,0.40972222222222215
12861,<=3,1.0,1.0,1.0,1.0,1.0,1.0,1.0,1.0,249,0,0,249,249,30876,30876,57,57,3,2.1052631578947367,0.6555863342566943,3,2.1052631578947367,0.6555863342566943
12864,<=3,1.0,1.0,1.0,1.0,1.0,1.0,1.0,1.0,27,0,0,27,27,351,351,11,11,3,2.0,0.5454545454545454,3,2.0,0.5454545454545454
12875,<=3,1.0,1.0,1.0,1.0,1.0,1.0,1.0,1.0,23,0,0,23,23,253,253,9,9,2,1.5555555555555556,0.2469135802469136,2,1.5555555555555556,0.2469135802469136
12876,<=3,1.0,1.0,1.0,1.0,1.0,1.0,1.0,1.0,59,0,0,59,59,1711,1711,34,34,3,1.7647058823529411,0.5328719723183389,3,1.7647058823529411,0.5328719723183389
12883,<=3,1.0,1.0,1.0,1.0,1.0,1.0,1.0,1.0,9,0,0,9,9,36,36,6,6,2,1.1666666666666667,0.13888888888888887,2,1.1666666666666667,0.13888888888888887
12884,<=3,1.0,1.0,1.0,1.0,1.0,1.0,1.0,1.0,43,0,0,43,43,903,903,27,27,3,1.5925925925925926,0.38957475994513024,3,1.5925925925925926,0.38957475994513024
12887,<=3,1.0,1.0,1.0,1.0,1.0,1.0,1.0,1.0,97,0,0,97,97,4656,4656,39,39,2,1.4871794871794872,0.24983563445101908,2,1.4871794871794872,0.24983563445101908
12895,<=3,1.0,1.0,1.0,1.0,1.0,1.0,1.0,1.0,79,0,0,79,79,3081,3081,21,21,3,1.9523809523809523,0.6167800453514738,3,1.9523809523809523,0.6167800453514738
12896,<=3,1.0,1.0,1.0,1.0,1.0,1.0,1.0,1.0,20,0,0,20,20,190,190,14,14,2,1.2142857142857142,0.1683673469387755,2,1.2142857142857142,0.1683673469387755
12897,<=3,1.0,1.0,1.0,1.0,1.0,1.0,1.0,1.0,153,0,0,153,153,11628,11628,37,37,3,2.054054054054054,0.699780861943024,3,2.054054054054054,0.699780861943024
12902,<=3,1.0,1.0,1.0,1.0,1.0,1.0,1.0,1.0,9,0,0,9,9,36,36,5,5,2,1.2,0.16,2,1.2,0.16
12916,<=3,1.0,1.0,1.0,1.0,1.0,1.0,1.0,1.0,72,0,0,72,72,2556,2556,27,27,3,1.9259259259259258,0.6611796982167353,3,1.9259259259259258,0.6611796982167353
12923,<=3,1.0,1.0,1.0,1.0,1.0,1.0,1.0,1.0,14,0,0,14,14,91,91,11,11,3,1.8181818181818181,0.6942148760330579,3,1.8181818181818181,0.6942148760330579
12927,<=3,1.0,1.0,1.0,1.0,1.0,1.0,1.0,1.0,20,0,0,20,20,190,190,14,14,3,2.0,0.7142857142857143,3,2.0,0.7142857142857143
12930,<=3,1.0,1.0,1.0,1.0,1.0,1.0,1.0,1.0,44,0,0,44,44,946,946,24,24,3,1.5833333333333333,0.4930555555555556,3,1.5833333333333333,0.4930555555555556
12933,<=3,1.0,1.0,1.0,1.0,1.0,1.0,1.0,1.0,74,0,0,74,74,2701,2701,36,36,3,2.0,0.5555555555555556,3,2.0,0.5555555555555556
12947,<=3,1.0,1.0,1.0,1.0,1.0,1.0,1.0,1.0,90,0,0,90,90,4005,4005,36,36,3,2.1666666666666665,0.6388888888888887,3,2.1666666666666665,0.6388888888888887
12953,<=3,1.0,1.0,1.0,1.0,1.0,1.0,1.0,1.0,9,0,0,9,9,36,36,6,6,2,1.3333333333333333,0.22222222222222224,2,1.3333333333333333,0.22222222222222224
12959,<=3,1.0,1.0,1.0,1.0,1.0,1.0,1.0,1.0,39,0,0,39,39,741,741,22,22,3,2.3181818181818183,0.6714876033057853,3,2.3181818181818183,0.6714876033057853
12966,<=3,1.0,1.0,1.0,1.0,1.0,1.0,1.0,1.0,30,0,0,30,30,435,435,17,17,3,2.176470588235294,0.615916955017301,3,2.176470588235294,0.615916955017301
12979,<=3,1.0,1.0,1.0,1.0,1.0,1.0,1.0,1.0,82,0,0,82,82,3321,3321,29,29,3,1.9655172413793103,0.6539833531510105,3,1.9655172413793103,0.6539833531510105
12983,<=3,1.0,1.0,1.0,1.0,1.0,1.0,1.0,1.0,76,0,0,76,76,2850,2850,33,33,3,1.6363636363636365,0.4738292011019284,3,1.6363636363636365,0.4738292011019284
12986,<=3,1.0,1.0,1.0,1.0,1.0,1.0,1.0,1.0,22,0,0,22,22,231,231,10,10,3,1.6,0.64,3,1.6,0.64
12998,<=3,1.0,1.0,1.0,1.0,1.0,1.0,1.0,1.0,35,0,0,35,35,595,595,10,10,2,1.3,0.21000000000000002,2,1.3,0.21000000000000002
13000,<=3,1.0,1.0,1.0,1.0,1.0,1.0,1.0,1.0,131,0,0,131,131,8515,8515,34,34,3,1.9411764705882353,0.5847750865051903,3,1.9411764705882353,0.5847750865051903
13016,<=3,1.0,1.0,1.0,1.0,1.0,1.0,1.0,1.0,23,0,0,23,23,253,253,10,10,3,1.8,0.76,3,1.8,0.76
13020,<=3,1.0,1.0,1.0,1.0,1.0,1.0,1.0,1.0,190,0,0,190,190,17955,17955,32,32,3,1.9375,0.68359375,3,1.9375,0.68359375
13031,<=3,1.0,1.0,1.0,1.0,1.0,1.0,1.0,1.0,7,0,0,7,7,21,21,8,8,2,1.375,0.234375,2,1.375,0.234375
13035,<=3,1.0,1.0,1.0,1.0,1.0,1.0,1.0,1.0,73,0,0,73,73,2628,2628,26,26,3,1.8846153846153846,0.5636094674556212,3,1.8846153846153846,0.5636094674556212
13045,<=3,1.0,1.0,1.0,1.0,1.0,1.0,1.0,1.0,57,0,0,57,57,1596,1596,18,18,3,1.4444444444444444,0.46913580246913583,3,1.4444444444444444,0.46913580246913583
13061,<=3,1.0,1.0,1.0,1.0,1.0,1.0,1.0,1.0,110,0,0,110,110,5995,5995,11,11,3,1.6363636363636365,0.5950413223140496,3,1.6363636363636365,0.5950413223140496
13076,<=3,1.0,1.0,1.0,1.0,1.0,1.0,1.0,1.0,55,0,0,55,55,1485,1485,16,16,3,1.875,0.609375,3,1.875,0.609375
13082,<=3,1.0,1.0,1.0,1.0,1.0,1.0,1.0,1.0,35,0,0,35,35,595,595,18,18,3,1.4444444444444444,0.3580246913580247,3,1.4444444444444444,0.3580246913580247
13121,<=3,1.0,1.0,1.0,1.0,1.0,1.0,1.0,1.0,189,0,0,189,189,17766,17766,32,32,3,1.65625,0.4755859375,3,1.65625,0.4755859375
13124,<=3,1.0,1.0,1.0,1.0,1.0,1.0,1.0,1.0,104,0,0,104,104,5356,5356,33,33,3,2.242424242424242,0.6078971533516988,3,2.242424242424242,0.6078971533516988
13127,<=3,1.0,1.0,1.0,1.0,1.0,1.0,1.0,1.0,113,0,0,113,113,6328,6328,26,26,3,1.6153846153846154,0.3905325443786982,3,1.6153846153846154,0.3905325443786982
13129,<=3,1.0,1.0,1.0,1.0,1.0,1.0,1.0,1.0,67,0,0,67,67,2211,2211,19,19,3,1.368421052631579,0.3379501385041551,3,1.368421052631579,0.3379501385041551
13132,<=3,1.0,1.0,1.0,1.0,1.0,1.0,1.0,1.0,61,0,0,61,61,1830,1830,31,31,3,2.096774193548387,0.6035379812695109,3,2.096774193548387,0.6035379812695109
13140,<=3,1.0,1.0,1.0,1.0,1.0,1.0,1.0,1.0,135,0,0,135,135,9045,9045,43,43,3,1.813953488372093,0.5700378583017849,3,1.813953488372093,0.5700378583017849
13144,<=3,1.0,1.0,1.0,1.0,1.0,1.0,1.0,1.0,177,0,0,177,177,15576,15576,43,43,3,1.744186046511628,0.5159545700378583,3,1.744186046511628,0.5159545700378583
13145,<=3,1.0,1.0,1.0,1.0,1.0,1.0,1.0,1.0,10,0,0,10,10,45,45,6,6,2,1.3333333333333333,0.22222222222222224,2,1.3333333333333333,0.22222222222222224
13146,<=3,1.0,1.0,1.0,1.0,1.0,1.0,1.0,1.0,36,0,0,36,36,630,630,9,9,2,1.2222222222222223,0.1728395061728395,2,1.2222222222222223,0.1728395061728395
13148,<=3,1.0,1.0,1.0,1.0,1.0,1.0,1.0,1.0,135,0,0,135,135,9045,9045,36,36,3,2.1666666666666665,0.6388888888888887,3,2.1666666666666665,0.6388888888888887
13150,<=3,1.0,1.0,1.0,1.0,1.0,1.0,1.0,1.0,50,0,0,50,50,1225,1225,12,12,3,1.75,0.3541666666666667,3,1.75,0.3541666666666667
13158,<=3,1.0,1.0,1.0,1.0,1.0,1.0,1.0,1.0,29,0,0,29,29,406,406,15,15,3,1.9333333333333333,0.7288888888888889,3,1.9333333333333333,0.7288888888888889
13159,<=3,1.0,1.0,1.0,1.0,1.0,1.0,1.0,1.0,35,0,0,35,35,595,595,17,17,3,1.7647058823529411,0.532871972318339,3,1.7647058823529411,0.532871972318339
13160,<=3,1.0,1.0,1.0,1.0,1.0,1.0,1.0,1.0,19,0,0,19,19,171,171,12,12,2,1.4166666666666667,0.24305555555555555,2,1.4166666666666667,0.24305555555555555
13169,<=3,1.0,1.0,1.0,1.0,1.0,1.0,1.0,1.0,19,0,0,19,19,171,171,9,9,3,1.7777777777777777,0.3950617283950617,3,1.7777777777777777,0.3950617283950617
13172,<=3,1.0,1.0,1.0,1.0,1.0,1.0,1.0,1.0,114,0,0,114,114,6441,6441,51,51,3,2.0392156862745097,0.6259131103421761,3,2.0392156862745097,0.6259131103421761
13175,<=3,1.0,1.0,1.0,1.0,1.0,1.0,1.0,1.0,73,0,0,73,73,2628,2628,40,40,3,2.2,0.71,3,2.2,0.71
13176,<=3,1.0,1.0,1.0,1.0,1.0,1.0,1.0,1.0,47,0,0,47,47,1081,1081,28,28,3,1.9642857142857142,0.534438775510204,3,1.9642857142857142,0.534438775510204
13182,<=3,1.0,1.0,1.0,1.0,1.0,1.0,1.0,1.0,74,0,0,74,74,2701,2701,23,23,3,1.6956521739130435,0.7334593572778827,3,1.6956521739130435,0.7334593572778827
13195,<=3,1.0,1.0,1.0,1.0,1.0,1.0,1.0,1.0,27,0,0,27,27,351,351,21,21,3,2.0952380952380953,0.6575963718820863,3,2.0952380952380953,0.6575963718820863
13198,<=3,1.0,1.0,1.0,1.0,1.0,1.0,1.0,1.0,156,0,0,156,156,12090,12090,39,39,3,1.641025641025641,0.38395792241946086,3,1.641025641025641,0.38395792241946086
13202,<=3,1.0,1.0,1.0,1.0,1.0,1.0,1.0,1.0,38,0,0,38,38,703,703,25,25,3,1.92,0.5535999999999999,3,1.92,0.5535999999999999
13215,<=3,1.0,1.0,1.0,1.0,1.0,1.0,1.0,1.0,39,0,0,39,39,741,741,21,21,3,1.8095238095238095,0.5351473922902493,3,1.8095238095238095,0.5351473922902493
13220,<=3,1.0,1.0,1.0,1.0,1.0,1.0,1.0,1.0,108,0,0,108,108,5778,5778,35,35,3,1.9428571428571428,0.7395918367346941,3,1.9428571428571428,0.7395918367346941
13228,<=3,1.0,1.0,1.0,1.0,1.0,1.0,1.0,1.0,38,0,0,38,38,703,703,23,23,2,1.391304347826087,0.23818525519848768,2,1.391304347826087,0.23818525519848768
13232,<=3,1.0,1.0,1.0,1.0,1.0,1.0,1.0,1.0,43,0,0,43,43,903,903,18,18,3,1.7777777777777777,0.5061728395061729,3,1.7777777777777777,0.5061728395061729
13235,<=3,1.0,1.0,1.0,1.0,1.0,1.0,1.0,1.0,41,0,0,41,41,820,820,18,18,3,2.111111111111111,0.7654320987654322,3,2.111111111111111,0.7654320987654322
13252,<=3,1.0,1.0,1.0,1.0,1.0,1.0,1.0,1.0,54,0,0,54,54,1431,1431,30,30,3,1.5666666666666667,0.37888888888888883,3,1.5666666666666667,0.37888888888888883
13258,<=3,1.0,1.0,1.0,1.0,1.0,1.0,1.0,1.0,102,0,0,102,102,5151,5151,34,34,3,1.9705882352941178,0.5579584775086506,3,1.9705882352941178,0.5579584775086506
13267,<=3,1.0,1.0,1.0,1.0,1.0,1.0,1.0,1.0,75,0,0,75,75,2775,2775,42,42,3,2.119047619047619,0.4382086167800455,3,2.119047619047619,0.4382086167800455
13273,<=3,1.0,1.0,1.0,1.0,1.0,1.0,1.0,1.0,195,0,0,195,195,18915,18915,36,36,3,1.8888888888888888,0.4876543209876544,3,1.8888888888888888,0.4876543209876544
13274,<=3,1.0,1.0,1.0,1.0,1.0,1.0,1.0,1.0,63,0,0,63,63,1953,1953,37,37,3,2.108108108108108,0.5288531775018264,3,2.108108108108108,0.5288531775018264
13278,<=3,1.0,1.0,1.0,1.0,1.0,1.0,1.0,1.0,30,0,0,30,30,435,435,18,18,3,1.8888888888888888,0.54320987654321,3,1.8888888888888888,0.54320987654321
13284,<=3,1.0,1.0,1.0,1.0,1.0,1.0,1.0,1.0,48,0,0,48,48,1128,1128,18,18,3,1.6111111111111112,0.5709876543209877,3,1.6111111111111112,0.5709876543209877
13290,<=3,1.0,1.0,1.0,1.0,1.0,1.0,1.0,1.0,155,0,0,155,155,11935,11935,50,50,3,1.92,0.5136,3,1.92,0.5136
13292,<=3,1.0,1.0,1.0,1.0,1.0,1.0,1.0,1.0,69,0,0,69,69,2346,2346,37,37,3,1.837837837837838,0.5682980277574872,3,1.837837837837838,0.5682980277574872
13294,<=3,1.0,1.0,1.0,1.0,1.0,1.0,1.0,1.0,62,0,0,62,62,1891,1891,23,23,3,1.9130434782608696,0.6011342155009451,3,1.9130434782608696,0.6011342155009451
13300,<=3,1.0,1.0,1.0,1.0,1.0,1.0,1.0,1.0,32,0,0,32,32,496,496,13,13,2,1.5384615384615385,0.24852071005917153,2,1.5384615384615385,0.24852071005917153
13320,<=3,1.0,1.0,1.0,1.0,1.0,1.0,1.0,1.0,17,0,0,17,17,136,136,12,12,3,1.8333333333333333,0.638888888888889,3,1.8333333333333333,0.638888888888889
13325,<=3,1.0,1.0,1.0,1.0,1.0,1.0,1.0,1.0,91,0,0,91,91,4095,4095,33,33,3,1.5454545454545454,0.3691460055096419,3,1.5454545454545454,0.3691460055096419
13332,<=3,1.0,1.0,1.0,1.0,1.0,1.0,1.0,1.0,102,0,0,102,102,5151,5151,42,42,3,2.0,0.6190476190476191,3,2.0,0.6190476190476191
13336,<=3,1.0,1.0,1.0,1.0,1.0,1.0,1.0,1.0,58,0,0,58,58,1653,1653,29,29,3,1.6551724137931034,0.43281807372175973,3,1.6551724137931034,0.43281807372175973
13352,<=3,1.0,1.0,1.0,1.0,1.0,1.0,1.0,1.0,62,0,0,62,62,1891,1891,22,22,3,1.9090909090909092,0.537190082644628,3,1.9090909090909092,0.537190082644628
13355,<=3,1.0,1.0,1.0,1.0,1.0,1.0,1.0,1.0,95,0,0,95,95,4465,4465,40,40,3,2.0,0.6,3,2.0,0.6
13356,<=3,1.0,1.0,1.0,1.0,1.0,1.0,1.0,1.0,48,0,0,48,48,1128,1128,12,12,2,1.3333333333333333,0.22222222222222224,2,1.3333333333333333,0.22222222222222224
13357,<=3,1.0,1.0,1.0,1.0,1.0,1.0,1.0,1.0,36,0,0,36,36,630,630,22,22,3,1.4090909090909092,0.4235537190082645,3,1.4090909090909092,0.4235537190082645
13372,<=3,1.0,1.0,1.0,1.0,1.0,1.0,1.0,1.0,115,0,0,115,115,6555,6555,35,35,3,1.6,0.4114285714285713,3,1.6,0.4114285714285713
13383,<=3,1.0,1.0,1.0,1.0,1.0,1.0,1.0,1.0,104,0,0,104,104,5356,5356,28,28,3,1.6071428571428572,0.3813775510204081,3,1.6071428571428572,0.3813775510204081
13397,<=3,1.0,1.0,1.0,1.0,1.0,1.0,1.0,1.0,50,0,0,50,50,1225,1225,16,16,3,1.6875,0.33984375,3,1.6875,0.33984375
13415,<=3,1.0,1.0,1.0,1.0,1.0,1.0,1.0,1.0,61,0,0,61,61,1830,1830,22,22,3,2.0,0.5454545454545454,3,2.0,0.5454545454545454
13417,<=3,1.0,1.0,1.0,1.0,1.0,1.0,1.0,1.0,180,0,0,180,180,16110,16110,43,43,3,1.8372093023255813,0.5548945375878854,3,1.8372093023255813,0.5548945375878854
13420,<=3,1.0,1.0,1.0,1.0,1.0,1.0,1.0,1.0,138,0,0,138,138,9453,9453,32,32,3,1.625,0.421875,3,1.625,0.421875
13428,<=3,1.0,1.0,1.0,1.0,1.0,1.0,1.0,1.0,20,0,0,20,20,190,190,10,10,2,1.4,0.24000000000000005,2,1.4,0.24000000000000005
13445,<=3,1.0,1.0,1.0,1.0,1.0,1.0,1.0,1.0,68,0,0,68,68,2278,2278,31,31,3,1.8064516129032258,0.6077003121748178,3,1.8064516129032258,0.6077003121748178
13452,<=3,1.0,1.0,1.0,1.0,1.0,1.0,1.0,1.0,27,0,0,27,27,351,351,17,17,2,1.2941176470588236,0.20761245674740486,2,1.2941176470588236,0.20761245674740486
13455,<=3,1.0,1.0,1.0,1.0,1.0,1.0,1.0,1.0,149,0,0,149,149,11026,11026,43,43,3,2.116279069767442,0.5678745267712277,3,2.116279069767442,0.5678745267712277
13463,<=3,1.0,1.0,1.0,1.0,1.0,1.0,1.0,1.0,44,0,0,44,44,946,946,21,21,3,1.4761904761904763,0.43990929705215415,3,1.4761904761904763,0.43990929705215415
13465,<=3,1.0,1.0,1.0,1.0,1.0,1.0,1.0,1.0,124,0,0,124,124,7626,7626,36,36,3,2.2222222222222223,0.6172839506172837,3,2.2222222222222223,0.6172839506172837
13471,<=3,1.0,1.0,1.0,1.0,1.0,1.0,1.0,1.0,22,0,0,22,22,231,231,12,12,3,2.1666666666666665,0.6388888888888888,3,2.1666666666666665,0.6388888888888888
13473,<=3,1.0,1.0,1.0,1.0,1.0,1.0,1.0,1.0,45,0,0,45,45,990,990,19,19,3,2.0,0.5263157894736842,3,2.0,0.5263157894736842
13482,<=3,1.0,1.0,1.0,1.0,1.0,1.0,1.0,1.0,47,0,0,47,47,1081,1081,16,16,2,1.625,0.234375,2,1.625,0.234375
13490,<=3,1.0,1.0,1.0,1.0,1.0,1.0,1.0,1.0,22,0,0,22,22,231,231,15,15,2,1.4666666666666666,0.24888888888888885,2,1.4666666666666666,0.24888888888888885
13497,<=3,1.0,1.0,1.0,1.0,1.0,1.0,1.0,1.0,40,0,0,40,40,780,780,15,15,2,1.6666666666666667,0.22222222222222227,2,1.6666666666666667,0.22222222222222227
13524,<=3,1.0,1.0,1.0,1.0,1.0,1.0,1.0,1.0,41,0,0,41,41,820,820,11,11,3,1.6363636363636365,0.5950413223140496,3,1.6363636363636365,0.5950413223140496
13525,<=3,1.0,1.0,1.0,1.0,1.0,1.0,1.0,1.0,18,0,0,18,18,153,153,12,12,3,1.75,0.6875,3,1.75,0.6875
13528,<=3,1.0,1.0,1.0,1.0,1.0,1.0,1.0,1.0,121,0,0,121,121,7260,7260,44,44,3,2.022727272727273,0.5222107438016528,3,2.022727272727273,0.5222107438016528
13550,<=3,1.0,1.0,1.0,1.0,1.0,1.0,1.0,1.0,169,0,0,169,169,14196,14196,57,57,3,2.1403508771929824,0.6118805786395813,3,2.1403508771929824,0.6118805786395813
13556,<=3,1.0,1.0,1.0,1.0,1.0,1.0,1.0,1.0,50,0,0,50,50,1225,1225,20,20,3,1.9,0.6900000000000002,3,1.9,0.6900000000000002
13565,<=3,1.0,1.0,1.0,1.0,1.0,1.0,1.0,1.0,31,0,0,31,31,465,465,20,20,3,1.5,0.45,3,1.5,0.45
13568,<=3,1.0,1.0,1.0,1.0,1.0,1.0,1.0,1.0,34,0,0,34,34,561,561,8,8,2,1.5,0.25,2,1.5,0.25
13574,<=3,1.0,1.0,1.0,1.0,1.0,1.0,1.0,1.0,41,0,0,41,41,820,820,24,24,3,1.8333333333333333,0.638888888888889,3,1.8333333333333333,0.638888888888889
13578,<=3,1.0,1.0,1.0,1.0,1.0,1.0,1.0,1.0,38,0,0,38,38,703,703,16,16,3,1.6875,0.33984375,3,1.6875,0.33984375
13605,<=3,1.0,1.0,1.0,1.0,1.0,1.0,1.0,1.0,112,0,0,112,112,6216,6216,20,20,3,2.0,0.5,3,2.0,0.5
13616,<=3,1.0,1.0,1.0,1.0,1.0,1.0,1.0,1.0,57,0,0,57,57,1596,1596,29,29,3,2.0344827586206895,0.5850178359096314,3,2.0344827586206895,0.5850178359096314
13632,<=3,1.0,1.0,1.0,1.0,1.0,1.0,1.0,1.0,5,0,0,5,5,10,10,6,6,2,1.5,0.25,2,1.5,0.25
13636,<=3,1.0,1.0,1.0,1.0,1.0,1.0,1.0,1.0,56,0,0,56,56,1540,1540,34,34,3,1.7647058823529411,0.5916955017301037,3,1.7647058823529411,0.5916955017301037
13637,<=3,1.0,1.0,1.0,1.0,1.0,1.0,1.0,1.0,59,0,0,59,59,1711,1711,26,26,3,2.0,0.6153846153846154,3,2.0,0.6153846153846154
13639,<=3,1.0,1.0,1.0,1.0,1.0,1.0,1.0,1.0,50,0,0,50,50,1225,1225,29,29,3,2.310344827586207,0.6967895362663492,3,2.310344827586207,0.6967895362663492
13650,<=3,1.0,1.0,1.0,1.0,1.0,1.0,1.0,1.0,84,0,0,84,84,3486,3486,19,19,3,1.5789473684210527,0.45429362880886426,3,1.5789473684210527,0.45429362880886426
13662,<=3,1.0,1.0,1.0,1.0,1.0,1.0,1.0,1.0,96,0,0,96,96,4560,4560,39,39,3,1.6923076923076923,0.5719921104536491,3,1.6923076923076923,0.5719921104536491
13670,<=3,1.0,1.0,1.0,1.0,1.0,1.0,1.0,1.0,127,0,0,127,127,8001,8001,33,33,3,2.212121212121212,0.6519742883379246,3,2.212121212121212,0.6519742883379246
13671,<=3,1.0,1.0,1.0,1.0,1.0,1.0,1.0,1.0,28,0,0,28,28,378,378,16,16,3,1.75,0.5625,3,1.75,0.5625
13675,<=3,1.0,1.0,1.0,1.0,1.0,1.0,1.0,1.0,77,0,0,77,77,2926,2926,23,23,3,1.6956521739130435,0.5595463137996218,3,1.6956521739130435,0.5595463137996218
13678,<=3,1.0,1.0,1.0,1.0,1.0,1.0,1.0,1.0,67,0,0,67,67,2211,2211,27,27,3,1.8888888888888888,0.6913580246913582,3,1.8888888888888888,0.6913580246913582
13703,<=3,1.0,1.0,1.0,1.0,1.0,1.0,1.0,1.0,54,0,0,54,54,1431,1431,14,14,2,1.3571428571428572,0.22959183673469385,2,1.3571428571428572,0.22959183673469385
13714,<=3,1.0,1.0,1.0,1.0,1.0,1.0,1.0,1.0,13,0,0,13,13,78,78,10,10,2,1.2,0.16,2,1.2,0.16
13717,<=3,1.0,1.0,1.0,1.0,1.0,1.0,1.0,1.0,48,0,0,48,48,1128,1128,35,35,3,2.142857142857143,0.6938775510204083,3,2.142857142857143,0.6938775510204083
13719,<=3,1.0,1.0,1.0,1.0,1.0,1.0,1.0,1.0,114,0,0,114,114,6441,6441,37,37,3,1.6486486486486487,0.552227903579255,3,1.6486486486486487,0.552227903579255
13720,<=3,1.0,1.0,1.0,1.0,1.0,1.0,1.0,1.0,73,0,0,73,73,2628,2628,34,34,3,1.6764705882352942,0.4541522491349481,3,1.6764705882352942,0.4541522491349481
13721,<=3,1.0,1.0,1.0,1.0,1.0,1.0,1.0,1.0,86,0,0,86,86,3655,3655,29,29,3,2.0,0.4827586206896552,3,2.0,0.4827586206896552
13728,<=3,1.0,1.0,1.0,1.0,1.0,1.0,1.0,1.0,66,0,0,66,66,2145,2145,16,16,3,1.8125,0.52734375,3,1.8125,0.52734375
13731,<=3,1.0,1.0,1.0,1.0,1.0,1.0,1.0,1.0,75,0,0,75,75,2775,2775,26,26,3,1.5384615384615385,0.4023668639053254,3,1.5384615384615385,0.4023668639053254
13754,<=3,1.0,1.0,1.0,1.0,1.0,1.0,1.0,1.0,50,0,0,50,50,1225,1225,21,21,3,1.7142857142857142,0.5850340136054423,3,1.7142857142857142,0.5850340136054423
13763,<=3,1.0,1.0,1.0,1.0,1.0,1.0,1.0,1.0,32,0,0,32,32,496,496,19,19,3,2.0,0.631578947368421,3,2.0,0.631578947368421
13769,<=3,1.0,1.0,1.0,1.0,1.0,1.0,1.0,1.0,44,0,0,44,44,946,946,15,15,3,1.5333333333333334,0.3822222222222222,3,1.5333333333333334,0.3822222222222222
13783,<=3,1.0,1.0,1.0,1.0,1.0,1.0,1.0,1.0,52,0,0,52,52,1326,1326,27,27,3,2.259259259259259,0.7105624142661179,3,2.259259259259259,0.7105624142661179
13789,<=3,1.0,1.0,1.0,1.0,1.0,1.0,1.0,1.0,19,0,0,19,19,171,171,13,13,3,1.6923076923076923,0.6745562130177516,3,1.6923076923076923,0.6745562130177516
13797,<=3,1.0,1.0,1.0,1.0,1.0,1.0,1.0,1.0,120,0,0,120,120,7140,7140,19,19,3,1.9473684210526316,0.7867036011080333,3,1.9473684210526316,0.7867036011080333
13800,<=3,1.0,1.0,1.0,1.0,1.0,1.0,1.0,1.0,18,0,0,18,18,153,153,11,11,3,1.5454545454545454,0.42975206611570244,3,1.5454545454545454,0.42975206611570244
13802,<=3,1.0,1.0,1.0,1.0,1.0,1.0,1.0,1.0,12,0,0,12,12,66,66,10,10,2,1.5,0.25,2,1.5,0.25
13815,<=3,1.0,1.0,1.0,1.0,1.0,1.0,1.0,1.0,58,0,0,58,58,1653,1653,36,36,3,1.8611111111111112,0.5084876543209876,3,1.8611111111111112,0.5084876543209876
13832,<=3,1.0,1.0,1.0,1.0,1.0,1.0,1.0,1.0,33,0,0,33,33,528,528,12,12,2,1.3333333333333333,0.22222222222222224,2,1.3333333333333333,0.22222222222222224
13835,<=3,1.0,1.0,1.0,1.0,1.0,1.0,1.0,1.0,142,0,0,142,142,10011,10011,31,31,3,1.8709677419354838,0.6285119667013527,3,1.8709677419354838,0.6285119667013527
13843,<=3,1.0,1.0,1.0,1.0,1.0,1.0,1.0,1.0,45,0,0,45,45,990,990,18,18,3,2.111111111111111,0.654320987654321,3,2.111111111111111,0.654320987654321
13844,<=3,1.0,1.0,1.0,1.0,1.0,1.0,1.0,1.0,47,0,0,47,47,1081,1081,26,26,3,2.423076923076923,0.551775147928994,3,2.423076923076923,0.551775147928994
13856,<=3,1.0,1.0,1.0,1.0,1.0,1.0,1.0,1.0,54,0,0,54,54,1431,1431,23,23,3,2.130434782608696,0.722117202268431,3,2.130434782608696,0.722117202268431
13874,<=3,1.0,1.0,1.0,1.0,1.0,1.0,1.0,1.0,63,0,0,63,63,1953,1953,29,29,3,2.413793103448276,0.5873959571938168,3,2.413793103448276,0.5873959571938168
13876,<=3,1.0,1.0,1.0,1.0,1.0,1.0,1.0,1.0,123,0,0,123,123,7503,7503,16,16,3,2.0,0.625,3,2.0,0.625
13879,<=3,1.0,1.0,1.0,1.0,1.0,1.0,1.0,1.0,27,0,0,27,27,351,351,14,14,3,1.7857142857142858,0.7397959183673471,3,1.7857142857142858,0.7397959183673471
13882,<=3,1.0,1.0,1.0,1.0,1.0,1.0,1.0,1.0,39,0,0,39,39,741,741,25,25,3,1.68,0.4576,3,1.68,0.4576
13892,<=3,1.0,1.0,1.0,1.0,1.0,1.0,1.0,1.0,41,0,0,41,41,820,820,18,18,3,1.8333333333333333,0.6944444444444444,3,1.8333333333333333,0.6944444444444444
13893,<=3,1.0,1.0,1.0,1.0,1.0,1.0,1.0,1.0,51,0,0,51,51,1275,1275,22,22,3,1.9090909090909092,0.6280991735537189,3,1.9090909090909092,0.6280991735537189
13900,<=3,1.0,1.0,1.0,1.0,1.0,1.0,1.0,1.0,43,0,0,43,43,903,903,23,23,3,1.565217391304348,0.332703213610586,3,1.565217391304348,0.332703213610586
13901,<=3,1.0,1.0,1.0,1.0,1.0,1.0,1.0,1.0,65,0,0,65,65,2080,2080,30,30,3,2.066666666666667,0.6622222222222225,3,2.066666666666667,0.6622222222222225
13904,<=3,1.0,1.0,1.0,1.0,1.0,1.0,1.0,1.0,198,0,0,198,198,19503,19503,34,34,3,2.0,0.5882352941176471,3,2.0,0.5882352941176471
13908,<=3,1.0,1.0,1.0,1.0,1.0,1.0,1.0,1.0,53,0,0,53,53,1378,1378,22,22,3,2.3181818181818183,0.6714876033057853,3,2.3181818181818183,0.6714876033057853
13914,<=3,1.0,1.0,1.0,1.0,1.0,1.0,1.0,1.0,9,0,0,9,9,36,36,7,7,2,1.5714285714285714,0.24489795918367346,2,1.5714285714285714,0.24489795918367346
13916,<=3,1.0,1.0,1.0,1.0,1.0,1.0,1.0,1.0,57,0,0,57,57,1596,1596,36,36,3,1.6111111111111112,0.4598765432098766,3,1.6111111111111112,0.4598765432098766
13921,<=3,1.0,1.0,1.0,1.0,1.0,1.0,1.0,1.0,29,0,0,29,29,406,406,19,19,3,1.7894736842105263,0.5872576177285319,3,1.7894736842105263,0.5872576177285319
13922,<=3,1.0,1.0,1.0,1.0,1.0,1.0,1.0,1.0,6,0,0,6,6,15,15,5,5,2,1.2,0.16,2,1.2,0.16
13934,<=3,1.0,1.0,1.0,1.0,1.0,1.0,1.0,1.0,92,0,0,92,92,4186,4186,28,28,3,1.8214285714285714,0.5752551020408163,3,1.8214285714285714,0.5752551020408163
13938,<=3,1.0,1.0,1.0,1.0,1.0,1.0,1.0,1.0,69,0,0,69,69,2346,2346,18,18,3,1.5,0.3611111111111111,3,1.5,0.3611111111111111
13943,<=3,1.0,1.0,1.0,1.0,1.0,1.0,1.0,1.0,100,0,0,100,100,4950,4950,49,49,3,2.122448979591837,0.5156184922948771,3,2.122448979591837,0.5156184922948771
13948,<=3,1.0,1.0,1.0,1.0,1.0,1.0,1.0,1.0,40,0,0,40,40,780,780,15,15,3,1.8666666666666667,0.648888888888889,3,1.8666666666666667,0.648888888888889
13949,<=3,1.0,1.0,1.0,1.0,1.0,1.0,1.0,1.0,54,0,0,54,54,1431,1431,16,16,2,1.3125,0.21484375,2,1.3125,0.21484375
13965,<=3,1.0,1.0,1.0,1.0,1.0,1.0,1.0,1.0,108,0,0,108,108,5778,5778,35,35,3,1.6285714285714286,0.34775510204081633,3,1.6285714285714286,0.34775510204081633
13967,<=3,1.0,1.0,1.0,1.0,1.0,1.0,1.0,1.0,27,0,0,27,27,351,351,17,17,3,1.8235294117647058,0.7335640138408305,3,1.8235294117647058,0.7335640138408305
13969,<=3,1.0,1.0,1.0,1.0,1.0,1.0,1.0,1.0,72,0,0,72,72,2556,2556,29,29,3,1.9310344827586208,0.5469678953626634,3,1.9310344827586208,0.5469678953626634
13979,<=3,1.0,1.0,1.0,1.0,1.0,1.0,1.0,1.0,33,0,0,33,33,528,528,15,15,3,2.2666666666666666,0.5955555555555558,3,2.2666666666666666,0.5955555555555558
13985,<=3,1.0,1.0,1.0,1.0,1.0,1.0,1.0,1.0,107,0,0,107,107,5671,5671,51,51,3,1.8627450980392157,0.5105728565936178,3,1.8627450980392157,0.5105728565936178
13986,<=3,1.0,1.0,1.0,1.0,1.0,1.0,1.0,1.0,21,0,0,21,21,210,210,11,11,3,1.8181818181818181,0.5123966942148761,3,1.8181818181818181,0.5123966942148761
13988,<=3,1.0,1.0,1.0,1.0,1.0,1.0,1.0,1.0,38,0,0,38,38,703,703,19,19,3,1.5263157894736843,0.3545706371191136,3,1.5263157894736843,0.3545706371191136
13991,<=3,1.0,1.0,1.0,1.0,1.0,1.0,1.0,1.0,67,0,0,67,67,2211,2211,13,13,2,1.1538461538461537,0.13017751479289943,2,1.1538461538461537,0.13017751479289943
13992,<=3,1.0,1.0,1.0,1.0,1.0,1.0,1.0,1.0,44,0,0,44,44,946,946,20,20,2,1.45,0.2475,2,1.45,0.2475
13995,<=3,1.0,1.0,1.0,1.0,1.0,1.0,1.0,1.0,43,0,0,43,43,903,903,8,8,2,1.25,0.1875,2,1.25,0.1875
14006,<=3,1.0,1.0,1.0,1.0,1.0,1.0,1.0,1.0,30,0,0,30,30,435,435,13,13,3,1.4615384615384615,0.4023668639053254,3,1.4615384615384615,0.4023668639053254
14008,<=3,1.0,1.0,1.0,1.0,1.0,1.0,1.0,1.0,58,0,0,58,58,1653,1653,20,20,3,1.85,0.5275,3,1.85,0.5275
14025,<=3,1.0,1.0,1.0,1.0,1.0,1.0,1.0,1.0,5,0,0,5,5,10,10,5,5,3,1.6,0.64,3,1.6,0.64
14029,<=3,1.0,1.0,1.0,1.0,1.0,1.0,1.0,1.0,29,0,0,29,29,406,406,17,17,3,2.176470588235294,0.615916955017301,3,2.176470588235294,0.615916955017301
14034,<=3,1.0,1.0,1.0,1.0,1.0,1.0,1.0,1.0,23,0,0,23,23,253,253,12,12,3,1.8333333333333333,0.47222222222222227,3,1.8333333333333333,0.47222222222222227
14056,<=3,1.0,1.0,1.0,1.0,1.0,1.0,1.0,1.0,68,0,0,68,68,2278,2278,17,17,3,1.6470588235294117,0.46366782006920415,3,1.6470588235294117,0.46366782006920415
14070,<=3,1.0,1.0,1.0,1.0,1.0,1.0,1.0,1.0,65,0,0,65,65,2080,2080,25,25,3,1.92,0.7135999999999999,3,1.92,0.7135999999999999
14073,<=3,1.0,1.0,1.0,1.0,1.0,1.0,1.0,1.0,65,0,0,65,65,2080,2080,24,24,3,1.5,0.5,3,1.5,0.5
14088,<=3,1.0,1.0,1.0,1.0,1.0,1.0,1.0,1.0,90,0,0,90,90,4005,4005,44,44,3,1.8181818181818181,0.6487603305785122,3,1.8181818181818181,0.6487603305785122
14089,<=3,1.0,1.0,1.0,1.0,1.0,1.0,1.0,1.0,122,0,0,122,122,7381,7381,37,37,3,1.9189189189189189,0.669101533966399,3,1.9189189189189189,0.669101533966399
14090,<=3,1.0,1.0,1.0,1.0,1.0,1.0,1.0,1.0,57,0,0,57,57,1596,1596,37,37,3,2.2972972972972974,0.5332359386413442,3,2.2972972972972974,0.5332359386413442
14108,<=3,1.0,1.0,1.0,1.0,1.0,1.0,1.0,1.0,54,0,0,54,54,1431,1431,27,27,3,1.5555555555555556,0.32098765432098764,3,1.5555555555555556,0.32098765432098764
14125,<=3,1.0,1.0,1.0,1.0,1.0,1.0,1.0,1.0,145,0,0,145,145,10440,10440,29,29,3,1.9310344827586208,0.6159334126040428,3,1.9310344827586208,0.6159334126040428
14128,<=3,1.0,1.0,1.0,1.0,1.0,1.0,1.0,1.0,97,0,0,97,97,4656,4656,44,44,3,2.0,0.5909090909090909,3,2.0,0.5909090909090909
14135,<=3,1.0,1.0,1.0,1.0,1.0,1.0,1.0,1.0,60,0,0,60,60,1770,1770,30,30,3,2.1,0.6899999999999998,3,2.1,0.6899999999999998
14152,<=3,1.0,1.0,1.0,1.0,1.0,1.0,1.0,1.0,179,0,0,179,179,15931,15931,70,70,3,2.0,0.4857142857142857,3,2.0,0.4857142857142857
14159,<=3,1.0,1.0,1.0,1.0,1.0,1.0,1.0,1.0,249,0,0,249,249,30876,30876,65,65,3,1.9538461538461538,0.5671005917159763,3,1.9538461538461538,0.5671005917159763
14168,<=3,1.0,1.0,1.0,1.0,1.0,1.0,1.0,1.0,18,0,0,18,18,153,153,12,12,3,2.25,0.6875,3,2.25,0.6875
14175,<=3,1.0,1.0,1.0,1.0,1.0,1.0,1.0,1.0,115,0,0,115,115,6555,6555,46,46,3,1.8043478260869565,0.5051984877126654,3,1.8043478260869565,0.5051984877126654
14180,<=3,1.0,1.0,1.0,1.0,1.0,1.0,1.0,1.0,42,0,0,42,42,861,861,27,27,3,2.2962962962962963,0.578875171467764,3,2.2962962962962963,0.578875171467764
14203,<=3,1.0,1.0,1.0,1.0,1.0,1.0,1.0,1.0,77,0,0,77,77,2926,2926,24,24,3,2.0,0.5833333333333334,3,2.0,0.5833333333333334
14209,<=3,1.0,1.0,1.0,1.0,1.0,1.0,1.0,1.0,15,0,0,15,15,105,105,8,8,2,1.125,0.109375,2,1.125,0.109375
14230,<=3,1.0,1.0,1.0,1.0,1.0,1.0,1.0,1.0,202,0,0,202,202,20301,20301,36,36,3,1.9444444444444444,0.6635802469135801,3,1.9444444444444444,0.6635802469135801
14248,<=3,1.0,1.0,1.0,1.0,1.0,1.0,1.0,1.0,36,0,0,36,36,630,630,20,20,3,2.1,0.6900000000000002,3,2.1,0.6900000000000002
14252,<=3,1.0,1.0,1.0,1.0,1.0,1.0,1.0,1.0,45,0,0,45,45,990,990,23,23,3,2.347826086956522,0.5746691871455577,3,2.347826086956522,0.5746691871455577
14253,<=3,1.0,1.0,1.0,1.0,1.0,1.0,1.0,1.0,54,0,0,54,54,1431,1431,29,29,3,1.8620689655172413,0.5326991676575503,3,1.8620689655172413,0.5326991676575503
14261,<=3,1.0,1.0,1.0,1.0,1.0,1.0,1.0,1.0,26,0,0,26,26,325,325,19,19,3,2.1578947368421053,0.6592797783933518,3,2.1578947368421053,0.6592797783933518
14265,<=3,1.0,1.0,1.0,1.0,1.0,1.0,1.0,1.0,87,0,0,87,87,3741,3741,25,25,3,1.68,0.5376,3,1.68,0.5376
14269,<=3,1.0,1.0,1.0,1.0,1.0,1.0,1.0,1.0,39,0,0,39,39,741,741,17,17,3,1.4705882352941178,0.3667820069204153,3,1.4705882352941178,0.3667820069204153
14271,<=3,1.0,1.0,1.0,1.0,1.0,1.0,1.0,1.0,35,0,0,35,35,595,595,18,18,3,2.0,0.6666666666666666,3,2.0,0.6666666666666666
14276,<=3,1.0,1.0,1.0,1.0,1.0,1.0,1.0,1.0,19,0,0,19,19,171,171,15,15,3,2.1333333333333333,0.6488888888888888,3,2.1333333333333333,0.6488888888888888
14281,<=3,1.0,1.0,1.0,1.0,1.0,1.0,1.0,1.0,50,0,0,50,50,1225,1225,28,28,3,2.0714285714285716,0.7091836734693876,3,2.0714285714285716,0.7091836734693876
14282,<=3,1.0,1.0,1.0,1.0,1.0,1.0,1.0,1.0,49,0,0,49,49,1176,1176,25,25,3,1.6,0.6399999999999999,3,1.6,0.6399999999999999
14283,<=3,1.0,1.0,1.0,1.0,1.0,1.0,1.0,1.0,37,0,0,37,37,666,666,16,16,3,2.0625,0.68359375,3,2.0625,0.68359375
14285,<=3,1.0,1.0,1.0,1.0,1.0,1.0,1.0,1.0,78,0,0,78,78,3003,3003,31,31,3,1.6774193548387097,0.5411030176899062,3,1.6774193548387097,0.5411030176899062
14290,<=3,1.0,1.0,1.0,1.0,1.0,1.0,1.0,1.0,74,0,0,74,74,2701,2701,28,28,3,1.8928571428571428,0.4528061224489796,3,1.8928571428571428,0.4528061224489796
14297,<=3,1.0,1.0,1.0,1.0,1.0,1.0,1.0,1.0,143,0,0,143,143,10153,10153,57,57,3,2.0,0.49122807017543857,3,2.0,0.49122807017543857
14306,<=3,1.0,1.0,1.0,1.0,1.0,1.0,1.0,1.0,101,0,0,101,101,5050,5050,48,48,3,1.6458333333333333,0.31206597222222227,3,1.6458333333333333,0.31206597222222227
14307,<=3,1.0,1.0,1.0,1.0,1.0,1.0,1.0,1.0,9,0,0,9,9,36,36,8,8,2,1.5,0.25,2,1.5,0.25
14319,<=3,1.0,1.0,1.0,1.0,1.0,1.0,1.0,1.0,44,0,0,44,44,946,946,22,22,3,1.5454545454545454,0.33884297520661155,3,1.5454545454545454,0.33884297520661155
14321,<=3,1.0,1.0,1.0,1.0,1.0,1.0,1.0,1.0,139,0,0,139,139,9591,9591,38,38,3,2.0526315789473686,0.5761772853185597,3,2.0526315789473686,0.5761772853185597
14329,<=3,1.0,1.0,1.0,1.0,1.0,1.0,1.0,1.0,27,0,0,27,27,351,351,11,11,2,1.0909090909090908,0.08264462809917356,2,1.0909090909090908,0.08264462809917356
14335,<=3,1.0,1.0,1.0,1.0,1.0,1.0,1.0,1.0,77,0,0,77,77,2926,2926,36,36,3,1.6944444444444444,0.48996913580246904,3,1.6944444444444444,0.48996913580246904
14337,<=3,1.0,1.0,1.0,1.0,1.0,1.0,1.0,1.0,106,0,0,106,106,5565,5565,22,22,3,1.8636363636363635,0.5723140495867769,3,1.8636363636363635,0.5723140495867769
14338,<=3,1.0,1.0,1.0,1.0,1.0,1.0,1.0,1.0,49,0,0,49,49,1176,1176,22,22,3,2.1363636363636362,0.663223140495868,3,2.1363636363636362,0.663223140495868
14352,<=3,1.0,1.0,1.0,1.0,1.0,1.0,1.0,1.0,58,0,0,58,58,1653,1653,21,21,2,1.380952380952381,0.23582766439909295,2,1.380952380952381,0.23582766439909295
14357,<=3,1.0,1.0,1.0,1.0,1.0,1.0,1.0,1.0,17,0,0,17,17,136,136,12,12,3,1.6666666666666667,0.3888888888888889,3,1.6666666666666667,0.3888888888888889
14366,<=3,1.0,1.0,1.0,1.0,1.0,1.0,1.0,1.0,75,0,0,75,75,2775,2775,9,9,2,1.4444444444444444,0.2469135802469136,2,1.4444444444444444,0.2469135802469136
14367,<=3,1.0,1.0,1.0,1.0,1.0,1.0,1.0,1.0,117,0,0,117,117,6786,6786,39,39,3,1.8974358974358974,0.6048652202498358,3,1.8974358974358974,0.6048652202498358
14375,<=3,1.0,1.0,1.0,1.0,1.0,1.0,1.0,1.0,155,0,0,155,155,11935,11935,38,38,3,2.0789473684210527,0.5990304709141274,3,2.0789473684210527,0.5990304709141274
14377,<=3,1.0,1.0,1.0,1.0,1.0,1.0,1.0,1.0,76,0,0,76,76,2850,2850,20,20,3,1.95,0.5475,3,1.95,0.5475
14385,<=3,1.0,1.0,1.0,1.0,1.0,1.0,1.0,1.0,45,0,0,45,45,990,990,23,23,3,1.391304347826087,0.32514177693761814,3,1.391304347826087,0.32514177693761814
14396,<=3,1.0,1.0,1.0,1.0,1.0,1.0,1.0,1.0,38,0,0,38,38,703,703,14,14,2,1.5714285714285714,0.24489795918367346,2,1.5714285714285714,0.24489795918367346
14402,<=3,1.0,1.0,1.0,1.0,1.0,1.0,1.0,1.0,49,0,0,49,49,1176,1176,28,28,3,2.0357142857142856,0.6772959183673471,3,2.0357142857142856,0.6772959183673471
14412,<=3,1.0,1.0,1.0,1.0,1.0,1.0,1.0,1.0,26,0,0,26,26,325,325,20,20,3,2.1,0.5900000000000001,3,2.1,0.5900000000000001
14430,<=3,1.0,1.0,1.0,1.0,1.0,1.0,1.0,1.0,31,0,0,31,31,465,465,14,14,3,1.8571428571428572,0.6938775510204082,3,1.8571428571428572,0.6938775510204082
14432,<=3,1.0,1.0,1.0,1.0,1.0,1.0,1.0,1.0,35,0,0,35,35,595,595,18,18,3,1.4444444444444444,0.3580246913580247,3,1.4444444444444444,0.3580246913580247
14470,<=3,1.0,1.0,1.0,1.0,1.0,1.0,1.0,1.0,72,0,0,72,72,2556,2556,24,24,3,1.9583333333333333,0.623263888888889,3,1.9583333333333333,0.623263888888889
14475,<=3,1.0,1.0,1.0,1.0,1.0,1.0,1.0,1.0,10,0,0,10,10,45,45,9,9,3,1.7777777777777777,0.6172839506172839,3,1.7777777777777777,0.6172839506172839
14477,<=3,1.0,1.0,1.0,1.0,1.0,1.0,1.0,1.0,128,0,0,128,128,8128,8128,28,28,3,1.8214285714285714,0.7895408163265306,3,1.8214285714285714,0.7895408163265306
14483,<=3,1.0,1.0,1.0,1.0,1.0,1.0,1.0,1.0,31,0,0,31,31,465,465,5,5,2,1.4,0.24,2,1.4,0.24
14484,<=3,1.0,1.0,1.0,1.0,1.0,1.0,1.0,1.0,114,0,0,114,114,6441,6441,44,44,3,1.9772727272727273,0.522210743801653,3,1.9772727272727273,0.522210743801653
14487,<=3,1.0,1.0,1.0,1.0,1.0,1.0,1.0,1.0,32,0,0,32,32,496,496,15,15,3,2.0,0.6666666666666666,3,2.0,0.6666666666666666
14488,<=3,1.0,1.0,1.0,1.0,1.0,1.0,1.0,1.0,57,0,0,57,57,1596,1596,16,16,3,1.625,0.359375,3,1.625,0.359375
14502,<=3,1.0,1.0,1.0,1.0,1.0,1.0,1.0,1.0,104,0,0,104,104,5356,5356,40,40,3,2.1,0.74,3,2.1,0.74
14526,<=3,1.0,1.0,1.0,1.0,1.0,1.0,1.0,1.0,101,0,0,101,101,5050,5050,23,23,3,1.9130434782608696,0.6011342155009451,3,1.9130434782608696,0.6011342155009451
14533,<=3,1.0,1.0,1.0,1.0,1.0,1.0,1.0,1.0,69,0,0,69,69,2346,2346,37,37,3,1.972972972972973,0.620891161431702,3,1.972972972972973,0.620891161431702
14536,<=3,1.0,1.0,1.0,1.0,1.0,1.0,1.0,1.0,18,0,0,18,18,153,153,14,14,2,1.5,0.25,2,1.5,0.25
14537,<=3,1.0,1.0,1.0,1.0,1.0,1.0,1.0,1.0,44,0,0,44,44,946,946,27,27,3,2.5185185185185186,0.47187928669410145,3,2.5185185185185186,0.47187928669410145
14543,<=3,1.0,1.0,1.0,1.0,1.0,1.0,1.0,1.0,106,0,0,106,106,5565,5565,20,20,3,1.85,0.6275,3,1.85,0.6275
14547,<=3,1.0,1.0,1.0,1.0,1.0,1.0,1.0,1.0,45,0,0,45,45,990,990,23,23,3,2.130434782608696,0.6351606805293006,3,2.130434782608696,0.6351606805293006
14549,<=3,1.0,1.0,1.0,1.0,1.0,1.0,1.0,1.0,46,0,0,46,46,1035,1035,26,26,3,2.5,0.5576923076923077,3,2.5,0.5576923076923077
14557,<=3,1.0,1.0,1.0,1.0,1.0,1.0,1.0,1.0,21,0,0,21,21,210,210,11,11,3,2.272727272727273,0.5619834710743803,3,2.272727272727273,0.5619834710743803
14562,<=3,1.0,1.0,1.0,1.0,1.0,1.0,1.0,1.0,73,0,0,73,73,2628,2628,39,39,3,2.2051282051282053,0.6245890861275479,3,2.2051282051282053,0.6245890861275479
14567,<=3,1.0,1.0,1.0,1.0,1.0,1.0,1.0,1.0,19,0,0,19,19,171,171,11,11,3,1.8181818181818181,0.33057851239669417,3,1.8181818181818181,0.33057851239669417
14575,<=3,1.0,1.0,1.0,1.0,1.0,1.0,1.0,1.0,53,0,0,53,53,1378,1378,16,16,3,1.5625,0.37109375,3,1.5625,0.37109375
14591,<=3,1.0,1.0,1.0,1.0,1.0,1.0,1.0,1.0,57,0,0,57,57,1596,1596,32,32,3,1.9375,0.62109375,3,1.9375,0.62109375
14592,<=3,1.0,1.0,1.0,1.0,1.0,1.0,1.0,1.0,33,0,0,33,33,528,528,19,19,3,2.0526315789473686,0.5761772853185595,3,2.0526315789473686,0.5761772853185595
14600,<=3,1.0,1.0,1.0,1.0,1.0,1.0,1.0,1.0,27,0,0,27,27,351,351,17,17,3,2.2941176470588234,0.5605536332179932,3,2.2941176470588234,0.5605536332179932
14611,<=3,1.0,1.0,1.0,1.0,1.0,1.0,1.0,1.0,91,0,0,91,91,4095,4095,28,28,3,1.6785714285714286,0.6466836734693879,3,1.6785714285714286,0.6466836734693879
14619,<=3,1.0,1.0,1.0,1.0,1.0,1.0,1.0,1.0,88,0,0,88,88,3828,3828,15,15,3,1.6,0.5066666666666667,3,1.6,0.5066666666666667
14635,<=3,1.0,1.0,1.0,1.0,1.0,1.0,1.0,1.0,200,0,0,200,200,19900,19900,67,67,3,1.9701492537313432,0.6259746045889955,3,1.9701492537313432,0.6259746045889955
14644,<=3,1.0,1.0,1.0,1.0,1.0,1.0,1.0,1.0,30,0,0,30,30,435,435,19,19,3,1.7894736842105263,0.4819944598337951,3,1.7894736842105263,0.4819944598337951
14662,<=3,1.0,1.0,1.0,1.0,1.0,1.0,1.0,1.0,53,0,0,53,53,1378,1378,14,14,3,1.5,0.39285714285714285,3,1.5,0.39285714285714285
14676,<=3,1.0,1.0,1.0,1.0,1.0,1.0,1.0,1.0,90,0,0,90,90,4005,4005,29,29,3,1.5862068965517242,0.3115338882282996,3,1.5862068965517242,0.3115338882282996
14677,<=3,1.0,1.0,1.0,1.0,1.0,1.0,1.0,1.0,58,0,0,58,58,1653,1653,18,18,3,2.0,0.6666666666666666,3,2.0,0.6666666666666666
14683,<=3,1.0,1.0,1.0,1.0,1.0,1.0,1.0,1.0,83,0,0,83,83,3403,3403,29,29,3,2.2413793103448274,0.5279429250891795,3,2.2413793103448274,0.5279429250891795
14686,<=3,1.0,1.0,1.0,1.0,1.0,1.0,1.0,1.0,99,0,0,99,99,4851,4851,23,23,3,1.826086956521739,0.665406427221172,3,1.826086956521739,0.665406427221172
14691,<=3,1.0,1.0,1.0,1.0,1.0,1.0,1.0,1.0,19,0,0,19,19,171,171,7,7,3,1.8571428571428572,0.6938775510204082,3,1.8571428571428572,0.6938775510204082
14698,<=3,1.0,1.0,1.0,1.0,1.0,1.0,1.0,1.0,103,0,0,103,103,5253,5253,54,54,3,2.1666666666666665,0.5462962962962961,3,2.1666666666666665,0.5462962962962961
14707,<=3,1.0,1.0,1.0,1.0,1.0,1.0,1.0,1.0,15,0,0,15,15,105,105,8,8,3,2.0,0.5,3,2.0,0.5
14723,<=3,1.0,1.0,1.0,1.0,1.0,1.0,1.0,1.0,24,0,0,24,24,276,276,12,12,2,1.5,0.25,2,1.5,0.25
14726,<=3,1.0,1.0,1.0,1.0,1.0,1.0,1.0,1.0,189,0,0,189,189,17766,17766,50,50,3,2.28,0.5215999999999998,3,2.28,0.5215999999999998
14728,<=3,1.0,1.0,1.0,1.0,1.0,1.0,1.0,1.0,91,0,0,91,91,4095,4095,13,13,2,1.4615384615384615,0.24852071005917153,2,1.4615384615384615,0.24852071005917153
14736,<=3,1.0,1.0,1.0,1.0,1.0,1.0,1.0,1.0,83,0,0,83,83,3403,3403,27,27,3,1.7037037037037037,0.50480109739369,3,1.7037037037037037,0.50480109739369
14740,<=3,1.0,1.0,1.0,1.0,1.0,1.0,1.0,1.0,63,0,0,63,63,1953,1953,35,35,3,2.0,0.5714285714285714,3,2.0,0.5714285714285714
14743,<=3,1.0,1.0,1.0,1.0,1.0,1.0,1.0,1.0,75,0,0,75,75,2775,2775,23,23,3,1.7826086956521738,0.5179584120982986,3,1.7826086956521738,0.5179584120982986
14748,<=3,1.0,1.0,1.0,1.0,1.0,1.0,1.0,1.0,52,0,0,52,52,1326,1326,29,29,3,1.8275862068965518,0.6254458977407846,3,1.8275862068965518,0.6254458977407846
14750,<=3,1.0,1.0,1.0,1.0,1.0,1.0,1.0,1.0,111,0,0,111,111,6105,6105,24,24,3,1.8333333333333333,0.3888888888888889,3,1.8333333333333333,0.3888888888888889
14756,<=3,1.0,1.0,1.0,1.0,1.0,1.0,1.0,1.0,73,0,0,73,73,2628,2628,35,35,3,2.4,0.5828571428571429,3,2.4,0.5828571428571429
14759,<=3,1.0,1.0,1.0,1.0,1.0,1.0,1.0,1.0,17,0,0,17,17,136,136,5,5,2,1.4,0.24,2,1.4,0.24
14764,<=3,1.0,1.0,1.0,1.0,1.0,1.0,1.0,1.0,22,0,0,22,22,231,231,14,14,3,1.8571428571428572,0.5510204081632653,3,1.8571428571428572,0.5510204081632653
14766,<=3,1.0,1.0,1.0,1.0,1.0,1.0,1.0,1.0,26,0,0,26,26,325,325,17,17,3,2.176470588235294,0.615916955017301,3,2.176470588235294,0.615916955017301
14768,<=3,1.0,1.0,1.0,1.0,1.0,1.0,1.0,1.0,64,0,0,64,64,2016,2016,26,26,3,2.3076923076923075,0.7514792899408284,3,2.3076923076923075,0.7514792899408284
14769,<=3,1.0,1.0,1.0,1.0,1.0,1.0,1.0,1.0,59,0,0,59,59,1711,1711,18,18,3,2.2777777777777777,0.6450617283950616,3,2.2777777777777777,0.6450617283950616
14773,<=3,1.0,1.0,1.0,1.0,1.0,1.0,1.0,1.0,50,0,0,50,50,1225,1225,22,22,3,1.5454545454545454,0.33884297520661155,3,1.5454545454545454,0.33884297520661155
14783,<=3,1.0,1.0,1.0,1.0,1.0,1.0,1.0,1.0,8,0,0,8,8,28,28,4,4,2,1.25,0.1875,2,1.25,0.1875
14795,<=3,1.0,1.0,1.0,1.0,1.0,1.0,1.0,1.0,85,0,0,85,85,3570,3570,23,23,3,2.0434782608695654,0.6502835538752361,3,2.0434782608695654,0.6502835538752361
14798,<=3,1.0,1.0,1.0,1.0,1.0,1.0,1.0,1.0,319,0,0,319,319,50721,50721,23,23,3,2.0,0.6086956521739131,3,2.0,0.6086956521739131
14801,<=3,1.0,1.0,1.0,1.0,1.0,1.0,1.0,1.0,45,0,0,45,45,990,990,25,25,3,1.84,0.6144,3,1.84,0.6144
14804,<=3,1.0,1.0,1.0,1.0,1.0,1.0,1.0,1.0,32,0,0,32,32,496,496,20,20,3,1.8,0.6599999999999999,3,1.8,0.6599999999999999
14807,<=3,1.0,1.0,1.0,1.0,1.0,1.0,1.0,1.0,203,0,0,203,203,20503,20503,33,33,3,2.1515151515151514,0.6740128558310378,3,2.1515151515151514,0.6740128558310378
14812,<=3,1.0,1.0,1.0,1.0,1.0,1.0,1.0,1.0,47,0,0,47,47,1081,1081,23,23,3,1.5217391304347827,0.5103969754253308,3,1.5217391304347827,0.5103969754253308
14818,<=3,1.0,1.0,1.0,1.0,1.0,1.0,1.0,1.0,55,0,0,55,55,1485,1485,28,28,3,2.2142857142857144,0.7397959183673467,3,2.2142857142857144,0.7397959183673467
14820,<=3,1.0,1.0,1.0,1.0,1.0,1.0,1.0,1.0,53,0,0,53,53,1378,1378,17,17,3,1.7647058823529411,0.532871972318339,3,1.7647058823529411,0.532871972318339
14824,<=3,1.0,1.0,1.0,1.0,1.0,1.0,1.0,1.0,84,0,0,84,84,3486,3486,24,24,3,2.2083333333333335,0.6649305555555555,3,2.2083333333333335,0.6649305555555555
14844,<=3,1.0,1.0,1.0,1.0,1.0,1.0,1.0,1.0,12,0,0,12,12,66,66,11,11,3,1.9090909090909092,0.6280991735537189,3,1.9090909090909092,0.6280991735537189
14845,<=3,1.0,1.0,1.0,1.0,1.0,1.0,1.0,1.0,94,0,0,94,94,4371,4371,19,19,2,1.4736842105263157,0.2493074792243767,2,1.4736842105263157,0.2493074792243767
14849,<=3,1.0,1.0,1.0,1.0,1.0,1.0,1.0,1.0,111,0,0,111,111,6105,6105,17,17,3,1.5294117647058822,0.3667820069204153,3,1.5294117647058822,0.3667820069204153
14854,<=3,1.0,1.0,1.0,1.0,1.0,1.0,1.0,1.0,47,0,0,47,47,1081,1081,11,11,3,1.5454545454545454,0.42975206611570244,3,1.5454545454545454,0.42975206611570244
14855,<=3,1.0,1.0,1.0,1.0,1.0,1.0,1.0,1.0,60,0,0,60,60,1770,1770,18,18,3,1.8888888888888888,0.654320987654321,3,1.8888888888888888,0.654320987654321
14857,<=3,1.0,1.0,1.0,1.0,1.0,1.0,1.0,1.0,23,0,0,23,23,253,253,10,10,3,1.7,0.6100000000000001,3,1.7,0.6100000000000001
14861,<=3,1.0,1.0,1.0,1.0,1.0,1.0,1.0,1.0,49,0,0,49,49,1176,1176,14,14,2,1.5,0.25,2,1.5,0.25
14862,<=3,1.0,1.0,1.0,1.0,1.0,1.0,1.0,1.0,81,0,0,81,81,3240,3240,21,21,3,1.8095238095238095,0.6303854875283446,3,1.8095238095238095,0.6303854875283446
14864,<=3,1.0,1.0,1.0,1.0,1.0,1.0,1.0,1.0,105,0,0,105,105,5460,5460,35,35,3,1.9142857142857144,0.6497959183673471,3,1.9142857142857144,0.6497959183673471
14869,<=3,1.0,1.0,1.0,1.0,1.0,1.0,1.0,1.0,39,0,0,39,39,741,741,16,16,3,1.5,0.375,3,1.5,0.375
14870,<=3,1.0,1.0,1.0,1.0,1.0,1.0,1.0,1.0,359,0,0,359,359,64261,64261,53,53,3,2.0943396226415096,0.5760056959772162,3,2.0943396226415096,0.5760056959772162
14872,<=3,1.0,1.0,1.0,1.0,1.0,1.0,1.0,1.0,140,0,0,140,140,9730,9730,32,32,3,1.8125,0.58984375,3,1.8125,0.58984375
14874,<=3,1.0,1.0,1.0,1.0,1.0,1.0,1.0,1.0,42,0,0,42,42,861,861,22,22,3,2.1818181818181817,0.6033057851239666,3,2.1818181818181817,0.6033057851239666
14880,<=3,1.0,1.0,1.0,1.0,1.0,1.0,1.0,1.0,57,0,0,57,57,1596,1596,22,22,3,1.8636363636363635,0.6632231404958678,3,1.8636363636363635,0.6632231404958678
14892,<=3,1.0,1.0,1.0,1.0,1.0,1.0,1.0,1.0,72,0,0,72,72,2556,2556,40,40,3,2.275,0.5493750000000001,3,2.275,0.5493750000000001
14928,<=3,1.0,1.0,1.0,1.0,1.0,1.0,1.0,1.0,23,0,0,23,23,253,253,17,17,3,1.9411764705882353,0.6435986159169551,3,1.9411764705882353,0.6435986159169551
14938,<=3,1.0,1.0,1.0,1.0,1.0,1.0,1.0,1.0,222,0,0,222,222,24531,24531,36,36,3,1.9444444444444444,0.7191358024691357,3,1.9444444444444444,0.7191358024691357
14940,<=3,1.0,1.0,1.0,1.0,1.0,1.0,1.0,1.0,20,0,0,20,20,190,190,13,13,3,1.9230769230769231,0.5325443786982248,3,1.9230769230769231,0.5325443786982248
14941,<=3,1.0,1.0,1.0,1.0,1.0,1.0,1.0,1.0,18,0,0,18,18,153,153,11,11,3,1.6363636363636365,0.5950413223140496,3,1.6363636363636365,0.5950413223140496
14954,<=3,1.0,1.0,1.0,1.0,1.0,1.0,1.0,1.0,47,0,0,47,47,1081,1081,4,4,3,1.75,0.6875,3,1.75,0.6875
14961,<=3,1.0,1.0,1.0,1.0,1.0,1.0,1.0,1.0,24,0,0,24,24,276,276,18,18,3,2.3333333333333335,0.5555555555555556,3,2.3333333333333335,0.5555555555555556
14967,<=3,1.0,1.0,1.0,1.0,1.0,1.0,1.0,1.0,25,0,0,25,25,300,300,13,13,3,1.6923076923076923,0.5207100591715976,3,1.6923076923076923,0.5207100591715976
14969,<=3,1.0,1.0,1.0,1.0,1.0,1.0,1.0,1.0,89,0,0,89,89,3916,3916,30,30,3,2.3,0.6100000000000002,3,2.3,0.6100000000000002
14970,<=3,1.0,1.0,1.0,1.0,1.0,1.0,1.0,1.0,11,0,0,11,11,55,55,10,10,3,2.3,0.8099999999999999,3,2.3,0.8099999999999999
14974,<=3,1.0,1.0,1.0,1.0,1.0,1.0,1.0,1.0,28,0,0,28,28,378,378,11,11,3,1.5454545454545454,0.6115702479338843,3,1.5454545454545454,0.6115702479338843
14975,<=3,1.0,1.0,1.0,1.0,1.0,1.0,1.0,1.0,206,0,0,206,206,21115,21115,30,30,3,1.8333333333333333,0.5388888888888889,3,1.8333333333333333,0.5388888888888889
14986,<=3,1.0,1.0,1.0,1.0,1.0,1.0,1.0,1.0,27,0,0,27,27,351,351,8,8,3,1.75,0.6875,3,1.75,0.6875
14988,<=3,1.0,1.0,1.0,1.0,1.0,1.0,1.0,1.0,100,0,0,100,100,4950,4950,34,34,3,1.9705882352941178,0.38148788927335636,3,1.9705882352941178,0.38148788927335636
14990,<=3,1.0,1.0,1.0,1.0,1.0,1.0,1.0,1.0,73,0,0,73,73,2628,2628,34,34,3,1.7941176470588236,0.5752595155709344,3,1.7941176470588236,0.5752595155709344
14998,<=3,1.0,1.0,1.0,1.0,1.0,1.0,1.0,1.0,22,0,0,22,22,231,231,10,10,3,2.0,0.8,3,2.0,0.8
15002,<=3,1.0,1.0,1.0,1.0,1.0,1.0,1.0,1.0,30,0,0,30,30,435,435,18,18,3,1.9444444444444444,0.6080246913580247,3,1.9444444444444444,0.6080246913580247
15006,<=3,1.0,1.0,1.0,1.0,1.0,1.0,1.0,1.0,30,0,0,30,30,435,435,12,12,2,1.3333333333333333,0.22222222222222224,2,1.3333333333333333,0.22222222222222224
15008,<=3,1.0,1.0,1.0,1.0,1.0,1.0,1.0,1.0,21,0,0,21,21,210,210,15,15,3,1.7333333333333334,0.7288888888888889,3,1.7333333333333334,0.7288888888888889
15011,<=3,1.0,1.0,1.0,1.0,1.0,1.0,1.0,1.0,24,0,0,24,24,276,276,16,16,3,1.875,0.484375,3,1.875,0.484375
15016,<=3,1.0,1.0,1.0,1.0,1.0,1.0,1.0,1.0,4,0,0,4,4,6,6,4,4,2,1.5,0.25,2,1.5,0.25
15017,<=3,1.0,1.0,1.0,1.0,1.0,1.0,1.0,1.0,114,0,0,114,114,6441,6441,29,29,3,2.1379310344827585,0.6706302021403094,3,2.1379310344827585,0.6706302021403094
15032,<=3,1.0,1.0,1.0,1.0,1.0,1.0,1.0,1.0,8,0,0,8,8,28,28,8,8,2,1.125,0.109375,2,1.125,0.109375
15036,<=3,1.0,1.0,1.0,1.0,1.0,1.0,1.0,1.0,25,0,0,25,25,300,300,10,10,3,1.7,0.41,3,1.7,0.41
15049,<=3,1.0,1.0,1.0,1.0,1.0,1.0,1.0,1.0,32,0,0,32,32,496,496,6,6,2,1.5,0.25,2,1.5,0.25
15050,<=3,1.0,1.0,1.0,1.0,1.0,1.0,1.0,1.0,31,0,0,31,31,465,465,16,16,3,1.9375,0.68359375,3,1.9375,0.68359375
15055,<=3,1.0,1.0,1.0,1.0,1.0,1.0,1.0,1.0,45,0,0,45,45,990,990,18,18,3,2.111111111111111,0.654320987654321,3,2.111111111111111,0.654320987654321
15062,<=3,1.0,1.0,1.0,1.0,1.0,1.0,1.0,1.0,46,0,0,46,46,1035,1035,26,26,3,2.1153846153846154,0.7174556213017753,3,2.1153846153846154,0.7174556213017753
15069,<=3,1.0,1.0,1.0,1.0,1.0,1.0,1.0,1.0,82,0,0,82,82,3321,3321,38,38,3,2.0789473684210527,0.5463988919667591,3,2.0789473684210527,0.5463988919667591
15070,<=3,1.0,1.0,1.0,1.0,1.0,1.0,1.0,1.0,32,0,0,32,32,496,496,18,18,3,1.8333333333333333,0.4722222222222222,3,1.8333333333333333,0.4722222222222222
15071,<=3,1.0,1.0,1.0,1.0,1.0,1.0,1.0,1.0,92,0,0,92,92,4186,4186,32,32,3,2.0,0.6875,3,2.0,0.6875
15073,<=3,1.0,1.0,1.0,1.0,1.0,1.0,1.0,1.0,34,0,0,34,34,561,561,7,7,3,1.8571428571428572,0.6938775510204082,3,1.8571428571428572,0.6938775510204082
15074,<=3,1.0,1.0,1.0,1.0,1.0,1.0,1.0,1.0,46,0,0,46,46,1035,1035,27,27,3,1.8518518518518519,0.5706447187928669,3,1.8518518518518519,0.5706447187928669
15085,<=3,1.0,1.0,1.0,1.0,1.0,1.0,1.0,1.0,168,0,0,168,168,14028,14028,20,20,2,1.4,0.24000000000000005,2,1.4,0.24000000000000005
15097,<=3,1.0,1.0,1.0,1.0,1.0,1.0,1.0,1.0,136,0,0,136,136,9180,9180,25,25,3,1.6,0.4799999999999999,3,1.6,0.4799999999999999
15107,<=3,1.0,1.0,1.0,1.0,1.0,1.0,1.0,1.0,31,0,0,31,31,465,465,17,17,3,1.4705882352941178,0.3667820069204153,3,1.4705882352941178,0.3667820069204153
15109,<=3,1.0,1.0,1.0,1.0,1.0,1.0,1.0,1.0,40,0,0,40,40,780,780,22,22,3,1.8181818181818181,0.6033057851239669,3,1.8181818181818181,0.6033057851239669
15110,<=3,1.0,1.0,1.0,1.0,1.0,1.0,1.0,1.0,254,0,0,254,254,32131,32131,50,50,3,1.82,0.6275999999999999,3,1.82,0.6275999999999999
15112,<=3,1.0,1.0,1.0,1.0,1.0,1.0,1.0,1.0,21,0,0,21,21,210,210,13,13,2,1.3076923076923077,0.21301775147928995,2,1.3076923076923077,0.21301775147928995
15113,<=3,1.0,1.0,1.0,1.0,1.0,1.0,1.0,1.0,57,0,0,57,57,1596,1596,15,15,3,1.6666666666666667,0.48888888888888893,3,1.6666666666666667,0.48888888888888893
15117,<=3,1.0,1.0,1.0,1.0,1.0,1.0,1.0,1.0,194,0,0,194,194,18721,18721,46,46,3,2.260869565217391,0.6710775047258978,3,2.260869565217391,0.6710775047258978
15126,<=3,1.0,1.0,1.0,1.0,1.0,1.0,1.0,1.0,22,0,0,22,22,231,231,9,9,3,1.5555555555555556,0.46913580246913583,3,1.5555555555555556,0.46913580246913583
15140,<=3,1.0,1.0,1.0,1.0,1.0,1.0,1.0,1.0,59,0,0,59,59,1711,1711,26,26,3,2.0,0.7692307692307693,3,2.0,0.7692307692307693
15148,<=3,1.0,1.0,1.0,1.0,1.0,1.0,1.0,1.0,120,0,0,120,120,7140,7140,36,36,3,2.2222222222222223,0.6728395061728393,3,2.2222222222222223,0.6728395061728393
15153,<=3,1.0,1.0,1.0,1.0,1.0,1.0,1.0,1.0,113,0,0,113,113,6328,6328,31,31,3,1.903225806451613,0.5390218522372529,3,1.903225806451613,0.5390218522372529
15155,<=3,1.0,1.0,1.0,1.0,1.0,1.0,1.0,1.0,21,0,0,21,21,210,210,11,11,2,1.3636363636363635,0.23140495867768598,2,1.3636363636363635,0.23140495867768598
15165,<=3,1.0,1.0,1.0,1.0,1.0,1.0,1.0,1.0,148,0,0,148,148,10878,10878,56,56,3,1.8928571428571428,0.6313775510204083,3,1.8928571428571428,0.6313775510204083
15175,<=3,1.0,1.0,1.0,1.0,1.0,1.0,1.0,1.0,31,0,0,31,31,465,465,17,17,3,1.8235294117647058,0.49826989619377166,3,1.8235294117647058,0.49826989619377166
15179,<=3,1.0,1.0,1.0,1.0,1.0,1.0,1.0,1.0,54,0,0,54,54,1431,1431,24,24,3,1.6666666666666667,0.47222222222222227,3,1.6666666666666667,0.47222222222222227
15183,<=3,1.0,1.0,1.0,1.0,1.0,1.0,1.0,1.0,50,0,0,50,50,1225,1225,16,16,3,1.625,0.484375,3,1.625,0.484375
15185,<=3,1.0,1.0,1.0,1.0,1.0,1.0,1.0,1.0,13,0,0,13,13,78,78,11,11,3,1.4545454545454546,0.42975206611570244,3,1.4545454545454546,0.42975206611570244
15195,<=3,1.0,1.0,1.0,1.0,1.0,1.0,1.0,1.0,125,0,0,125,125,7750,7750,39,39,3,2.358974358974359,0.5890861275476659,3,2.358974358974359,0.5890861275476659
15197,<=3,1.0,1.0,1.0,1.0,1.0,1.0,1.0,1.0,144,0,0,144,144,10296,10296,28,28,3,1.4642857142857142,0.3915816326530613,3,1.4642857142857142,0.3915816326530613
15198,<=3,1.0,1.0,1.0,1.0,1.0,1.0,1.0,1.0,87,0,0,87,87,3741,3741,33,33,3,1.878787878787879,0.5307621671258036,3,1.878787878787879,0.5307621671258036
15203,<=3,1.0,1.0,1.0,1.0,1.0,1.0,1.0,1.0,22,0,0,22,22,231,231,7,7,3,2.0,0.8571428571428571,3,2.0,0.8571428571428571
15219,<=3,1.0,1.0,1.0,1.0,1.0,1.0,1.0,1.0,148,0,0,148,148,10878,10878,42,42,3,1.7857142857142858,0.5017006802721088,3,1.7857142857142858,0.5017006802721088
15249,<=3,1.0,1.0,1.0,1.0,1.0,1.0,1.0,1.0,65,0,0,65,65,2080,2080,25,25,3,1.84,0.6144,3,1.84,0.6144
15257,<=3,1.0,1.0,1.0,1.0,1.0,1.0,1.0,1.0,63,0,0,63,63,1953,1953,23,23,3,2.391304347826087,0.5860113421550096,3,2.391304347826087,0.5860113421550096
15259,<=3,1.0,1.0,1.0,1.0,1.0,1.0,1.0,1.0,68,0,0,68,68,2278,2278,17,17,2,1.5294117647058822,0.24913494809688583,2,1.5294117647058822,0.24913494809688583
15262,<=3,1.0,1.0,1.0,1.0,1.0,1.0,1.0,1.0,39,0,0,39,39,741,741,23,23,3,1.565217391304348,0.332703213610586,3,1.565217391304348,0.332703213610586
15266,<=3,1.0,1.0,1.0,1.0,1.0,1.0,1.0,1.0,48,0,0,48,48,1128,1128,22,22,2,1.4090909090909092,0.24173553719008256,2,1.4090909090909092,0.24173553719008256
15267,<=3,1.0,1.0,1.0,1.0,1.0,1.0,1.0,1.0,62,0,0,62,62,1891,1891,18,18,3,2.111111111111111,0.654320987654321,3,2.111111111111111,0.654320987654321
15268,<=3,1.0,1.0,1.0,1.0,1.0,1.0,1.0,1.0,70,0,0,70,70,2415,2415,29,29,3,1.6896551724137931,0.4898929845422117,3,1.6896551724137931,0.4898929845422117
15269,<=3,1.0,1.0,1.0,1.0,1.0,1.0,1.0,1.0,136,0,0,136,136,9180,9180,41,41,3,2.073170731707317,0.6044021415823915,3,2.073170731707317,0.6044021415823915
15273,<=3,1.0,1.0,1.0,1.0,1.0,1.0,1.0,1.0,117,0,0,117,117,6786,6786,43,43,3,1.6511627906976745,0.36668469442942137,3,1.6511627906976745,0.36668469442942137
15274,<=3,1.0,1.0,1.0,1.0,1.0,1.0,1.0,1.0,145,0,0,145,145,10440,10440,19,19,3,1.5263157894736843,0.3545706371191136,3,1.5263157894736843,0.3545706371191136
15276,<=3,1.0,1.0,1.0,1.0,1.0,1.0,1.0,1.0,58,0,0,58,58,1653,1653,26,26,2,1.4615384615384615,0.24852071005917156,2,1.4615384615384615,0.24852071005917156
15286,<=3,1.0,1.0,1.0,1.0,1.0,1.0,1.0,1.0,54,0,0,54,54,1431,1431,21,21,2,1.4761904761904763,0.24943310657596368,2,1.4761904761904763,0.24943310657596368
15297,<=3,1.0,1.0,1.0,1.0,1.0,1.0,1.0,1.0,58,0,0,58,58,1653,1653,20,20,3,1.95,0.5475,3,1.95,0.5475
15301,<=3,1.0,1.0,1.0,1.0,1.0,1.0,1.0,1.0,97,0,0,97,97,4656,4656,25,25,3,1.6,0.4799999999999999,3,1.6,0.4799999999999999
15302,<=3,1.0,1.0,1.0,1.0,1.0,1.0,1.0,1.0,267,0,0,267,267,35511,35511,36,36,3,2.0555555555555554,0.6635802469135802,3,2.0555555555555554,0.6635802469135802
15303,<=3,1.0,1.0,1.0,1.0,1.0,1.0,1.0,1.0,43,0,0,43,43,903,903,17,17,3,2.176470588235294,0.7335640138408305,3,2.176470588235294,0.7335640138408305
15307,<=3,1.0,1.0,1.0,1.0,1.0,1.0,1.0,1.0,13,0,0,13,13,78,78,6,6,3,1.5,0.5833333333333334,3,1.5,0.5833333333333334
15311,<=3,1.0,1.0,1.0,1.0,1.0,1.0,1.0,1.0,13,0,0,13,13,78,78,7,7,2,1.4285714285714286,0.24489795918367346,2,1.4285714285714286,0.24489795918367346
15329,<=3,1.0,1.0,1.0,1.0,1.0,1.0,1.0,1.0,33,0,0,33,33,528,528,18,18,3,1.5555555555555556,0.3580246913580247,3,1.5555555555555556,0.3580246913580247
15345,<=3,1.0,1.0,1.0,1.0,1.0,1.0,1.0,1.0,146,0,0,146,146,10585,10585,44,44,3,2.0681818181818183,0.7908057851239669,3,2.0681818181818183,0.7908057851239669
15347,<=3,1.0,1.0,1.0,1.0,1.0,1.0,1.0,1.0,40,0,0,40,40,780,780,13,13,3,1.3846153846153846,0.3905325443786983,3,1.3846153846153846,0.3905325443786983
15356,<=3,1.0,1.0,1.0,1.0,1.0,1.0,1.0,1.0,56,0,0,56,56,1540,1540,27,27,3,1.962962962962963,0.5541838134430727,3,1.962962962962963,0.5541838134430727
15366,<=3,1.0,1.0,1.0,1.0,1.0,1.0,1.0,1.0,25,0,0,25,25,300,300,13,13,3,1.6923076923076923,0.5207100591715976,3,1.6923076923076923,0.5207100591715976
15379,<=3,1.0,1.0,1.0,1.0,1.0,1.0,1.0,1.0,160,0,0,160,160,12720,12720,39,39,3,2.0,0.358974358974359,3,2.0,0.358974358974359
15382,<=3,1.0,1.0,1.0,1.0,1.0,1.0,1.0,1.0,53,0,0,53,53,1378,1378,27,27,3,2.259259259259259,0.6364883401920438,3,2.259259259259259,0.6364883401920438
15386,<=3,1.0,1.0,1.0,1.0,1.0,1.0,1.0,1.0,111,0,0,111,111,6105,6105,39,39,3,1.794871794871795,0.5220249835634452,3,1.794871794871795,0.5220249835634452
15391,<=3,1.0,1.0,1.0,1.0,1.0,1.0,1.0,1.0,21,0,0,21,21,210,210,16,16,2,1.5625,0.24609375,2,1.5625,0.24609375
15392,<=3,1.0,1.0,1.0,1.0,1.0,1.0,1.0,1.0,128,0,0,128,128,8128,8128,36,36,3,1.9722222222222223,0.5825617283950615,3,1.9722222222222223,0.5825617283950615
15399,<=3,1.0,1.0,1.0,1.0,1.0,1.0,1.0,1.0,83,0,0,83,83,3403,3403,43,43,3,2.13953488372093,0.6782044348296377,3,2.13953488372093,0.6782044348296377
15404,<=3,1.0,1.0,1.0,1.0,1.0,1.0,1.0,1.0,18,0,0,18,18,153,153,11,11,2,1.2727272727272727,0.1983471074380165,2,1.2727272727272727,0.1983471074380165
15409,<=3,1.0,1.0,1.0,1.0,1.0,1.0,1.0,1.0,131,0,0,131,131,8515,8515,55,55,3,1.981818181818182,0.5996694214876033,3,1.981818181818182,0.5996694214876033
15451,<=3,1.0,1.0,1.0,1.0,1.0,1.0,1.0,1.0,203,0,0,203,203,20503,20503,48,48,3,1.875,0.4427083333333333,3,1.875,0.4427083333333333
15468,<=3,1.0,1.0,1.0,1.0,1.0,1.0,1.0,1.0,56,0,0,56,56,1540,1540,24,24,2,1.375,0.234375,2,1.375,0.234375
15469,<=3,1.0,1.0,1.0,1.0,1.0,1.0,1.0,1.0,248,0,0,248,248,30628,30628,39,39,3,2.1538461538461537,0.7455621301775146,3,2.1538461538461537,0.7455621301775146
15472,<=3,1.0,1.0,1.0,1.0,1.0,1.0,1.0,1.0,286,0,0,286,286,40755,40755,39,39,3,2.0,0.717948717948718,3,2.0,0.717948717948718
15474,<=3,1.0,1.0,1.0,1.0,1.0,1.0,1.0,1.0,52,0,0,52,52,1326,1326,25,25,3,2.0,0.64,3,2.0,0.64
15485,<=3,1.0,1.0,1.0,1.0,1.0,1.0,1.0,1.0,142,0,0,142,142,10011,10011,35,35,3,1.6571428571428573,0.45387755102040805,3,1.6571428571428573,0.45387755102040805
15486,<=3,1.0,1.0,1.0,1.0,1.0,1.0,1.0,1.0,312,0,0,312,312,48516,48516,59,59,3,1.8644067796610169,0.4561907497845446,3,1.8644067796610169,0.4561907497845446
15496,<=3,1.0,1.0,1.0,1.0,1.0,1.0,1.0,1.0,78,0,0,78,78,3003,3003,30,30,3,2.066666666666667,0.6622222222222225,3,2.066666666666667,0.6622222222222225
15514,<=3,1.0,1.0,1.0,1.0,1.0,1.0,1.0,1.0,158,0,0,158,158,12403,12403,31,31,3,2.032258064516129,0.6763787721123831,3,2.032258064516129,0.6763787721123831
15524,<=3,1.0,1.0,1.0,1.0,1.0,1.0,1.0,1.0,374,0,0,374,374,69751,69751,38,38,3,1.5789473684210527,0.3490304709141274,3,1.5789473684210527,0.3490304709141274
15525,<=3,1.0,1.0,1.0,1.0,1.0,1.0,1.0,1.0,24,0,0,24,24,276,276,9,9,2,1.2222222222222223,0.1728395061728395,2,1.2222222222222223,0.1728395061728395
15528,<=3,1.0,1.0,1.0,1.0,1.0,1.0,1.0,1.0,40,0,0,40,40,780,780,16,16,3,2.25,0.6875,3,2.25,0.6875
15546,<=3,1.0,1.0,1.0,1.0,1.0,1.0,1.0,1.0,53,0,0,53,53,1378,1378,29,29,3,2.2413793103448274,0.6658739595719382,3,2.2413793103448274,0.6658739595719382
15558,<=3,1.0,1.0,1.0,1.0,1.0,1.0,1.0,1.0,124,0,0,124,124,7626,7626,42,42,3,2.261904761904762,0.5742630385487528,3,2.261904761904762,0.5742630385487528
15564,<=3,1.0,1.0,1.0,1.0,1.0,1.0,1.0,1.0,192,0,0,192,192,18336,18336,31,31,3,2.096774193548387,0.7325702393340268,3,2.096774193548387,0.7325702393340268
15565,<=3,1.0,1.0,1.0,1.0,1.0,1.0,1.0,1.0,26,0,0,26,26,325,325,11,11,3,1.9090909090909092,0.8099173553719008,3,1.9090909090909092,0.8099173553719008
15569,<=3,1.0,1.0,1.0,1.0,1.0,1.0,1.0,1.0,21,0,0,21,21,210,210,16,16,3,1.5,0.375,3,1.5,0.375
15576,<=3,1.0,1.0,1.0,1.0,1.0,1.0,1.0,1.0,54,0,0,54,54,1431,1431,29,29,3,2.206896551724138,0.7158145065398337,3,2.206896551724138,0.7158145065398337
15581,<=3,1.0,1.0,1.0,1.0,1.0,1.0,1.0,1.0,21,0,0,21,21,210,210,17,17,3,2.2941176470588234,0.6782006920415226,3,2.2941176470588234,0.6782006920415226
15586,<=3,1.0,1.0,1.0,1.0,1.0,1.0,1.0,1.0,85,0,0,85,85,3570,3570,34,34,3,2.235294117647059,0.6505190311418684,3,2.235294117647059,0.6505190311418684
15595,<=3,1.0,1.0,1.0,1.0,1.0,1.0,1.0,1.0,42,0,0,42,42,861,861,21,21,3,1.9523809523809523,0.6167800453514738,3,1.9523809523809523,0.6167800453514738
15599,<=3,1.0,1.0,1.0,1.0,1.0,1.0,1.0,1.0,196,0,0,196,196,19110,19110,24,24,3,1.875,0.609375,3,1.875,0.609375
15600,<=3,1.0,1.0,1.0,1.0,1.0,1.0,1.0,1.0,80,0,0,80,80,3160,3160,30,30,3,1.8,0.56,3,1.8,0.56
15610,<=3,1.0,1.0,1.0,1.0,1.0,1.0,1.0,1.0,134,0,0,134,134,8911,8911,39,39,3,1.9743589743589745,0.4865220249835636,3,1.9743589743589745,0.4865220249835636
15614,<=3,1.0,1.0,1.0,1.0,1.0,1.0,1.0,1.0,38,0,0,38,38,703,703,12,12,3,1.5,0.4166666666666667,3,1.5,0.4166666666666667
15617,<=3,1.0,1.0,1.0,1.0,1.0,1.0,1.0,1.0,89,0,0,89,89,3916,3916,24,24,3,2.0833333333333335,0.5763888888888888,3,2.0833333333333335,0.5763888888888888
15618,<=3,1.0,1.0,1.0,1.0,1.0,1.0,1.0,1.0,14,0,0,14,14,91,91,9,9,3,2.111111111111111,0.54320987654321,3,2.111111111111111,0.54320987654321
15619,<=3,1.0,1.0,1.0,1.0,1.0,1.0,1.0,1.0,54,0,0,54,54,1431,1431,25,25,3,2.4,0.5599999999999998,3,2.4,0.5599999999999998
15621,<=3,1.0,1.0,1.0,1.0,1.0,1.0,1.0,1.0,67,0,0,67,67,2211,2211,26,26,3,1.6153846153846154,0.3905325443786982,3,1.6153846153846154,0.3905325443786982
15644,<=3,1.0,1.0,1.0,1.0,1.0,1.0,1.0,1.0,154,0,0,154,154,11781,11781,38,38,3,2.0789473684210527,0.6516620498614959,3,2.0789473684210527,0.6516620498614959
15645,<=3,1.0,1.0,1.0,1.0,1.0,1.0,1.0,1.0,35,0,0,35,35,595,595,21,21,3,2.0476190476190474,0.6167800453514738,3,2.0476190476190474,0.6167800453514738
15652,<=3,1.0,1.0,1.0,1.0,1.0,1.0,1.0,1.0,103,0,0,103,103,5253,5253,37,37,3,1.7567567567567568,0.4543462381300219,3,1.7567567567567568,0.4543462381300219
15653,<=3,1.0,1.0,1.0,1.0,1.0,1.0,1.0,1.0,50,0,0,50,50,1225,1225,20,20,3,1.4,0.34,3,1.4,0.34
15658,<=3,1.0,1.0,1.0,1.0,1.0,1.0,1.0,1.0,91,0,0,91,91,4095,4095,26,26,3,1.8076923076923077,0.46301775147929003,3,1.8076923076923077,0.46301775147929003
15667,<=3,1.0,1.0,1.0,1.0,1.0,1.0,1.0,1.0,81,0,0,81,81,3240,3240,28,28,3,1.6428571428571428,0.44387755102040816,3,1.6428571428571428,0.44387755102040816
15681,<=3,1.0,1.0,1.0,1.0,1.0,1.0,1.0,1.0,47,0,0,47,47,1081,1081,15,15,3,1.8,0.56,3,1.8,0.56
15684,<=3,1.0,1.0,1.0,1.0,1.0,1.0,1.0,1.0,33,0,0,33,33,528,528,21,21,2,1.4285714285714286,0.24489795918367352,2,1.4285714285714286,0.24489795918367352
15687,<=3,1.0,1.0,1.0,1.0,1.0,1.0,1.0,1.0,87,0,0,87,87,3741,3741,36,36,3,2.2222222222222223,0.5617283950617282,3,2.2222222222222223,0.5617283950617282
15690,<=3,1.0,1.0,1.0,1.0,1.0,1.0,1.0,1.0,83,0,0,83,83,3403,3403,23,23,3,1.7826086956521738,0.6918714555765595,3,1.7826086956521738,0.6918714555765595
15693,<=3,1.0,1.0,1.0,1.0,1.0,1.0,1.0,1.0,25,0,0,25,25,300,300,17,17,3,1.7647058823529411,0.6505190311418685,3,1.7647058823529411,0.6505190311418685
15704,<=3,1.0,1.0,1.0,1.0,1.0,1.0,1.0,1.0,38,0,0,38,38,703,703,16,16,3,1.3125,0.33984375,3,1.3125,0.33984375
15709,<=3,1.0,1.0,1.0,1.0,1.0,1.0,1.0,1.0,50,0,0,50,50,1225,1225,24,24,3,1.875,0.609375,3,1.875,0.609375
15725,<=3,1.0,1.0,1.0,1.0,1.0,1.0,1.0,1.0,85,0,0,85,85,3570,3570,38,38,3,1.868421052631579,0.5879501385041552,3,1.868421052631579,0.5879501385041552
15726,<=3,1.0,1.0,1.0,1.0,1.0,1.0,1.0,1.0,76,0,0,76,76,2850,2850,34,34,3,1.7352941176470589,0.5475778546712803,3,1.7352941176470589,0.5475778546712803
15733,<=3,1.0,1.0,1.0,1.0,1.0,1.0,1.0,1.0,43,0,0,43,43,903,903,19,19,3,2.473684210526316,0.5650969529085873,3,2.473684210526316,0.5650969529085873
15735,<=3,1.0,1.0,1.0,1.0,1.0,1.0,1.0,1.0,9,0,0,9,9,36,36,6,6,2,1.5,0.25,2,1.5,0.25
15744,<=3,1.0,1.0,1.0,1.0,1.0,1.0,1.0,1.0,26,0,0,26,26,325,325,11,11,3,1.5454545454545454,0.42975206611570244,3,1.5454545454545454,0.42975206611570244
15745,<=3,1.0,1.0,1.0,1.0,1.0,1.0,1.0,1.0,11,0,0,11,11,55,55,8,8,2,1.125,0.109375,2,1.125,0.109375
15750,<=3,1.0,1.0,1.0,1.0,1.0,1.0,1.0,1.0,161,0,0,161,161,12880,12880,24,24,3,1.5833333333333333,0.3263888888888889,3,1.5833333333333333,0.3263888888888889
15759,<=3,1.0,1.0,1.0,1.0,1.0,1.0,1.0,1.0,79,0,0,79,79,3081,3081,9,9,3,1.6666666666666667,0.4444444444444444,3,1.6666666666666667,0.4444444444444444
15764,<=3,1.0,1.0,1.0,1.0,1.0,1.0,1.0,1.0,110,0,0,110,110,5995,5995,32,32,3,2.125,0.671875,3,2.125,0.671875
15772,<=3,1.0,1.0,1.0,1.0,1.0,1.0,1.0,1.0,93,0,0,93,93,4278,4278,31,31,3,1.8709677419354838,0.4994797086368367,3,1.8709677419354838,0.4994797086368367
15778,<=3,1.0,1.0,1.0,1.0,1.0,1.0,1.0,1.0,69,0,0,69,69,2346,2346,22,22,3,2.090909090909091,0.7190082644628099,3,2.090909090909091,0.7190082644628099
15792,<=3,1.0,1.0,1.0,1.0,1.0,1.0,1.0,1.0,6,0,0,6,6,15,15,7,7,2,1.1428571428571428,0.12244897959183675,2,1.1428571428571428,0.12244897959183675
15794,<=3,1.0,1.0,1.0,1.0,1.0,1.0,1.0,1.0,199,0,0,199,199,19701,19701,47,47,3,1.8085106382978724,0.5803531009506564,3,1.8085106382978724,0.5803531009506564
15797,<=3,1.0,1.0,1.0,1.0,1.0,1.0,1.0,1.0,6,0,0,6,6,15,15,6,6,3,1.6666666666666667,0.5555555555555556,3,1.6666666666666667,0.5555555555555556
15802,<=3,1.0,1.0,1.0,1.0,1.0,1.0,1.0,1.0,49,0,0,49,49,1176,1176,18,18,3,1.5555555555555556,0.3580246913580247,3,1.5555555555555556,0.3580246913580247
15809,<=3,1.0,1.0,1.0,1.0,1.0,1.0,1.0,1.0,4,0,0,4,4,6,6,4,4,2,1.25,0.1875,2,1.25,0.1875
15810,<=3,1.0,1.0,1.0,1.0,1.0,1.0,1.0,1.0,159,0,0,159,159,12561,12561,44,44,3,2.1363636363636362,0.6632231404958676,3,2.1363636363636362,0.6632231404958676
15811,<=3,1.0,1.0,1.0,1.0,1.0,1.0,1.0,1.0,19,0,0,19,19,171,171,10,10,3,2.2,0.76,3,2.2,0.76
15816,<=3,1.0,1.0,1.0,1.0,1.0,1.0,1.0,1.0,45,0,0,45,45,990,990,23,23,3,2.0869565217391304,0.5141776937618148,3,2.0869565217391304,0.5141776937618148
15818,<=3,1.0,1.0,1.0,1.0,1.0,1.0,1.0,1.0,28,0,0,28,28,378,378,17,17,3,2.0588235294117645,0.6435986159169551,3,2.0588235294117645,0.6435986159169551
15823,<=3,1.0,1.0,1.0,1.0,1.0,1.0,1.0,1.0,61,0,0,61,61,1830,1830,20,20,3,1.8,0.5599999999999999,3,1.8,0.5599999999999999
15826,<=3,1.0,1.0,1.0,1.0,1.0,1.0,1.0,1.0,135,0,0,135,135,9045,9045,31,31,3,1.903225806451613,0.603537981269511,3,1.903225806451613,0.603537981269511
15830,<=3,1.0,1.0,1.0,1.0,1.0,1.0,1.0,1.0,10,0,0,10,10,45,45,7,7,2,1.2857142857142858,0.20408163265306123,2,1.2857142857142858,0.20408163265306123
15839,<=3,1.0,1.0,1.0,1.0,1.0,1.0,1.0,1.0,79,0,0,79,79,3081,3081,21,21,3,1.619047619047619,0.42630385487528344,3,1.619047619047619,0.42630385487528344
15846,<=3,1.0,1.0,1.0,1.0,1.0,1.0,1.0,1.0,54,0,0,54,54,1431,1431,23,23,3,1.9565217391304348,0.6502835538752363,3,1.9565217391304348,0.6502835538752363
15850,<=3,1.0,1.0,1.0,1.0,1.0,1.0,1.0,1.0,107,0,0,107,107,5671,5671,15,15,3,1.6,0.5066666666666667,3,1.6,0.5066666666666667
15859,<=3,1.0,1.0,1.0,1.0,1.0,1.0,1.0,1.0,70,0,0,70,70,2415,2415,31,31,3,1.8387096774193548,0.7159209157127993,3,1.8387096774193548,0.7159209157127993
15870,<=3,1.0,1.0,1.0,1.0,1.0,1.0,1.0,1.0,51,0,0,51,51,1275,1275,25,25,3,1.64,0.4704,3,1.64,0.4704
15876,<=3,1.0,1.0,1.0,1.0,1.0,1.0,1.0,1.0,112,0,0,112,112,6216,6216,24,24,3,1.8333333333333333,0.638888888888889,3,1.8333333333333333,0.638888888888889
15881,<=3,1.0,1.0,1.0,1.0,1.0,1.0,1.0,1.0,69,0,0,69,69,2346,2346,17,17,3,1.6470588235294117,0.5813148788927336,3,1.6470588235294117,0.5813148788927336
15883,<=3,1.0,1.0,1.0,1.0,1.0,1.0,1.0,1.0,136,0,0,136,136,9180,9180,41,41,3,1.975609756097561,0.6579417013682332,3,1.975609756097561,0.6579417013682332
15895,<=3,1.0,1.0,1.0,1.0,1.0,1.0,1.0,1.0,51,0,0,51,51,1275,1275,19,19,2,1.3157894736842106,0.2160664819944598,2,1.3157894736842106,0.2160664819944598
15906,<=3,1.0,1.0,1.0,1.0,1.0,1.0,1.0,1.0,53,0,0,53,53,1378,1378,25,25,3,1.88,0.6656,3,1.88,0.6656
15918,<=3,1.0,1.0,1.0,1.0,1.0,1.0,1.0,1.0,21,0,0,21,21,210,210,15,15,3,1.9333333333333333,0.7288888888888889,3,1.9333333333333333,0.7288888888888889
15927,<=3,1.0,1.0,1.0,1.0,1.0,1.0,1.0,1.0,21,0,0,21,21,210,210,8,8,2,1.375,0.234375,2,1.375,0.234375
15944,<=3,1.0,1.0,1.0,1.0,1.0,1.0,1.0,1.0,54,0,0,54,54,1431,1431,20,20,2,1.45,0.2475,2,1.45,0.2475
15947,<=3,1.0,1.0,1.0,1.0,1.0,1.0,1.0,1.0,114,0,0,114,114,6441,6441,34,34,3,1.4411764705882353,0.3641868512110727,3,1.4411764705882353,0.3641868512110727
15952,<=3,1.0,1.0,1.0,1.0,1.0,1.0,1.0,1.0,16,0,0,16,16,120,120,15,15,3,1.6666666666666667,0.6222222222222222,3,1.6666666666666667,0.6222222222222222
15954,<=3,1.0,1.0,1.0,1.0,1.0,1.0,1.0,1.0,103,0,0,103,103,5253,5253,27,27,2,1.5555555555555556,0.2469135802469136,2,1.5555555555555556,0.2469135802469136
15963,<=3,1.0,1.0,1.0,1.0,1.0,1.0,1.0,1.0,53,0,0,53,53,1378,1378,27,27,3,2.074074074074074,0.6611796982167354,3,2.074074074074074,0.6611796982167354
15976,<=3,1.0,1.0,1.0,1.0,1.0,1.0,1.0,1.0,326,0,0,326,326,52975,52975,59,59,3,1.9152542372881356,0.4504452743464523,3,1.9152542372881356,0.4504452743464523
15978,<=3,1.0,1.0,1.0,1.0,1.0,1.0,1.0,1.0,31,0,0,31,31,465,465,15,15,3,1.8666666666666667,0.7822222222222223,3,1.8666666666666667,0.7822222222222223
15984,<=3,1.0,1.0,1.0,1.0,1.0,1.0,1.0,1.0,19,0,0,19,19,171,171,9,9,3,2.0,0.8888888888888888,3,2.0,0.8888888888888888
15986,<=3,1.0,1.0,1.0,1.0,1.0,1.0,1.0,1.0,26,0,0,26,26,325,325,15,15,3,2.3333333333333335,0.6222222222222223,3,2.3333333333333335,0.6222222222222223
15987,<=3,1.0,1.0,1.0,1.0,1.0,1.0,1.0,1.0,57,0,0,57,57,1596,1596,17,17,3,1.8235294117647058,0.7335640138408305,3,1.8235294117647058,0.7335640138408305
15994,<=3,1.0,1.0,1.0,1.0,1.0,1.0,1.0,1.0,21,0,0,21,21,210,210,13,13,3,1.6153846153846154,0.5443786982248521,3,1.6153846153846154,0.5443786982248521
16005,<=3,1.0,1.0,1.0,1.0,1.0,1.0,1.0,1.0,224,0,0,224,224,24976,24976,79,79,3,2.151898734177215,0.5338887998718154,3,2.151898734177215,0.5338887998718154
16015,<=3,1.0,1.0,1.0,1.0,1.0,1.0,1.0,1.0,301,0,0,301,301,45150,45150,52,52,3,2.0576923076923075,0.5928254437869822,3,2.0576923076923075,0.5928254437869822
16025,<=3,1.0,1.0,1.0,1.0,1.0,1.0,1.0,1.0,52,0,0,52,52,1326,1326,27,27,3,2.0,0.5925925925925926,3,2.0,0.5925925925925926
16027,<=3,1.0,1.0,1.0,1.0,1.0,1.0,1.0,1.0,22,0,0,22,22,231,231,8,8,2,1.375,0.234375,2,1.375,0.234375
16032,<=3,1.0,1.0,1.0,1.0,1.0,1.0,1.0,1.0,143,0,0,143,143,10153,10153,22,22,3,2.0,0.6363636363636364,3,2.0,0.6363636363636364
16037,<=3,1.0,1.0,1.0,1.0,1.0,1.0,1.0,1.0,297,0,0,297,297,43956,43956,66,66,3,2.0,0.6363636363636364,3,2.0,0.6363636363636364
16038,<=3,1.0,1.0,1.0,1.0,1.0,1.0,1.0,1.0,234,0,0,234,234,27261,27261,54,54,3,2.0,0.6296296296296297,3,2.0,0.6296296296296297
16063,<=3,1.0,1.0,1.0,1.0,1.0,1.0,1.0,1.0,97,0,0,97,97,4656,4656,23,23,3,1.826086956521739,0.5784499054820416,3,1.826086956521739,0.5784499054820416
16064,<=3,1.0,1.0,1.0,1.0,1.0,1.0,1.0,1.0,203,0,0,203,203,20503,20503,31,31,3,2.2903225806451615,0.6576482830385014,3,2.2903225806451615,0.6576482830385014
16069,<=3,1.0,1.0,1.0,1.0,1.0,1.0,1.0,1.0,102,0,0,102,102,5151,5151,30,30,3,1.8,0.6266666666666667,3,1.8,0.6266666666666667
16071,<=3,1.0,1.0,1.0,1.0,1.0,1.0,1.0,1.0,31,0,0,31,31,465,465,16,16,3,2.0,0.625,3,2.0,0.625
16072,<=3,1.0,1.0,1.0,1.0,1.0,1.0,1.0,1.0,76,0,0,76,76,2850,2850,25,25,3,1.64,0.5504000000000001,3,1.64,0.5504000000000001
16076,<=3,1.0,1.0,1.0,1.0,1.0,1.0,1.0,1.0,249,0,0,249,249,30876,30876,54,54,3,1.8888888888888888,0.506172839506173,3,1.8888888888888888,0.506172839506173
16080,<=3,1.0,1.0,1.0,1.0,1.0,1.0,1.0,1.0,133,0,0,133,133,8778,8778,41,41,3,2.1463414634146343,0.6127305175490779,3,2.1463414634146343,0.6127305175490779
16082,<=3,1.0,1.0,1.0,1.0,1.0,1.0,1.0,1.0,31,0,0,31,31,465,465,19,19,3,1.5263157894736843,0.3545706371191136,3,1.5263157894736843,0.3545706371191136
16084,<=3,1.0,1.0,1.0,1.0,1.0,1.0,1.0,1.0,92,0,0,92,92,4186,4186,37,37,3,1.945945945945946,0.7538349159970782,3,1.945945945945946,0.7538349159970782
16089,<=3,1.0,1.0,1.0,1.0,1.0,1.0,1.0,1.0,39,0,0,39,39,741,741,17,17,3,1.588235294117647,0.47750865051903113,3,1.588235294117647,0.47750865051903113
16098,<=3,1.0,1.0,1.0,1.0,1.0,1.0,1.0,1.0,32,0,0,32,32,496,496,16,16,3,1.9375,0.55859375,3,1.9375,0.55859375
16099,<=3,1.0,1.0,1.0,1.0,1.0,1.0,1.0,1.0,44,0,0,44,44,946,946,24,24,3,2.2083333333333335,0.6649305555555555,3,2.2083333333333335,0.6649305555555555
16101,<=3,1.0,1.0,1.0,1.0,1.0,1.0,1.0,1.0,60,0,0,60,60,1770,1770,23,23,3,1.9565217391304348,0.6502835538752363,3,1.9565217391304348,0.6502835538752363
16111,<=3,1.0,1.0,1.0,1.0,1.0,1.0,1.0,1.0,39,0,0,39,39,741,741,12,12,2,1.4166666666666667,0.24305555555555555,2,1.4166666666666667,0.24305555555555555
16112,<=3,1.0,1.0,1.0,1.0,1.0,1.0,1.0,1.0,71,0,0,71,71,2485,2485,26,26,3,1.7307692307692308,0.42751479289940825,3,1.7307692307692308,0.42751479289940825
16114,<=3,1.0,1.0,1.0,1.0,1.0,1.0,1.0,1.0,66,0,0,66,66,2145,2145,18,18,3,1.6111111111111112,0.4598765432098766,3,1.6111111111111112,0.4598765432098766
16119,<=3,1.0,1.0,1.0,1.0,1.0,1.0,1.0,1.0,19,0,0,19,19,171,171,11,11,3,1.9090909090909092,0.6280991735537189,3,1.9090909090909092,0.6280991735537189
16123,<=3,1.0,1.0,1.0,1.0,1.0,1.0,1.0,1.0,178,0,0,178,178,15753,15753,31,31,3,2.032258064516129,0.7408949011446412,3,2.032258064516129,0.7408949011446412
16125,<=3,1.0,1.0,1.0,1.0,1.0,1.0,1.0,1.0,182,0,0,182,182,16471,16471,39,39,3,1.641025641025641,0.48652202498356345,3,1.641025641025641,0.48652202498356345
16142,<=3,1.0,1.0,1.0,1.0,1.0,1.0,1.0,1.0,56,0,0,56,56,1540,1540,18,18,3,2.2222222222222223,0.6172839506172839,3,2.2222222222222223,0.6172839506172839
16161,<=3,1.0,1.0,1.0,1.0,1.0,1.0,1.0,1.0,16,0,0,16,16,120,120,8,8,2,1.375,0.234375,2,1.375,0.234375
16164,<=3,1.0,1.0,1.0,1.0,1.0,1.0,1.0,1.0,120,0,0,120,120,7140,7140,19,19,3,1.9473684210526316,0.6814404432132964,3,1.9473684210526316,0.6814404432132964
16166,<=3,1.0,1.0,1.0,1.0,1.0,1.0,1.0,1.0,51,0,0,51,51,1275,1275,24,24,3,1.9583333333333333,0.623263888888889,3,1.9583333333333333,0.623263888888889
16173,<=3,1.0,1.0,1.0,1.0,1.0,1.0,1.0,1.0,97,0,0,97,97,4656,4656,25,25,3,1.96,0.5984000000000002,3,1.96,0.5984000000000002
16180,<=3,1.0,1.0,1.0,1.0,1.0,1.0,1.0,1.0,61,0,0,61,61,1830,1830,21,21,3,2.142857142857143,0.5986394557823129,3,2.142857142857143,0.5986394557823129
16183,<=3,1.0,1.0,1.0,1.0,1.0,1.0,1.0,1.0,84,0,0,84,84,3486,3486,25,25,3,1.6,0.3999999999999999,3,1.6,0.3999999999999999
16188,<=3,1.0,1.0,1.0,1.0,1.0,1.0,1.0,1.0,62,0,0,62,62,1891,1891,20,20,3,1.75,0.3875,3,1.75,0.3875
16193,<=3,1.0,1.0,1.0,1.0,1.0,1.0,1.0,1.0,30,0,0,30,30,435,435,16,16,3,1.875,0.859375,3,1.875,0.859375
16206,<=3,1.0,1.0,1.0,1.0,1.0,1.0,1.0,1.0,42,0,0,42,42,861,861,12,12,3,1.4166666666666667,0.40972222222222215,3,1.4166666666666667,0.40972222222222215
16210,<=3,1.0,1.0,1.0,1.0,1.0,1.0,1.0,1.0,40,0,0,40,40,780,780,28,28,3,2.0,0.6428571428571429,3,2.0,0.6428571428571429
16216,<=3,1.0,1.0,1.0,1.0,1.0,1.0,1.0,1.0,112,0,0,112,112,6216,6216,29,29,3,2.2413793103448274,0.6658739595719382,3,2.2413793103448274,0.6658739595719382
16237,<=3,1.0,1.0,1.0,1.0,1.0,1.0,1.0,1.0,118,0,0,118,118,6903,6903,48,48,3,2.0625,0.6002604166666666,3,2.0625,0.6002604166666666
16238,<=3,1.0,1.0,1.0,1.0,1.0,1.0,1.0,1.0,123,0,0,123,123,7503,7503,35,35,3,1.8857142857142857,0.6155102040816325,3,1.8857142857142857,0.6155102040816325
16240,<=3,1.0,1.0,1.0,1.0,1.0,1.0,1.0,1.0,6,0,0,6,6,15,15,6,6,2,1.3333333333333333,0.22222222222222224,2,1.3333333333333333,0.22222222222222224
16241,<=3,1.0,1.0,1.0,1.0,1.0,1.0,1.0,1.0,21,0,0,21,21,210,210,13,13,3,1.8461538461538463,0.7455621301775148,3,1.8461538461538463,0.7455621301775148
16243,<=3,1.0,1.0,1.0,1.0,1.0,1.0,1.0,1.0,138,0,0,138,138,9453,9453,31,31,3,1.7096774193548387,0.5286160249739855,3,1.7096774193548387,0.5286160249739855
16246,<=3,1.0,1.0,1.0,1.0,1.0,1.0,1.0,1.0,123,0,0,123,123,7503,7503,31,31,3,1.6451612903225807,0.42247658688865763,3,1.6451612903225807,0.42247658688865763
16253,<=3,1.0,1.0,1.0,1.0,1.0,1.0,1.0,1.0,87,0,0,87,87,3741,3741,16,16,3,1.9375,0.55859375,3,1.9375,0.55859375
16254,<=3,1.0,1.0,1.0,1.0,1.0,1.0,1.0,1.0,517,0,0,517,517,133386,133386,40,40,3,2.075,0.569375,3,2.075,0.569375
16255,<=3,1.0,1.0,1.0,1.0,1.0,1.0,1.0,1.0,24,0,0,24,24,276,276,16,16,3,1.75,0.4375,3,1.75,0.4375
16257,<=3,1.0,1.0,1.0,1.0,1.0,1.0,1.0,1.0,19,0,0,19,19,171,171,14,14,3,1.8571428571428572,0.6938775510204082,3,1.8571428571428572,0.6938775510204082
16273,<=3,1.0,1.0,1.0,1.0,1.0,1.0,1.0,1.0,282,0,0,282,282,39621,39621,65,65,3,1.9076923076923078,0.576094674556213,3,1.9076923076923078,0.576094674556213
16283,<=3,1.0,1.0,1.0,1.0,1.0,1.0,1.0,1.0,315,0,0,315,315,49455,49455,54,54,3,1.9259259259259258,0.6241426611796982,3,1.9259259259259258,0.6241426611796982
16292,<=3,1.0,1.0,1.0,1.0,1.0,1.0,1.0,1.0,28,0,0,28,28,378,378,10,10,3,1.7,0.6100000000000001,3,1.7,0.6100000000000001
16295,<=3,1.0,1.0,1.0,1.0,1.0,1.0,1.0,1.0,63,0,0,63,63,1953,1953,19,19,3,2.0526315789473686,0.6814404432132963,3,2.0526315789473686,0.6814404432132963
16297,<=3,1.0,1.0,1.0,1.0,1.0,1.0,1.0,1.0,74,0,0,74,74,2701,2701,37,37,3,1.945945945945946,0.6457268078889703,3,1.945945945945946,0.6457268078889703
16308,<=3,1.0,1.0,1.0,1.0,1.0,1.0,1.0,1.0,223,0,0,223,223,24753,24753,35,35,3,2.1142857142857143,0.6155102040816327,3,2.1142857142857143,0.6155102040816327
16314,<=3,1.0,1.0,1.0,1.0,1.0,1.0,1.0,1.0,63,0,0,63,63,1953,1953,29,29,3,2.2413793103448274,0.6658739595719382,3,2.2413793103448274,0.6658739595719382
16318,<=3,1.0,1.0,1.0,1.0,1.0,1.0,1.0,1.0,155,0,0,155,155,11935,11935,27,27,3,1.8518518518518519,0.644718792866941,3,1.8518518518518519,0.644718792866941
16322,<=3,1.0,1.0,1.0,1.0,1.0,1.0,1.0,1.0,155,0,0,155,155,11935,11935,41,41,3,2.0,0.5853658536585366,3,2.0,0.5853658536585366
16327,<=3,1.0,1.0,1.0,1.0,1.0,1.0,1.0,1.0,244,0,0,244,244,29646,29646,45,45,3,1.9777777777777779,0.6883950617283949,3,1.9777777777777779,0.6883950617283949
16334,<=3,1.0,1.0,1.0,1.0,1.0,1.0,1.0,1.0,58,0,0,58,58,1653,1653,15,15,2,1.2666666666666666,0.19555555555555557,2,1.2666666666666666,0.19555555555555557
16335,<=3,1.0,1.0,1.0,1.0,1.0,1.0,1.0,1.0,30,0,0,30,30,435,435,12,12,3,1.75,0.5208333333333334,3,1.75,0.5208333333333334
16343,<=3,1.0,1.0,1.0,1.0,1.0,1.0,1.0,1.0,71,0,0,71,71,2485,2485,26,26,3,1.5769230769230769,0.4748520710059172,3,1.5769230769230769,0.4748520710059172
16344,<=3,1.0,1.0,1.0,1.0,1.0,1.0,1.0,1.0,62,0,0,62,62,1891,1891,26,26,3,1.7692307692307692,0.562130177514793,3,1.7692307692307692,0.562130177514793
16356,<=3,1.0,1.0,1.0,1.0,1.0,1.0,1.0,1.0,123,0,0,123,123,7503,7503,34,34,3,2.0,0.7647058823529411,3,2.0,0.7647058823529411
16359,<=3,1.0,1.0,1.0,1.0,1.0,1.0,1.0,1.0,268,0,0,268,268,35778,35778,52,52,3,1.8076923076923077,0.5784023668639053,3,1.8076923076923077,0.5784023668639053
16360,<=3,1.0,1.0,1.0,1.0,1.0,1.0,1.0,1.0,29,0,0,29,29,406,406,10,10,2,1.2,0.16,2,1.2,0.16
16362,<=3,1.0,1.0,1.0,1.0,1.0,1.0,1.0,1.0,41,0,0,41,41,820,820,13,13,2,1.4615384615384615,0.24852071005917153,2,1.4615384615384615,0.24852071005917153
16364,<=3,1.0,1.0,1.0,1.0,1.0,1.0,1.0,1.0,107,0,0,107,107,5671,5671,33,33,3,1.4848484848484849,0.3709825528007346,3,1.4848484848484849,0.3709825528007346
16377,<=3,1.0,1.0,1.0,1.0,1.0,1.0,1.0,1.0,168,0,0,168,168,14028,14028,31,31,3,1.8387096774193548,0.6514047866805411,3,1.8387096774193548,0.6514047866805411
16408,<=3,1.0,1.0,1.0,1.0,1.0,1.0,1.0,1.0,16,0,0,16,16,120,120,10,10,3,1.8,0.5599999999999999,3,1.8,0.5599999999999999
16410,<=3,1.0,1.0,1.0,1.0,1.0,1.0,1.0,1.0,63,0,0,63,63,1953,1953,17,17,3,1.6470588235294117,0.46366782006920415,3,1.6470588235294117,0.46366782006920415
16414,<=3,1.0,1.0,1.0,1.0,1.0,1.0,1.0,1.0,100,0,0,100,100,4950,4950,22,22,3,1.6363636363636365,0.5041322314049587,3,1.6363636363636365,0.5041322314049587
16418,<=3,1.0,1.0,1.0,1.0,1.0,1.0,1.0,1.0,36,0,0,36,36,630,630,19,19,3,1.7894736842105263,0.4819944598337951,3,1.7894736842105263,0.4819944598337951
16424,<=3,1.0,1.0,1.0,1.0,1.0,1.0,1.0,1.0,73,0,0,73,73,2628,2628,15,15,3,1.6666666666666667,0.48888888888888893,3,1.6666666666666667,0.48888888888888893
16432,<=3,1.0,1.0,1.0,1.0,1.0,1.0,1.0,1.0,21,0,0,21,21,210,210,16,16,3,1.75,0.5625,3,1.75,0.5625
16448,<=3,1.0,1.0,1.0,1.0,1.0,1.0,1.0,1.0,23,0,0,23,23,253,253,15,15,3,1.6666666666666667,0.6222222222222222,3,1.6666666666666667,0.6222222222222222
16449,<=3,1.0,1.0,1.0,1.0,1.0,1.0,1.0,1.0,26,0,0,26,26,325,325,8,8,3,1.875,0.609375,3,1.875,0.609375
16458,<=3,1.0,1.0,1.0,1.0,1.0,1.0,1.0,1.0,58,0,0,58,58,1653,1653,35,35,3,1.8571428571428572,0.6367346938775512,3,1.8571428571428572,0.6367346938775512
16465,<=3,1.0,1.0,1.0,1.0,1.0,1.0,1.0,1.0,106,0,0,106,106,5565,5565,30,30,3,2.3333333333333335,0.6222222222222219,3,2.3333333333333335,0.6222222222222219
16468,<=3,1.0,1.0,1.0,1.0,1.0,1.0,1.0,1.0,64,0,0,64,64,2016,2016,28,28,3,2.25,0.6875,3,2.25,0.6875
16483,<=3,1.0,1.0,1.0,1.0,1.0,1.0,1.0,1.0,467,0,0,467,467,108811,108811,46,46,3,1.9130434782608696,0.6011342155009455,3,1.9130434782608696,0.6011342155009455
16486,<=3,1.0,1.0,1.0,1.0,1.0,1.0,1.0,1.0,80,0,0,80,80,3160,3160,20,20,3,1.8,0.4600000000000001,3,1.8,0.4600000000000001
16491,<=3,1.0,1.0,1.0,1.0,1.0,1.0,1.0,1.0,211,0,0,211,211,22155,22155,29,29,3,2.206896551724138,0.784780023781213,3,2.206896551724138,0.784780023781213
16494,<=3,1.0,1.0,1.0,1.0,1.0,1.0,1.0,1.0,21,0,0,21,21,210,210,9,9,2,1.4444444444444444,0.2469135802469136,2,1.4444444444444444,0.2469135802469136
16497,<=3,1.0,1.0,1.0,1.0,1.0,1.0,1.0,1.0,70,0,0,70,70,2415,2415,39,39,3,2.128205128205128,0.6245890861275476,3,2.128205128205128,0.6245890861275476
16499,<=3,1.0,1.0,1.0,1.0,1.0,1.0,1.0,1.0,143,0,0,143,143,10153,10153,27,27,3,1.7407407407407407,0.7846364883401921,3,1.7407407407407407,0.7846364883401921
16509,<=3,1.0,1.0,1.0,1.0,1.0,1.0,1.0,1.0,227,0,0,227,227,25651,25651,50,50,3,2.16,0.6543999999999999,3,2.16,0.6543999999999999
16513,<=3,1.0,1.0,1.0,1.0,1.0,1.0,1.0,1.0,159,0,0,159,159,12561,12561,45,45,3,1.8888888888888888,0.4987654320987657,3,1.8888888888888888,0.4987654320987657
16518,<=3,1.0,1.0,1.0,1.0,1.0,1.0,1.0,1.0,62,0,0,62,62,1891,1891,15,15,3,2.2,0.6933333333333335,3,2.2,0.6933333333333335
16521,<=3,1.0,1.0,1.0,1.0,1.0,1.0,1.0,1.0,106,0,0,106,106,5565,5565,34,34,3,2.264705882352941,0.606401384083045,3,2.264705882352941,0.606401384083045
16526,<=3,1.0,1.0,1.0,1.0,1.0,1.0,1.0,1.0,158,0,0,158,158,12403,12403,42,42,3,1.7857142857142858,0.5017006802721088,3,1.7857142857142858,0.5017006802721088
16531,<=3,1.0,1.0,1.0,1.0,1.0,1.0,1.0,1.0,112,0,0,112,112,6216,6216,35,35,3,1.8857142857142857,0.44408163265306116,3,1.8857142857142857,0.44408163265306116
16538,<=3,1.0,1.0,1.0,1.0,1.0,1.0,1.0,1.0,69,0,0,69,69,2346,2346,26,26,2,1.4615384615384615,0.24852071005917156,2,1.4615384615384615,0.24852071005917156
16544,<=3,1.0,1.0,1.0,1.0,1.0,1.0,1.0,1.0,77,0,0,77,77,2926,2926,29,29,3,2.0344827586206895,0.6539833531510106,3,2.0344827586206895,0.6539833531510106
16567,<=3,1.0,1.0,1.0,1.0,1.0,1.0,1.0,1.0,58,0,0,58,58,1653,1653,17,17,3,1.7647058823529411,0.532871972318339,3,1.7647058823529411,0.532871972318339
16573,<=3,1.0,1.0,1.0,1.0,1.0,1.0,1.0,1.0,43,0,0,43,43,903,903,19,19,3,1.8421052631578947,0.554016620498615,3,1.8421052631578947,0.554016620498615
16574,<=3,1.0,1.0,1.0,1.0,1.0,1.0,1.0,1.0,94,0,0,94,94,4371,4371,10,10,3,1.9,0.69,3,1.9,0.69
16575,<=3,1.0,1.0,1.0,1.0,1.0,1.0,1.0,1.0,52,0,0,52,52,1326,1326,14,14,3,1.7857142857142858,0.4540816326530612,3,1.7857142857142858,0.4540816326530612
16593,<=3,1.0,1.0,1.0,1.0,1.0,1.0,1.0,1.0,66,0,0,66,66,2145,2145,25,25,3,2.08,0.7135999999999999,3,2.08,0.7135999999999999
16605,<=3,1.0,1.0,1.0,1.0,1.0,1.0,1.0,1.0,15,0,0,15,15,105,105,10,10,3,2.0,0.8,3,2.0,0.8
16606,<=3,1.0,1.0,1.0,1.0,1.0,1.0,1.0,1.0,5,0,0,5,5,10,10,5,5,2,1.4,0.24,2,1.4,0.24
16616,<=3,1.0,1.0,1.0,1.0,1.0,1.0,1.0,1.0,238,0,0,238,238,28203,28203,57,57,3,2.0701754385964914,0.5564789165897198,3,2.0701754385964914,0.5564789165897198
16631,<=3,1.0,1.0,1.0,1.0,1.0,1.0,1.0,1.0,171,0,0,171,171,14535,14535,24,24,3,1.6666666666666667,0.47222222222222227,3,1.6666666666666667,0.47222222222222227
16653,<=3,1.0,1.0,1.0,1.0,1.0,1.0,1.0,1.0,43,0,0,43,43,903,903,14,14,3,1.7857142857142858,0.5969387755102041,3,1.7857142857142858,0.5969387755102041
16659,<=3,1.0,1.0,1.0,1.0,1.0,1.0,1.0,1.0,72,0,0,72,72,2556,2556,22,22,3,2.1818181818181817,0.6942148760330575,3,2.1818181818181817,0.6942148760330575
16660,<=3,1.0,1.0,1.0,1.0,1.0,1.0,1.0,1.0,72,0,0,72,72,2556,2556,22,22,3,1.8636363636363635,0.6632231404958678,3,1.8636363636363635,0.6632231404958678
16669,<=3,1.0,1.0,1.0,1.0,1.0,1.0,1.0,1.0,33,0,0,33,33,528,528,23,23,3,1.6521739130434783,0.4877126654064273,3,1.6521739130434783,0.4877126654064273
16670,<=3,1.0,1.0,1.0,1.0,1.0,1.0,1.0,1.0,28,0,0,28,28,378,378,16,16,3,1.625,0.609375,3,1.625,0.609375
16672,<=3,1.0,1.0,1.0,1.0,1.0,1.0,1.0,1.0,210,0,0,210,210,21945,21945,35,35,3,1.457142857142857,0.30530612244897964,3,1.457142857142857,0.30530612244897964
16673,<=3,1.0,1.0,1.0,1.0,1.0,1.0,1.0,1.0,24,0,0,24,24,276,276,13,13,2,1.3846153846153846,0.23668639053254442,2,1.3846153846153846,0.23668639053254442
16677,<=3,1.0,1.0,1.0,1.0,1.0,1.0,1.0,1.0,130,0,0,130,130,8385,8385,19,19,3,1.9473684210526316,0.6814404432132964,3,1.9473684210526316,0.6814404432132964
16683,<=3,1.0,1.0,1.0,1.0,1.0,1.0,1.0,1.0,60,0,0,60,60,1770,1770,11,11,3,1.9090909090909092,0.6280991735537189,3,1.9090909090909092,0.6280991735537189
16693,<=3,1.0,1.0,1.0,1.0,1.0,1.0,1.0,1.0,303,0,0,303,303,45753,45753,45,45,3,2.2444444444444445,0.6735802469135801,3,2.2444444444444445,0.6735802469135801
16697,<=3,1.0,1.0,1.0,1.0,1.0,1.0,1.0,1.0,140,0,0,140,140,9730,9730,19,19,3,2.0,0.7368421052631579,3,2.0,0.7368421052631579
16706,<=3,1.0,1.0,1.0,1.0,1.0,1.0,1.0,1.0,103,0,0,103,103,5253,5253,26,26,2,1.5769230769230769,0.24408284023668633,2,1.5769230769230769,0.24408284023668633
16715,<=3,1.0,1.0,1.0,1.0,1.0,1.0,1.0,1.0,43,0,0,43,43,903,903,18,18,2,1.4444444444444444,0.2469135802469136,2,1.4444444444444444,0.2469135802469136
16716,<=3,1.0,1.0,1.0,1.0,1.0,1.0,1.0,1.0,83,0,0,83,83,3403,3403,17,17,3,1.9411764705882353,0.6435986159169551,3,1.9411764705882353,0.6435986159169551
16720,<=3,1.0,1.0,1.0,1.0,1.0,1.0,1.0,1.0,52,0,0,52,52,1326,1326,16,16,3,1.5,0.375,3,1.5,0.375
16725,<=3,1.0,1.0,1.0,1.0,1.0,1.0,1.0,1.0,308,0,0,308,308,47278,47278,38,38,3,1.7894736842105263,0.5346260387811635,3,1.7894736842105263,0.5346260387811635
16733,<=3,1.0,1.0,1.0,1.0,1.0,1.0,1.0,1.0,57,0,0,57,57,1596,1596,19,19,3,1.5789473684210527,0.45429362880886426,3,1.5789473684210527,0.45429362880886426
16737,<=3,1.0,1.0,1.0,1.0,1.0,1.0,1.0,1.0,56,0,0,56,56,1540,1540,27,27,3,2.4074074074074074,0.6117969821673526,3,2.4074074074074074,0.6117969821673526
16744,<=3,1.0,1.0,1.0,1.0,1.0,1.0,1.0,1.0,26,0,0,26,26,325,325,11,11,3,1.8181818181818181,0.5123966942148761,3,1.8181818181818181,0.5123966942148761
16757,<=3,1.0,1.0,1.0,1.0,1.0,1.0,1.0,1.0,75,0,0,75,75,2775,2775,23,23,3,1.7391304347826086,0.4536862003780718,3,1.7391304347826086,0.4536862003780718
16758,<=3,1.0,1.0,1.0,1.0,1.0,1.0,1.0,1.0,164,0,0,164,164,13366,13366,47,47,3,2.1702127659574466,0.6093254866455408,3,2.1702127659574466,0.6093254866455408
16759,<=3,1.0,1.0,1.0,1.0,1.0,1.0,1.0,1.0,46,0,0,46,46,1035,1035,24,24,3,2.25,0.6041666666666666,3,2.25,0.6041666666666666
16761,<=3,1.0,1.0,1.0,1.0,1.0,1.0,1.0,1.0,95,0,0,95,95,4465,4465,28,28,3,1.7857142857142858,0.5255102040816327,3,1.7857142857142858,0.5255102040816327
16764,<=3,1.0,1.0,1.0,1.0,1.0,1.0,1.0,1.0,43,0,0,43,43,903,903,20,20,3,1.85,0.7275,3,1.85,0.7275
16765,<=3,1.0,1.0,1.0,1.0,1.0,1.0,1.0,1.0,72,0,0,72,72,2556,2556,27,27,3,1.9259259259259258,0.6611796982167353,3,1.9259259259259258,0.6611796982167353
16773,<=3,1.0,1.0,1.0,1.0,1.0,1.0,1.0,1.0,605,0,0,605,605,182710,182710,39,39,3,1.8205128205128205,0.45496383957922415,3,1.8205128205128205,0.45496383957922415
16775,<=3,1.0,1.0,1.0,1.0,1.0,1.0,1.0,1.0,266,0,0,266,266,35245,35245,50,50,3,2.3,0.61,3,2.3,0.61
16776,<=3,1.0,1.0,1.0,1.0,1.0,1.0,1.0,1.0,49,0,0,49,49,1176,1176,11,11,3,1.6363636363636365,0.4132231404958678,3,1.6363636363636365,0.4132231404958678
10130,all,1.0,1.0,1.0,1.0,1.0,1.0,1.0,1.0,193,0,0,193,193,18528,18528,54,54,4,2.388888888888889,1.089506172839506,4,2.388888888888889,1.089506172839506
10136,all,1.0,1.0,1.0,1.0,1.0,1.0,1.0,1.0,153,0,0,153,153,11628,11628,32,32,3,1.65625,0.3505859375,3,1.65625,0.3505859375
10138,all,1.0,1.0,1.0,1.0,1.0,1.0,1.0,1.0,115,0,0,115,115,6555,6555,53,53,4,1.8867924528301887,0.779636881452474,4,1.8867924528301887,0.779636881452474
10142,all,1.0,1.0,1.0,1.0,1.0,1.0,1.0,1.0,49,0,0,49,49,1176,1176,18,18,3,1.8888888888888888,0.54320987654321,3,1.8888888888888888,0.54320987654321
10145,all,1.0,1.0,1.0,1.0,1.0,1.0,1.0,1.0,69,0,0,69,69,2346,2346,30,30,2,1.4,0.24000000000000005,2,1.4,0.24000000000000005
10161,all,1.0,1.0,1.0,1.0,1.0,1.0,1.0,1.0,38,0,0,38,38,703,703,16,16,4,1.875,0.859375,4,1.875,0.859375
10166,all,1.0,1.0,1.0,1.0,1.0,1.0,1.0,1.0,51,0,0,51,51,1275,1275,8,8,2,1.375,0.234375,2,1.375,0.234375
10176,all,1.0,1.0,1.0,1.0,1.0,1.0,1.0,1.0,131,0,0,131,131,8515,8515,47,47,4,2.127659574468085,0.7922136713444998,4,2.127659574468085,0.7922136713444998
10179,all,1.0,1.0,1.0,1.0,1.0,1.0,1.0,1.0,69,0,0,69,69,2346,2346,25,25,4,2.48,0.8896000000000001,4,2.48,0.8896000000000001
10192,all,1.0,1.0,1.0,1.0,1.0,1.0,1.0,1.0,120,0,0,120,120,7140,7140,58,58,5,2.2241379310344827,1.104934601664685,5,2.2241379310344827,1.104934601664685
10196,all,1.0,1.0,1.0,1.0,1.0,1.0,1.0,1.0,50,0,0,50,50,1225,1225,12,12,2,1.5,0.25,2,1.5,0.25
10205,all,1.0,1.0,1.0,1.0,1.0,1.0,1.0,1.0,129,0,0,129,129,8256,8256,59,59,5,2.0847457627118646,0.9589198506176387,5,2.0847457627118646,0.9589198506176387
10211,all,1.0,1.0,1.0,1.0,1.0,1.0,1.0,1.0,138,0,0,138,138,9453,9453,26,26,3,1.4615384615384615,0.4792899408284023,3,1.4615384615384615,0.4792899408284023
10217,all,1.0,1.0,1.0,1.0,1.0,1.0,1.0,1.0,10,0,0,10,10,45,45,6,6,2,1.1666666666666667,0.13888888888888887,2,1.1666666666666667,0.13888888888888887
10219,all,1.0,1.0,1.0,1.0,1.0,1.0,1.0,1.0,58,0,0,58,58,1653,1653,18,18,4,2.0,0.8888888888888888,4,2.0,0.8888888888888888
10232,all,1.0,1.0,1.0,1.0,1.0,1.0,1.0,1.0,48,0,0,48,48,1128,1128,22,22,4,2.3636363636363638,0.7768595041322314,4,2.3636363636363638,0.7768595041322314
10243,all,1.0,1.0,1.0,1.0,1.0,1.0,1.0,1.0,103,0,0,103,103,5253,5253,36,36,4,1.9722222222222223,0.8047839506172838,4,1.9722222222222223,0.8047839506172838
10244,all,1.0,1.0,1.0,1.0,1.0,1.0,1.0,1.0,87,0,0,87,87,3741,3741,42,42,4,1.8571428571428572,0.7891156462585035,4,1.8571428571428572,0.7891156462585035
10245,all,1.0,1.0,1.0,1.0,1.0,1.0,1.0,1.0,13,0,0,13,13,78,78,11,11,3,1.3636363636363635,0.4132231404958678,3,1.3636363636363635,0.4132231404958678
10248,all,1.0,1.0,1.0,1.0,1.0,1.0,1.0,1.0,30,0,0,30,30,435,435,17,17,5,2.7058823529411766,1.5017301038062285,5,2.7058823529411766,1.5017301038062285
10249,all,1.0,1.0,1.0,1.0,1.0,1.0,1.0,1.0,75,0,0,75,75,2775,2775,27,27,4,2.4444444444444446,1.0617283950617282,4,2.4444444444444446,1.0617283950617282
10256,all,1.0,1.0,1.0,1.0,1.0,1.0,1.0,1.0,21,0,0,21,21,210,210,9,9,2,1.4444444444444444,0.2469135802469136,2,1.4444444444444444,0.2469135802469136
10263,all,1.0,1.0,1.0,1.0,1.0,1.0,1.0,1.0,41,0,0,41,41,820,820,21,21,3,1.380952380952381,0.33106575963718815,3,1.380952380952381,0.33106575963718815
10265,all,1.0,1.0,1.0,1.0,1.0,1.0,1.0,1.0,75,0,0,75,75,2775,2775,30,30,3,2.1333333333333333,0.5822222222222222,3,2.1333333333333333,0.5822222222222222
10275,all,1.0,1.0,1.0,1.0,1.0,1.0,1.0,1.0,83,0,0,83,83,3403,3403,34,34,4,2.0294117647058822,0.7932525951557095,4,2.0294117647058822,0.7932525951557095
10276,all,1.0,1.0,1.0,1.0,1.0,1.0,1.0,1.0,111,0,0,111,111,6105,6105,30,30,3,1.9333333333333333,0.528888888888889,3,1.9333333333333333,0.528888888888889
10281,all,1.0,1.0,1.0,1.0,1.0,1.0,1.0,1.0,130,0,0,130,130,8385,8385,26,26,3,1.8076923076923077,0.5399408284023669,3,1.8076923076923077,0.5399408284023669
10303,all,1.0,1.0,1.0,1.0,1.0,1.0,1.0,1.0,49,0,0,49,49,1176,1176,8,8,4,2.375,0.984375,4,2.375,0.984375
10309,all,1.0,1.0,1.0,1.0,1.0,1.0,1.0,1.0,55,0,0,55,55,1485,1485,33,33,4,2.757575757575758,1.0321395775941231,4,2.757575757575758,1.0321395775941231
10319,all,1.0,1.0,1.0,1.0,1.0,1.0,1.0,1.0,38,0,0,38,38,703,703,18,18,4,1.8333333333333333,0.8055555555555556,4,1.8333333333333333,0.8055555555555556
10324,all,1.0,1.0,1.0,1.0,1.0,1.0,1.0,1.0,76,0,0,76,76,2850,2850,23,23,4,2.4347826086956523,0.5935727788279774,4,2.4347826086956523,0.5935727788279774
10327,all,1.0,1.0,1.0,1.0,1.0,1.0,1.0,1.0,62,0,0,62,62,1891,1891,13,13,3,1.9230769230769231,0.6863905325443788,3,1.9230769230769231,0.6863905325443788
10343,all,1.0,1.0,1.0,1.0,1.0,1.0,1.0,1.0,54,0,0,54,54,1431,1431,16,16,3,1.75,0.8125,3,1.75,0.8125
10369,all,1.0,1.0,1.0,1.0,1.0,1.0,1.0,1.0,46,0,0,46,46,1035,1035,20,20,3,1.85,0.5275,3,1.85,0.5275
10386,all,1.0,1.0,1.0,1.0,1.0,1.0,1.0,1.0,60,0,0,60,60,1770,1770,22,22,3,1.9090909090909092,0.537190082644628,3,1.9090909090909092,0.537190082644628
10388,all,1.0,1.0,1.0,1.0,1.0,1.0,1.0,1.0,25,0,0,25,25,300,300,17,17,3,1.588235294117647,0.47750865051903113,3,1.588235294117647,0.47750865051903113
10403,all,1.0,1.0,1.0,1.0,1.0,1.0,1.0,1.0,39,0,0,39,39,741,741,14,14,3,1.4285714285714286,0.38775510204081637,3,1.4285714285714286,0.38775510204081637
10407,all,1.0,1.0,1.0,1.0,1.0,1.0,1.0,1.0,12,0,0,12,12,66,66,7,7,2,1.1428571428571428,0.12244897959183675,2,1.1428571428571428,0.12244897959183675
10414,all,1.0,1.0,1.0,1.0,1.0,1.0,1.0,1.0,74,0,0,74,74,2701,2701,12,12,3,2.0,0.3333333333333333,3,2.0,0.3333333333333333
10420,all,1.0,1.0,1.0,1.0,1.0,1.0,1.0,1.0,120,0,0,120,120,7140,7140,18,18,4,1.7222222222222223,0.7561728395061729,4,1.7222222222222223,0.7561728395061729
10421,all,1.0,1.0,1.0,1.0,1.0,1.0,1.0,1.0,21,0,0,21,21,210,210,8,8,3,1.875,0.609375,3,1.875,0.609375
10430,all,1.0,1.0,1.0,1.0,1.0,1.0,1.0,1.0,90,0,0,90,90,4005,4005,25,25,3,1.48,0.3296,3,1.48,0.3296
10432,all,1.0,1.0,1.0,1.0,1.0,1.0,1.0,1.0,164,0,0,164,164,13366,13366,11,11,2,1.4545454545454546,0.24793388429752064,2,1.4545454545454546,0.24793388429752064
10440,all,1.0,1.0,1.0,1.0,1.0,1.0,1.0,1.0,22,0,0,22,22,231,231,14,14,3,2.142857142857143,0.5510204081632653,3,2.142857142857143,0.5510204081632653
10444,all,1.0,1.0,1.0,1.0,1.0,1.0,1.0,1.0,20,0,0,20,20,190,190,13,13,3,1.6153846153846154,0.3905325443786983,3,1.6153846153846154,0.3905325443786983
10445,all,1.0,1.0,1.0,1.0,1.0,1.0,1.0,1.0,66,0,0,66,66,2145,2145,26,26,4,2.230769230769231,0.7159763313609468,4,2.230769230769231,0.7159763313609468
10449,all,1.0,1.0,1.0,1.0,1.0,1.0,1.0,1.0,94,0,0,94,94,4371,4371,23,23,3,1.7826086956521738,0.6918714555765595,3,1.7826086956521738,0.6918714555765595
10463,all,1.0,1.0,1.0,1.0,1.0,1.0,1.0,1.0,87,0,0,87,87,3741,3741,27,27,4,1.8518518518518519,0.792866941015089,4,1.8518518518518519,0.792866941015089
10471,all,1.0,1.0,1.0,1.0,1.0,1.0,1.0,1.0,72,0,0,72,72,2556,2556,24,24,3,1.75,0.6041666666666666,3,1.75,0.6041666666666666
10472,all,1.0,1.0,1.0,1.0,1.0,1.0,1.0,1.0,157,0,0,157,157,12246,12246,41,41,4,1.9024390243902438,0.6246281975014872,4,1.9024390243902438,0.6246281975014872
10476,all,1.0,1.0,1.0,1.0,1.0,1.0,1.0,1.0,108,0,0,108,108,5778,5778,20,20,3,1.5,0.45,3,1.5,0.45
10484,all,1.0,1.0,1.0,1.0,1.0,1.0,1.0,1.0,109,0,0,109,109,5886,5886,32,32,3,1.5625,0.37109375,3,1.5625,0.37109375
10495,all,1.0,1.0,1.0,1.0,1.0,1.0,1.0,1.0,88,0,0,88,88,3828,3828,22,22,3,1.9090909090909092,0.6280991735537189,3,1.9090909090909092,0.6280991735537189
10496,all,1.0,1.0,1.0,1.0,1.0,1.0,1.0,1.0,71,0,0,71,71,2485,2485,27,27,3,1.6296296296296295,0.45541838134430734,3,1.6296296296296295,0.45541838134430734
10498,all,1.0,1.0,1.0,1.0,1.0,1.0,1.0,1.0,92,0,0,92,92,4186,4186,44,44,6,2.659090909090909,1.5428719008264464,6,2.659090909090909,1.5428719008264464
10526,all,1.0,1.0,1.0,1.0,1.0,1.0,1.0,1.0,50,0,0,50,50,1225,1225,22,22,3,1.5,0.4318181818181818,3,1.5,0.4318181818181818
10534,all,1.0,1.0,1.0,1.0,1.0,1.0,1.0,1.0,47,0,0,47,47,1081,1081,17,17,3,1.7647058823529411,0.4152249134948097,3,1.7647058823529411,0.4152249134948097
10539,all,1.0,1.0,1.0,1.0,1.0,1.0,1.0,1.0,97,0,0,97,97,4656,4656,21,21,3,1.7142857142857142,0.5850340136054423,3,1.7142857142857142,0.5850340136054423
10546,all,1.0,1.0,1.0,1.0,1.0,1.0,1.0,1.0,11,0,0,11,11,55,55,7,7,2,1.4285714285714286,0.24489795918367346,2,1.4285714285714286,0.24489795918367346
10547,all,1.0,1.0,1.0,1.0,1.0,1.0,1.0,1.0,46,0,0,46,46,1035,1035,17,17,4,1.8823529411764706,0.809688581314879,4,1.8823529411764706,0.809688581314879
10560,all,1.0,1.0,1.0,1.0,1.0,1.0,1.0,1.0,38,0,0,38,38,703,703,24,24,4,2.25,0.8541666666666666,4,2.25,0.8541666666666666
10579,all,1.0,1.0,1.0,1.0,1.0,1.0,1.0,1.0,84,0,0,84,84,3486,3486,29,29,4,1.8620689655172413,0.8775267538644471,4,1.8620689655172413,0.8775267538644471
10580,all,1.0,1.0,1.0,1.0,1.0,1.0,1.0,1.0,28,0,0,28,28,378,378,10,10,3,2.2,0.76,3,2.2,0.76
10581,all,1.0,1.0,1.0,1.0,1.0,1.0,1.0,1.0,74,0,0,74,74,2701,2701,39,39,4,1.9487179487179487,0.7153188691650229,4,1.9487179487179487,0.7153188691650229
10591,all,1.0,1.0,1.0,1.0,1.0,1.0,1.0,1.0,557,0,0,557,557,154846,154846,56,56,5,2.5535714285714284,1.1042729591836733,5,2.5535714285714284,1.1042729591836733
10600,all,1.0,1.0,1.0,1.0,1.0,1.0,1.0,1.0,61,0,0,61,61,1830,1830,31,31,4,2.161290322580645,0.9739854318418314,4,2.161290322580645,0.9739854318418314
10613,all,1.0,1.0,1.0,1.0,1.0,1.0,1.0,1.0,184,0,0,184,184,16836,16836,44,44,5,2.5,1.0227272727272727,5,2.5,1.0227272727272727
10614,all,1.0,1.0,1.0,1.0,1.0,1.0,1.0,1.0,55,0,0,55,55,1485,1485,15,15,3,1.4,0.37333333333333335,3,1.4,0.37333333333333335
10621,all,1.0,1.0,1.0,1.0,1.0,1.0,1.0,1.0,110,0,0,110,110,5995,5995,44,44,4,1.9090909090909092,0.6735537190082644,4,1.9090909090909092,0.6735537190082644
10624,all,1.0,1.0,1.0,1.0,1.0,1.0,1.0,1.0,45,0,0,45,45,990,990,18,18,3,1.7222222222222223,0.5339506172839505,3,1.7222222222222223,0.5339506172839505
10627,all,1.0,1.0,1.0,1.0,1.0,1.0,1.0,1.0,19,0,0,19,19,171,171,14,14,3,2.0714285714285716,0.9234693877551019,3,2.0714285714285716,0.9234693877551019
10639,all,1.0,1.0,1.0,1.0,1.0,1.0,1.0,1.0,175,0,0,175,175,15225,15225,52,52,4,2.269230769230769,0.9275147928994085,4,2.269230769230769,0.9275147928994085
10644,all,1.0,1.0,1.0,1.0,1.0,1.0,1.0,1.0,334,0,0,334,334,55611,55611,30,30,4,2.1333333333333333,0.9822222222222223,4,2.1333333333333333,0.9822222222222223
10655,all,1.0,1.0,1.0,1.0,1.0,1.0,1.0,1.0,120,0,0,120,120,7140,7140,20,20,3,1.5,0.35,3,1.5,0.35
10681,all,1.0,1.0,1.0,1.0,1.0,1.0,1.0,1.0,21,0,0,21,21,210,210,10,10,2,1.5,0.25,2,1.5,0.25
10683,all,1.0,1.0,1.0,1.0,1.0,1.0,1.0,1.0,83,0,0,83,83,3403,3403,36,36,4,1.8611111111111112,0.6751543209876543,4,1.8611111111111112,0.6751543209876543
10684,all,1.0,1.0,1.0,1.0,1.0,1.0,1.0,1.0,20,0,0,20,20,190,190,13,13,3,1.8461538461538463,0.5917159763313611,3,1.8461538461538463,0.5917159763313611
10691,all,1.0,1.0,1.0,1.0,1.0,1.0,1.0,1.0,47,0,0,47,47,1081,1081,34,34,3,1.911764705882353,0.551038062283737,3,1.911764705882353,0.551038062283737
10693,all,1.0,1.0,1.0,1.0,1.0,1.0,1.0,1.0,17,0,0,17,17,136,136,14,14,3,1.3571428571428572,0.3724489795918367,3,1.3571428571428572,0.3724489795918367
10694,all,1.0,1.0,1.0,1.0,1.0,1.0,1.0,1.0,85,0,0,85,85,3570,3570,13,13,2,1.4615384615384615,0.24852071005917153,2,1.4615384615384615,0.24852071005917153
10698,all,1.0,1.0,1.0,1.0,1.0,1.0,1.0,1.0,40,0,0,40,40,780,780,20,20,4,2.2,0.96,4,2.2,0.96
10701,all,1.0,1.0,1.0,1.0,1.0,1.0,1.0,1.0,286,0,0,286,286,40755,40755,61,61,4,2.1475409836065573,0.7159365761891964,4,2.1475409836065573,0.7159365761891964
10702,all,1.0,1.0,1.0,1.0,1.0,1.0,1.0,1.0,40,0,0,40,40,780,780,13,13,3,2.0,0.6153846153846154,3,2.0,0.6153846153846154
10711,all,1.0,1.0,1.0,1.0,1.0,1.0,1.0,1.0,202,0,0,202,202,20301,20301,44,44,4,2.2045454545454546,0.8445247933884299,4,2.2045454545454546,0.8445247933884299
10714,all,1.0,1.0,1.0,1.0,1.0,1.0,1.0,1.0,45,0,0,45,45,990,990,20,20,2,1.4,0.24000000000000005,2,1.4,0.24000000000000005
10716,all,1.0,1.0,1.0,1.0,1.0,1.0,1.0,1.0,57,0,0,57,57,1596,1596,16,16,4,2.125,1.109375,4,2.125,1.109375
10719,all,1.0,1.0,1.0,1.0,1.0,1.0,1.0,1.0,88,0,0,88,88,3828,3828,35,35,4,1.7142857142857142,0.43265306122448977,4,1.7142857142857142,0.43265306122448977
10720,all,1.0,1.0,1.0,1.0,1.0,1.0,1.0,1.0,25,0,0,25,25,300,300,16,16,2,1.5625,0.24609375,2,1.5625,0.24609375
10727,all,1.0,1.0,1.0,1.0,1.0,1.0,1.0,1.0,142,0,0,142,142,10011,10011,39,39,4,2.6666666666666665,1.1452991452991452,4,2.6666666666666665,1.1452991452991452
10728,all,1.0,1.0,1.0,1.0,1.0,1.0,1.0,1.0,63,0,0,63,63,1953,1953,17,17,4,1.8235294117647058,0.9688581314878894,4,1.8235294117647058,0.9688581314878894
10733,all,1.0,1.0,1.0,1.0,1.0,1.0,1.0,1.0,28,0,0,28,28,378,378,13,13,3,1.5384615384615385,0.4023668639053254,3,1.5384615384615385,0.4023668639053254
10735,all,1.0,1.0,1.0,1.0,1.0,1.0,1.0,1.0,53,0,0,53,53,1378,1378,28,28,4,1.7857142857142858,0.6683673469387755,4,1.7857142857142858,0.6683673469387755
10743,all,1.0,1.0,1.0,1.0,1.0,1.0,1.0,1.0,69,0,0,69,69,2346,2346,30,30,3,1.9666666666666666,0.6322222222222221,3,1.9666666666666666,0.6322222222222221
10766,all,1.0,1.0,1.0,1.0,1.0,1.0,1.0,1.0,32,0,0,32,32,496,496,12,12,3,1.8333333333333333,0.638888888888889,3,1.8333333333333333,0.638888888888889
10769,all,1.0,1.0,1.0,1.0,1.0,1.0,1.0,1.0,34,0,0,34,34,561,561,17,17,3,1.9411764705882353,0.6435986159169551,3,1.9411764705882353,0.6435986159169551
10779,all,1.0,1.0,1.0,1.0,1.0,1.0,1.0,1.0,51,0,0,51,51,1275,1275,30,30,3,1.7,0.6099999999999999,3,1.7,0.6099999999999999
10784,all,1.0,1.0,1.0,1.0,1.0,1.0,1.0,1.0,257,0,0,257,257,32896,32896,43,43,3,1.744186046511628,0.562466197944835,3,1.744186046511628,0.562466197944835
10785,all,1.0,1.0,1.0,1.0,1.0,1.0,1.0,1.0,26,0,0,26,26,325,325,17,17,3,1.7647058823529411,0.532871972318339,3,1.7647058823529411,0.532871972318339
10787,all,1.0,1.0,1.0,1.0,1.0,1.0,1.0,1.0,26,0,0,26,26,325,325,17,17,4,2.176470588235294,0.8512110726643599,4,2.176470588235294,0.8512110726643599
10793,all,1.0,1.0,1.0,1.0,1.0,1.0,1.0,1.0,210,0,0,210,210,21945,21945,49,49,6,2.5510204081632653,1.431070387338609,6,2.5510204081632653,1.431070387338609
10817,all,1.0,1.0,1.0,1.0,1.0,1.0,1.0,1.0,48,0,0,48,48,1128,1128,26,26,3,2.076923076923077,0.6094674556213017,3,2.076923076923077,0.6094674556213017
10818,all,1.0,1.0,1.0,1.0,1.0,1.0,1.0,1.0,90,0,0,90,90,4005,4005,17,17,3,1.7058823529411764,0.5605536332179931,3,1.7058823529411764,0.5605536332179931
10822,all,1.0,1.0,1.0,1.0,1.0,1.0,1.0,1.0,39,0,0,39,39,741,741,13,13,3,1.6153846153846154,0.3905325443786983,3,1.6153846153846154,0.3905325443786983
10831,all,1.0,1.0,1.0,1.0,1.0,1.0,1.0,1.0,28,0,0,28,28,378,378,17,17,3,1.7647058823529411,0.4152249134948097,3,1.7647058823529411,0.4152249134948097
10837,all,1.0,1.0,1.0,1.0,1.0,1.0,1.0,1.0,199,0,0,199,199,19701,19701,37,37,4,2.081081081081081,0.6150474799123448,4,2.081081081081081,0.6150474799123448
10844,all,1.0,1.0,1.0,1.0,1.0,1.0,1.0,1.0,156,0,0,156,156,12090,12090,44,44,3,1.5681818181818181,0.38171487603305787,3,1.5681818181818181,0.38171487603305787
10851,all,1.0,1.0,1.0,1.0,1.0,1.0,1.0,1.0,66,0,0,66,66,2145,2145,23,23,5,2.0869565217391304,1.2967863894139888,5,2.0869565217391304,1.2967863894139888
10856,all,1.0,1.0,1.0,1.0,1.0,1.0,1.0,1.0,26,0,0,26,26,325,325,11,11,4,2.5454545454545454,0.9752066115702479,4,2.5454545454545454,0.9752066115702479
10867,all,1.0,1.0,1.0,1.0,1.0,1.0,1.0,1.0,41,0,0,41,41,820,820,16,16,3,1.6875,0.58984375,3,1.6875,0.58984375
10871,all,1.0,1.0,1.0,1.0,1.0,1.0,1.0,1.0,35,0,0,35,35,595,595,23,23,4,2.217391304347826,0.9527410207939507,4,2.217391304347826,0.9527410207939507
10877,all,1.0,1.0,1.0,1.0,1.0,1.0,1.0,1.0,105,0,0,105,105,5460,5460,48,48,4,2.1666666666666665,0.8472222222222222,4,2.1666666666666665,0.8472222222222222
10881,all,1.0,1.0,1.0,1.0,1.0,1.0,1.0,1.0,200,0,0,200,200,19900,19900,47,47,4,1.9787234042553192,0.7442281575373472,4,1.9787234042553192,0.7442281575373472
10900,all,1.0,1.0,1.0,1.0,1.0,1.0,1.0,1.0,27,0,0,27,27,351,351,9,9,3,1.3333333333333333,0.4444444444444444,3,1.3333333333333333,0.4444444444444444
10903,all,1.0,1.0,1.0,1.0,1.0,1.0,1.0,1.0,107,0,0,107,107,5671,5671,32,32,3,1.5,0.375,3,1.5,0.375
10907,all,1.0,1.0,1.0,1.0,1.0,1.0,1.0,1.0,82,0,0,82,82,3321,3321,9,9,2,1.2222222222222223,0.1728395061728395,2,1.2222222222222223,0.1728395061728395
10935,all,1.0,1.0,1.0,1.0,1.0,1.0,1.0,1.0,82,0,0,82,82,3321,3321,15,15,3,1.7333333333333334,0.5955555555555556,3,1.7333333333333334,0.5955555555555556
10936,all,1.0,1.0,1.0,1.0,1.0,1.0,1.0,1.0,87,0,0,87,87,3741,3741,34,34,3,1.911764705882353,0.3745674740484429,3,1.911764705882353,0.3745674740484429
10948,all,1.0,1.0,1.0,1.0,1.0,1.0,1.0,1.0,134,0,0,134,134,8911,8911,55,55,4,2.2363636363636363,0.9077685950413223,4,2.2363636363636363,0.9077685950413223
10964,all,1.0,1.0,1.0,1.0,1.0,1.0,1.0,1.0,90,0,0,90,90,4005,4005,27,27,5,2.5185185185185186,1.3607681755829901,5,2.5185185185185186,1.3607681755829901
10966,all,1.0,1.0,1.0,1.0,1.0,1.0,1.0,1.0,105,0,0,105,105,5460,5460,44,44,4,2.159090909090909,0.8610537190082646,4,2.159090909090909,0.8610537190082646
10969,all,1.0,1.0,1.0,1.0,1.0,1.0,1.0,1.0,26,0,0,26,26,325,325,13,13,4,1.7692307692307692,0.9467455621301775,4,1.7692307692307692,0.9467455621301775
10981,all,1.0,1.0,1.0,1.0,1.0,1.0,1.0,1.0,39,0,0,39,39,741,741,20,20,3,1.55,0.44749999999999995,3,1.55,0.44749999999999995
11004,all,1.0,1.0,1.0,1.0,1.0,1.0,1.0,1.0,114,0,0,114,114,6441,6441,32,32,4,2.15625,1.0693359375,4,2.15625,1.0693359375
11015,all,1.0,1.0,1.0,1.0,1.0,1.0,1.0,1.0,223,0,0,223,223,24753,24753,25,25,3,2.16,0.6144000000000002,3,2.16,0.6144000000000002
11025,all,1.0,1.0,1.0,1.0,1.0,1.0,1.0,1.0,118,0,0,118,118,6903,6903,33,33,4,2.0606060606060606,0.7842056932966024,4,2.0606060606060606,0.7842056932966024
11041,all,1.0,1.0,1.0,1.0,1.0,1.0,1.0,1.0,274,0,0,274,274,37401,37401,31,31,4,2.2580645161290325,1.3527575442247657,4,2.2580645161290325,1.3527575442247657
11042,all,1.0,1.0,1.0,1.0,1.0,1.0,1.0,1.0,10,0,0,10,10,45,45,7,7,2,1.2857142857142858,0.20408163265306123,2,1.2857142857142858,0.20408163265306123
11052,all,1.0,1.0,1.0,1.0,1.0,1.0,1.0,1.0,16,0,0,16,16,120,120,12,12,3,2.0833333333333335,0.7430555555555555,3,2.0833333333333335,0.7430555555555555
11065,all,1.0,1.0,1.0,1.0,1.0,1.0,1.0,1.0,130,0,0,130,130,8385,8385,57,57,4,2.263157894736842,0.7553093259464451,4,2.263157894736842,0.7553093259464451
11076,all,1.0,1.0,1.0,1.0,1.0,1.0,1.0,1.0,44,0,0,44,44,946,946,13,13,4,2.230769230769231,1.1005917159763317,4,2.230769230769231,1.1005917159763317
11077,all,1.0,1.0,1.0,1.0,1.0,1.0,1.0,1.0,59,0,0,59,59,1711,1711,29,29,4,2.206896551724138,0.6468489892984541,4,2.206896551724138,0.6468489892984541
11080,all,1.0,1.0,1.0,1.0,1.0,1.0,1.0,1.0,71,0,0,71,71,2485,2485,33,33,4,2.0,0.9090909090909091,4,2.0,0.9090909090909091
11081,all,1.0,1.0,1.0,1.0,1.0,1.0,1.0,1.0,9,0,0,9,9,36,36,5,5,2,1.6,0.24,2,1.6,0.24
11100,all,1.0,1.0,1.0,1.0,1.0,1.0,1.0,1.0,25,0,0,25,25,300,300,15,15,3,1.5333333333333334,0.3822222222222222,3,1.5333333333333334,0.3822222222222222
11107,all,1.0,1.0,1.0,1.0,1.0,1.0,1.0,1.0,113,0,0,113,113,6328,6328,43,43,3,1.8604651162790697,0.445646295294754,3,1.8604651162790697,0.445646295294754
11129,all,1.0,1.0,1.0,1.0,1.0,1.0,1.0,1.0,48,0,0,48,48,1128,1128,27,27,4,2.4074074074074074,0.6858710562414266,4,2.4074074074074074,0.6858710562414266
11138,all,1.0,1.0,1.0,1.0,1.0,1.0,1.0,1.0,54,0,0,54,54,1431,1431,23,23,4,2.0869565217391304,0.9489603024574669,4,2.0869565217391304,0.9489603024574669
11147,all,1.0,1.0,1.0,1.0,1.0,1.0,1.0,1.0,36,0,0,36,36,630,630,14,14,3,1.5,0.39285714285714285,3,1.5,0.39285714285714285
11156,all,1.0,1.0,1.0,1.0,1.0,1.0,1.0,1.0,144,0,0,144,144,10296,10296,43,43,4,2.13953488372093,0.6316928069226608,4,2.13953488372093,0.6316928069226608
11158,all,1.0,1.0,1.0,1.0,1.0,1.0,1.0,1.0,52,0,0,52,52,1326,1326,21,21,3,1.5238095238095237,0.3446712018140589,3,1.5238095238095237,0.3446712018140589
11159,all,1.0,1.0,1.0,1.0,1.0,1.0,1.0,1.0,114,0,0,114,114,6441,6441,23,23,2,1.4782608695652173,0.24952741020793945,2,1.4782608695652173,0.24952741020793945
11168,all,1.0,1.0,1.0,1.0,1.0,1.0,1.0,1.0,23,0,0,23,23,253,253,11,11,4,2.3636363636363638,1.140495867768595,4,2.3636363636363638,1.140495867768595
11169,all,1.0,1.0,1.0,1.0,1.0,1.0,1.0,1.0,27,0,0,27,27,351,351,16,16,3,2.125,0.609375,3,2.125,0.609375
11172,all,1.0,1.0,1.0,1.0,1.0,1.0,1.0,1.0,174,0,0,174,174,15051,15051,32,32,4,1.59375,0.5537109375,4,1.59375,0.5537109375
11181,all,1.0,1.0,1.0,1.0,1.0,1.0,1.0,1.0,19,0,0,19,19,171,171,12,12,3,1.5833333333333333,0.40972222222222215,3,1.5833333333333333,0.40972222222222215
11182,all,1.0,1.0,1.0,1.0,1.0,1.0,1.0,1.0,173,0,0,173,173,14878,14878,49,49,4,1.8979591836734695,0.5814244064972927,4,1.8979591836734695,0.5814244064972927
11184,all,1.0,1.0,1.0,1.0,1.0,1.0,1.0,1.0,33,0,0,33,33,528,528,14,14,2,1.4285714285714286,0.24489795918367346,2,1.4285714285714286,0.24489795918367346
11188,all,1.0,1.0,1.0,1.0,1.0,1.0,1.0,1.0,92,0,0,92,92,4186,4186,12,12,3,1.3333333333333333,0.3888888888888889,3,1.3333333333333333,0.3888888888888889
11195,all,1.0,1.0,1.0,1.0,1.0,1.0,1.0,1.0,27,0,0,27,27,351,351,14,14,2,1.4285714285714286,0.24489795918367346,2,1.4285714285714286,0.24489795918367346
11196,all,1.0,1.0,1.0,1.0,1.0,1.0,1.0,1.0,61,0,0,61,61,1830,1830,14,14,3,1.5714285714285714,0.38775510204081637,3,1.5714285714285714,0.38775510204081637
11198,all,1.0,1.0,1.0,1.0,1.0,1.0,1.0,1.0,146,0,0,146,146,10585,10585,53,53,5,2.150943396226415,0.9206123175507298,5,2.150943396226415,0.9206123175507298
11202,all,1.0,1.0,1.0,1.0,1.0,1.0,1.0,1.0,20,0,0,20,20,190,190,15,15,3,2.0,0.6666666666666666,3,2.0,0.6666666666666666
11205,all,1.0,1.0,1.0,1.0,1.0,1.0,1.0,1.0,108,0,0,108,108,5778,5778,29,29,3,2.0344827586206895,0.44708680142687274,3,2.0344827586206895,0.44708680142687274
11209,all,1.0,1.0,1.0,1.0,1.0,1.0,1.0,1.0,116,0,0,116,116,6670,6670,50,50,4,2.02,0.8596,4,2.02,0.8596
11227,all,1.0,1.0,1.0,1.0,1.0,1.0,1.0,1.0,24,0,0,24,24,276,276,17,17,4,2.4705882352941178,1.1903114186851214,4,2.4705882352941178,1.1903114186851214
11229,all,1.0,1.0,1.0,1.0,1.0,1.0,1.0,1.0,83,0,0,83,83,3403,3403,42,42,4,2.4047619047619047,1.0980725623582768,4,2.4047619047619047,1.0980725623582768
11231,all,1.0,1.0,1.0,1.0,1.0,1.0,1.0,1.0,47,0,0,47,47,1081,1081,21,21,3,1.8095238095238095,0.6303854875283446,3,1.8095238095238095,0.6303854875283446
11233,all,1.0,1.0,1.0,1.0,1.0,1.0,1.0,1.0,111,0,0,111,111,6105,6105,22,22,3,1.6363636363636365,0.4132231404958677,3,1.6363636363636365,0.4132231404958677
11238,all,1.0,1.0,1.0,1.0,1.0,1.0,1.0,1.0,26,0,0,26,26,325,325,13,13,2,1.6153846153846154,0.23668639053254442,2,1.6153846153846154,0.23668639053254442
11241,all,1.0,1.0,1.0,1.0,1.0,1.0,1.0,1.0,155,0,0,155,155,11935,11935,29,29,3,1.5172413793103448,0.31866825208085614,3,1.5172413793103448,0.31866825208085614
11244,all,1.0,1.0,1.0,1.0,1.0,1.0,1.0,1.0,42,0,0,42,42,861,861,23,23,3,1.9565217391304348,0.5633270321361059,3,1.9565217391304348,0.5633270321361059
11258,all,1.0,1.0,1.0,1.0,1.0,1.0,1.0,1.0,147,0,0,147,147,10731,10731,62,62,5,2.532258064516129,1.119927159209157,5,2.532258064516129,1.119927159209157
11260,all,1.0,1.0,1.0,1.0,1.0,1.0,1.0,1.0,90,0,0,90,90,4005,4005,39,39,3,1.8205128205128205,0.5062458908612754,3,1.8205128205128205,0.5062458908612754
11262,all,1.0,1.0,1.0,1.0,1.0,1.0,1.0,1.0,83,0,0,83,83,3403,3403,40,40,4,1.525,0.449375,4,1.525,0.449375
11265,all,1.0,1.0,1.0,1.0,1.0,1.0,1.0,1.0,270,0,0,270,270,36315,36315,58,58,5,2.189655172413793,0.9123067776456599,5,2.189655172413793,0.9123067776456599
11269,all,1.0,1.0,1.0,1.0,1.0,1.0,1.0,1.0,53,0,0,53,53,1378,1378,19,19,4,1.7894736842105263,1.0083102493074794,4,1.7894736842105263,1.0083102493074794
11276,all,1.0,1.0,1.0,1.0,1.0,1.0,1.0,1.0,83,0,0,83,83,3403,3403,23,23,3,1.608695652173913,0.4120982986767486,3,1.608695652173913,0.4120982986767486
11282,all,1.0,1.0,1.0,1.0,1.0,1.0,1.0,1.0,51,0,0,51,51,1275,1275,18,18,4,2.0555555555555554,1.2746913580246912,4,2.0555555555555554,1.2746913580246912
11292,all,1.0,1.0,1.0,1.0,1.0,1.0,1.0,1.0,141,0,0,141,141,9870,9870,45,45,5,2.533333333333333,1.4933333333333336,5,2.533333333333333,1.4933333333333336
11297,all,1.0,1.0,1.0,1.0,1.0,1.0,1.0,1.0,47,0,0,47,47,1081,1081,19,19,3,1.631578947368421,0.443213296398892,3,1.631578947368421,0.443213296398892
11299,all,1.0,1.0,1.0,1.0,1.0,1.0,1.0,1.0,52,0,0,52,52,1326,1326,24,24,3,1.7083333333333333,0.45659722222222215,3,1.7083333333333333,0.45659722222222215
11304,all,1.0,1.0,1.0,1.0,1.0,1.0,1.0,1.0,35,0,0,35,35,595,595,15,15,3,1.6666666666666667,0.48888888888888893,3,1.6666666666666667,0.48888888888888893
11305,all,1.0,1.0,1.0,1.0,1.0,1.0,1.0,1.0,124,0,0,124,124,7626,7626,40,40,3,1.55,0.3475,3,1.55,0.3475
11313,all,1.0,1.0,1.0,1.0,1.0,1.0,1.0,1.0,22,0,0,22,22,231,231,10,10,2,1.1,0.09,2,1.1,0.09
11316,all,1.0,1.0,1.0,1.0,1.0,1.0,1.0,1.0,33,0,0,33,33,528,528,20,20,3,2.1,0.5900000000000001,3,2.1,0.5900000000000001
11323,all,1.0,1.0,1.0,1.0,1.0,1.0,1.0,1.0,54,0,0,54,54,1431,1431,12,12,3,1.5833333333333333,0.40972222222222215,3,1.5833333333333333,0.40972222222222215
11324,all,1.0,1.0,1.0,1.0,1.0,1.0,1.0,1.0,27,0,0,27,27,351,351,11,11,3,2.272727272727273,0.7438016528925622,3,2.272727272727273,0.7438016528925622
11326,all,1.0,1.0,1.0,1.0,1.0,1.0,1.0,1.0,140,0,0,140,140,9730,9730,39,39,3,1.8461538461538463,0.5404339250493096,3,1.8461538461538463,0.5404339250493096
11328,all,1.0,1.0,1.0,1.0,1.0,1.0,1.0,1.0,147,0,0,147,147,10731,10731,55,55,5,2.4545454545454546,1.5206611570247934,5,2.4545454545454546,1.5206611570247934
11334,all,1.0,1.0,1.0,1.0,1.0,1.0,1.0,1.0,109,0,0,109,109,5886,5886,21,21,4,2.238095238095238,1.1337868480725624,4,2.238095238095238,1.1337868480725624
11336,all,1.0,1.0,1.0,1.0,1.0,1.0,1.0,1.0,23,0,0,23,23,253,253,14,14,3,1.7142857142857142,0.6326530612244898,3,1.7142857142857142,0.6326530612244898
11347,all,1.0,1.0,1.0,1.0,1.0,1.0,1.0,1.0,42,0,0,42,42,861,861,23,23,4,2.0,0.782608695652174,4,2.0,0.782608695652174
11349,all,1.0,1.0,1.0,1.0,1.0,1.0,1.0,1.0,79,0,0,79,79,3081,3081,40,40,4,2.2,0.86,4,2.2,0.86
11358,all,1.0,1.0,1.0,1.0,1.0,1.0,1.0,1.0,35,0,0,35,35,595,595,19,19,4,2.210526315789474,0.7977839335180055,4,2.210526315789474,0.7977839335180055
11360,all,1.0,1.0,1.0,1.0,1.0,1.0,1.0,1.0,88,0,0,88,88,3828,3828,41,41,3,1.6341463414634145,0.3295657346817371,3,1.6341463414634145,0.3295657346817371
11373,all,1.0,1.0,1.0,1.0,1.0,1.0,1.0,1.0,15,0,0,15,15,105,105,10,10,3,1.7,0.8099999999999999,3,1.7,0.8099999999999999
11374,all,1.0,1.0,1.0,1.0,1.0,1.0,1.0,1.0,40,0,0,40,40,780,780,8,8,3,2.125,0.859375,3,2.125,0.859375
11390,all,1.0,1.0,1.0,1.0,1.0,1.0,1.0,1.0,40,0,0,40,40,780,780,19,19,4,2.473684210526316,0.775623268698061,4,2.473684210526316,0.775623268698061
11401,all,1.0,1.0,1.0,1.0,1.0,1.0,1.0,1.0,88,0,0,88,88,3828,3828,42,42,4,2.1904761904761907,0.6780045351473923,4,2.1904761904761907,0.6780045351473923
11402,all,1.0,1.0,1.0,1.0,1.0,1.0,1.0,1.0,243,0,0,243,243,29403,29403,44,44,4,1.8181818181818181,0.6487603305785122,4,1.8181818181818181,0.6487603305785122
11403,all,1.0,1.0,1.0,1.0,1.0,1.0,1.0,1.0,29,0,0,29,29,406,406,14,14,3,1.5714285714285714,0.5306122448979592,3,1.5714285714285714,0.5306122448979592
11420,all,1.0,1.0,1.0,1.0,1.0,1.0,1.0,1.0,104,0,0,104,104,5356,5356,19,19,3,1.4210526315789473,0.3490304709141274,3,1.4210526315789473,0.3490304709141274
11449,all,1.0,1.0,1.0,1.0,1.0,1.0,1.0,1.0,61,0,0,61,61,1830,1830,27,27,4,2.3703703703703702,0.7517146776406036,4,2.3703703703703702,0.7517146776406036
11461,all,1.0,1.0,1.0,1.0,1.0,1.0,1.0,1.0,325,0,0,325,325,52650,52650,40,40,4,2.125,0.659375,4,2.125,0.659375
11485,all,1.0,1.0,1.0,1.0,1.0,1.0,1.0,1.0,71,0,0,71,71,2485,2485,28,28,4,1.8214285714285714,0.7181122448979592,4,1.8214285714285714,0.7181122448979592
11487,all,1.0,1.0,1.0,1.0,1.0,1.0,1.0,1.0,75,0,0,75,75,2775,2775,20,20,2,1.3,0.20999999999999996,2,1.3,0.20999999999999996
11495,all,1.0,1.0,1.0,1.0,1.0,1.0,1.0,1.0,21,0,0,21,21,210,210,9,9,3,1.8888888888888888,0.54320987654321,3,1.8888888888888888,0.54320987654321
11496,all,1.0,1.0,1.0,1.0,1.0,1.0,1.0,1.0,19,0,0,19,19,171,171,12,12,3,1.4166666666666667,0.40972222222222215,3,1.4166666666666667,0.40972222222222215
11497,all,1.0,1.0,1.0,1.0,1.0,1.0,1.0,1.0,18,0,0,18,18,153,153,13,13,3,2.0,0.6153846153846154,3,2.0,0.6153846153846154
11504,all,1.0,1.0,1.0,1.0,1.0,1.0,1.0,1.0,31,0,0,31,31,465,465,23,23,5,1.9565217391304348,1.34593572778828,5,1.9565217391304348,1.34593572778828
11505,all,1.0,1.0,1.0,1.0,1.0,1.0,1.0,1.0,114,0,0,114,114,6441,6441,31,31,3,1.4838709677419355,0.5078043704474505,3,1.4838709677419355,0.5078043704474505
11506,all,1.0,1.0,1.0,1.0,1.0,1.0,1.0,1.0,73,0,0,73,73,2628,2628,24,24,5,1.9583333333333333,1.0399305555555556,5,1.9583333333333333,1.0399305555555556
11508,all,1.0,1.0,1.0,1.0,1.0,1.0,1.0,1.0,38,0,0,38,38,703,703,17,17,3,1.7647058823529411,0.2975778546712803,3,1.7647058823529411,0.2975778546712803
11519,all,1.0,1.0,1.0,1.0,1.0,1.0,1.0,1.0,156,0,0,156,156,12090,12090,34,34,3,1.7941176470588236,0.5164359861591694,3,1.7941176470588236,0.5164359861591694
11525,all,1.0,1.0,1.0,1.0,1.0,1.0,1.0,1.0,33,0,0,33,33,528,528,10,10,4,2.4,0.8400000000000001,4,2.4,0.8400000000000001
11537,all,1.0,1.0,1.0,1.0,1.0,1.0,1.0,1.0,22,0,0,22,22,231,231,8,8,4,2.0,1.0,4,2.0,1.0
11538,all,1.0,1.0,1.0,1.0,1.0,1.0,1.0,1.0,81,0,0,81,81,3240,3240,50,50,4,2.26,0.5523999999999999,4,2.26,0.5523999999999999
11544,all,1.0,1.0,1.0,1.0,1.0,1.0,1.0,1.0,35,0,0,35,35,595,595,15,15,3,1.7333333333333334,0.3288888888888889,3,1.7333333333333334,0.3288888888888889
11552,all,1.0,1.0,1.0,1.0,1.0,1.0,1.0,1.0,33,0,0,33,33,528,528,15,15,3,1.4666666666666666,0.3822222222222222,3,1.4666666666666666,0.3822222222222222
11554,all,1.0,1.0,1.0,1.0,1.0,1.0,1.0,1.0,45,0,0,45,45,990,990,15,15,3,1.8666666666666667,0.648888888888889,3,1.8666666666666667,0.648888888888889
11567,all,1.0,1.0,1.0,1.0,1.0,1.0,1.0,1.0,58,0,0,58,58,1653,1653,29,29,4,2.3448275862068964,0.7086801426872773,4,2.3448275862068964,0.7086801426872773
11569,all,1.0,1.0,1.0,1.0,1.0,1.0,1.0,1.0,221,0,0,221,221,24310,24310,45,45,3,1.8,0.4266666666666668,3,1.8,0.4266666666666668
11570,all,1.0,1.0,1.0,1.0,1.0,1.0,1.0,1.0,140,0,0,140,140,9730,9730,32,32,4,1.875,0.546875,4,1.875,0.546875
11576,all,1.0,1.0,1.0,1.0,1.0,1.0,1.0,1.0,408,0,0,408,408,83028,83028,54,54,5,2.6296296296296298,1.1220850480109743,5,2.6296296296296298,1.1220850480109743
11579,all,1.0,1.0,1.0,1.0,1.0,1.0,1.0,1.0,109,0,0,109,109,5886,5886,36,36,4,2.0,0.7222222222222222,4,2.0,0.7222222222222222
11591,all,1.0,1.0,1.0,1.0,1.0,1.0,1.0,1.0,45,0,0,45,45,990,990,31,31,4,2.129032258064516,0.8865764828303848,4,2.129032258064516,0.8865764828303848
11618,all,1.0,1.0,1.0,1.0,1.0,1.0,1.0,1.0,59,0,0,59,59,1711,1711,23,23,3,2.0,0.6956521739130435,3,2.0,0.6956521739130435
11624,all,1.0,1.0,1.0,1.0,1.0,1.0,1.0,1.0,138,0,0,138,138,9453,9453,40,40,4,1.95,0.5974999999999999,4,1.95,0.5974999999999999
11625,all,1.0,1.0,1.0,1.0,1.0,1.0,1.0,1.0,85,0,0,85,85,3570,3570,25,25,4,2.12,0.7456,4,2.12,0.7456
11630,all,1.0,1.0,1.0,1.0,1.0,1.0,1.0,1.0,256,0,0,256,256,32640,32640,53,53,3,1.8113207547169812,0.45496618013527956,3,1.8113207547169812,0.45496618013527956
11631,all,1.0,1.0,1.0,1.0,1.0,1.0,1.0,1.0,57,0,0,57,57,1596,1596,30,30,3,1.9333333333333333,0.39555555555555555,3,1.9333333333333333,0.39555555555555555
11635,all,1.0,1.0,1.0,1.0,1.0,1.0,1.0,1.0,33,0,0,33,33,528,528,19,19,3,1.9473684210526316,0.6814404432132964,3,1.9473684210526316,0.6814404432132964
11638,all,1.0,1.0,1.0,1.0,1.0,1.0,1.0,1.0,27,0,0,27,27,351,351,18,18,2,1.3888888888888888,0.23765432098765432,2,1.3888888888888888,0.23765432098765432
11643,all,1.0,1.0,1.0,1.0,1.0,1.0,1.0,1.0,95,0,0,95,95,4465,4465,13,13,3,1.6153846153846154,0.5443786982248521,3,1.6153846153846154,0.5443786982248521
11655,all,1.0,1.0,1.0,1.0,1.0,1.0,1.0,1.0,49,0,0,49,49,1176,1176,32,32,5,2.46875,1.1240234375,5,2.46875,1.1240234375
11658,all,1.0,1.0,1.0,1.0,1.0,1.0,1.0,1.0,32,0,0,32,32,496,496,11,11,3,1.5454545454545454,0.42975206611570244,3,1.5454545454545454,0.42975206611570244
11661,all,1.0,1.0,1.0,1.0,1.0,1.0,1.0,1.0,87,0,0,87,87,3741,3741,40,40,4,2.15,0.9775,4,2.15,0.9775
11667,all,1.0,1.0,1.0,1.0,1.0,1.0,1.0,1.0,99,0,0,99,99,4851,4851,14,14,4,1.7142857142857142,0.9183673469387755,4,1.7142857142857142,0.9183673469387755
11677,all,1.0,1.0,1.0,1.0,1.0,1.0,1.0,1.0,80,0,0,80,80,3160,3160,18,18,3,1.3888888888888888,0.4598765432098765,3,1.3888888888888888,0.4598765432098765
11680,all,1.0,1.0,1.0,1.0,1.0,1.0,1.0,1.0,76,0,0,76,76,2850,2850,16,16,4,2.0,1.125,4,2.0,1.125
11682,all,1.0,1.0,1.0,1.0,1.0,1.0,1.0,1.0,37,0,0,37,37,666,666,16,16,3,1.75,0.5625,3,1.75,0.5625
11694,all,1.0,1.0,1.0,1.0,1.0,1.0,1.0,1.0,55,0,0,55,55,1485,1485,29,29,3,1.6206896551724137,0.3733650416171225,3,1.6206896551724137,0.3733650416171225
11696,all,1.0,1.0,1.0,1.0,1.0,1.0,1.0,1.0,46,0,0,46,46,1035,1035,21,21,3,1.7142857142857142,0.5850340136054423,3,1.7142857142857142,0.5850340136054423
11702,all,1.0,1.0,1.0,1.0,1.0,1.0,1.0,1.0,15,0,0,15,15,105,105,13,13,2,1.3076923076923077,0.21301775147928995,2,1.3076923076923077,0.21301775147928995
11703,all,1.0,1.0,1.0,1.0,1.0,1.0,1.0,1.0,43,0,0,43,43,903,903,20,20,3,1.6,0.44000000000000006,3,1.6,0.44000000000000006
11707,all,1.0,1.0,1.0,1.0,1.0,1.0,1.0,1.0,39,0,0,39,39,741,741,16,16,3,1.6875,0.58984375,3,1.6875,0.58984375
11712,all,1.0,1.0,1.0,1.0,1.0,1.0,1.0,1.0,12,0,0,12,12,66,66,9,9,4,1.6666666666666667,1.111111111111111,4,1.6666666666666667,1.111111111111111
11719,all,1.0,1.0,1.0,1.0,1.0,1.0,1.0,1.0,15,0,0,15,15,105,105,10,10,4,2.5,1.25,4,2.5,1.25
11720,all,1.0,1.0,1.0,1.0,1.0,1.0,1.0,1.0,99,0,0,99,99,4851,4851,33,33,3,1.8484848484848484,0.6740128558310376,3,1.8484848484848484,0.6740128558310376
11721,all,1.0,1.0,1.0,1.0,1.0,1.0,1.0,1.0,19,0,0,19,19,171,171,9,9,2,1.1111111111111112,0.09876543209876544,2,1.1111111111111112,0.09876543209876544
11723,all,1.0,1.0,1.0,1.0,1.0,1.0,1.0,1.0,78,0,0,78,78,3003,3003,19,19,3,1.4210526315789473,0.3490304709141274,3,1.4210526315789473,0.3490304709141274
11726,all,1.0,1.0,1.0,1.0,1.0,1.0,1.0,1.0,64,0,0,64,64,2016,2016,15,15,3,1.5333333333333334,0.3822222222222222,3,1.5333333333333334,0.3822222222222222
11737,all,1.0,1.0,1.0,1.0,1.0,1.0,1.0,1.0,50,0,0,50,50,1225,1225,29,29,4,2.4482758620689653,0.9369797859690846,4,2.4482758620689653,0.9369797859690846
11742,all,1.0,1.0,1.0,1.0,1.0,1.0,1.0,1.0,35,0,0,35,35,595,595,26,26,3,1.7692307692307692,0.562130177514793,3,1.7692307692307692,0.562130177514793
11754,all,1.0,1.0,1.0,1.0,1.0,1.0,1.0,1.0,57,0,0,57,57,1596,1596,33,33,4,2.1818181818181817,0.7548209366391184,4,2.1818181818181817,0.7548209366391184
11758,all,1.0,1.0,1.0,1.0,1.0,1.0,1.0,1.0,10,0,0,10,10,45,45,8,8,2,1.25,0.1875,2,1.25,0.1875
11766,all,1.0,1.0,1.0,1.0,1.0,1.0,1.0,1.0,15,0,0,15,15,105,105,11,11,3,1.9090909090909092,0.4462809917355372,3,1.9090909090909092,0.4462809917355372
11774,all,1.0,1.0,1.0,1.0,1.0,1.0,1.0,1.0,144,0,0,144,144,10296,10296,50,50,5,2.16,0.9743999999999999,5,2.16,0.9743999999999999
11775,all,1.0,1.0,1.0,1.0,1.0,1.0,1.0,1.0,16,0,0,16,16,120,120,12,12,3,1.9166666666666667,0.5763888888888888,3,1.9166666666666667,0.5763888888888888
11791,all,1.0,1.0,1.0,1.0,1.0,1.0,1.0,1.0,148,0,0,148,148,10878,10878,53,53,4,2.188679245283019,0.7568529725881098,4,2.188679245283019,0.7568529725881098
11794,all,1.0,1.0,1.0,1.0,1.0,1.0,1.0,1.0,190,0,0,190,190,17955,17955,40,40,4,2.0,0.65,4,2.0,0.65
11796,all,1.0,1.0,1.0,1.0,1.0,1.0,1.0,1.0,89,0,0,89,89,3916,3916,42,42,4,2.1904761904761907,0.8684807256235829,4,2.1904761904761907,0.8684807256235829
11802,all,1.0,1.0,1.0,1.0,1.0,1.0,1.0,1.0,266,0,0,266,266,35245,35245,61,61,4,2.3278688524590163,0.7121741467347485,4,2.3278688524590163,0.7121741467347485
11818,all,1.0,1.0,1.0,1.0,1.0,1.0,1.0,1.0,78,0,0,78,78,3003,3003,35,35,4,1.9142857142857144,0.7640816326530613,4,1.9142857142857144,0.7640816326530613
11825,all,1.0,1.0,1.0,1.0,1.0,1.0,1.0,1.0,35,0,0,35,35,595,595,14,14,3,1.8571428571428572,0.5510204081632653,3,1.8571428571428572,0.5510204081632653
11838,all,1.0,1.0,1.0,1.0,1.0,1.0,1.0,1.0,179,0,0,179,179,15931,15931,55,55,5,2.381818181818182,1.1814876033057848,5,2.381818181818182,1.1814876033057848
11856,all,1.0,1.0,1.0,1.0,1.0,1.0,1.0,1.0,130,0,0,130,130,8385,8385,45,45,4,2.2666666666666666,0.6844444444444444,4,2.2666666666666666,0.6844444444444444
11877,all,1.0,1.0,1.0,1.0,1.0,1.0,1.0,1.0,56,0,0,56,56,1540,1540,28,28,3,1.9285714285714286,0.5663265306122449,3,1.9285714285714286,0.5663265306122449
11925,all,1.0,1.0,1.0,1.0,1.0,1.0,1.0,1.0,44,0,0,44,44,946,946,12,12,3,1.6666666666666667,0.5555555555555556,3,1.6666666666666667,0.5555555555555556
11926,all,1.0,1.0,1.0,1.0,1.0,1.0,1.0,1.0,73,0,0,73,73,2628,2628,16,16,3,1.8125,0.65234375,3,1.8125,0.65234375
11948,all,1.0,1.0,1.0,1.0,1.0,1.0,1.0,1.0,93,0,0,93,93,4278,4278,23,23,3,1.6521739130434783,0.4007561436672969,3,1.6521739130434783,0.4007561436672969
11953,all,1.0,1.0,1.0,1.0,1.0,1.0,1.0,1.0,15,0,0,15,15,105,105,9,9,4,1.6666666666666667,1.111111111111111,4,1.6666666666666667,1.111111111111111
11968,all,1.0,1.0,1.0,1.0,1.0,1.0,1.0,1.0,182,0,0,182,182,16471,16471,49,49,5,2.4081632653061225,1.0170762182423991,5,2.4081632653061225,1.0170762182423991
11987,all,1.0,1.0,1.0,1.0,1.0,1.0,1.0,1.0,125,0,0,125,125,7750,7750,29,29,3,1.6896551724137931,0.42092746730083236,3,1.6896551724137931,0.42092746730083236
11990,all,1.0,1.0,1.0,1.0,1.0,1.0,1.0,1.0,87,0,0,87,87,3741,3741,33,33,4,2.3333333333333335,0.8888888888888888,4,2.3333333333333335,0.8888888888888888
12014,all,1.0,1.0,1.0,1.0,1.0,1.0,1.0,1.0,220,0,0,220,220,24090,24090,52,52,5,2.4038461538461537,1.2407544378698225,5,2.4038461538461537,1.2407544378698225
12015,all,1.0,1.0,1.0,1.0,1.0,1.0,1.0,1.0,28,0,0,28,28,378,378,16,16,3,1.625,0.484375,3,1.625,0.484375
12020,all,1.0,1.0,1.0,1.0,1.0,1.0,1.0,1.0,209,0,0,209,209,21736,21736,76,76,4,2.1973684210526314,0.8163088642659281,4,2.1973684210526314,0.8163088642659281
12021,all,1.0,1.0,1.0,1.0,1.0,1.0,1.0,1.0,46,0,0,46,46,1035,1035,15,15,3,1.8666666666666667,0.648888888888889,3,1.8666666666666667,0.648888888888889
12023,all,1.0,1.0,1.0,1.0,1.0,1.0,1.0,1.0,6,0,0,6,6,15,15,5,5,3,1.6,0.64,3,1.6,0.64
12034,all,1.0,1.0,1.0,1.0,1.0,1.0,1.0,1.0,15,0,0,15,15,105,105,12,12,3,1.75,0.5208333333333334,3,1.75,0.5208333333333334
12044,all,1.0,1.0,1.0,1.0,1.0,1.0,1.0,1.0,98,0,0,98,98,4753,4753,30,30,3,1.7333333333333334,0.5955555555555556,3,1.7333333333333334,0.5955555555555556
12059,all,1.0,1.0,1.0,1.0,1.0,1.0,1.0,1.0,141,0,0,141,141,9870,9870,45,45,4,2.088888888888889,1.1032098765432095,4,2.088888888888889,1.1032098765432095
12069,all,1.0,1.0,1.0,1.0,1.0,1.0,1.0,1.0,141,0,0,141,141,9870,9870,46,46,4,2.739130434782609,1.0189035916824192,4,2.739130434782609,1.0189035916824192
12070,all,1.0,1.0,1.0,1.0,1.0,1.0,1.0,1.0,59,0,0,59,59,1711,1711,19,19,3,2.0,0.631578947368421,3,2.0,0.631578947368421
12073,all,1.0,1.0,1.0,1.0,1.0,1.0,1.0,1.0,7,0,0,7,7,21,21,6,6,3,1.6666666666666667,0.5555555555555556,3,1.6666666666666667,0.5555555555555556
12079,all,1.0,1.0,1.0,1.0,1.0,1.0,1.0,1.0,33,0,0,33,33,528,528,24,24,3,1.7916666666666667,0.6649305555555555,3,1.7916666666666667,0.6649305555555555
12081,all,1.0,1.0,1.0,1.0,1.0,1.0,1.0,1.0,98,0,0,98,98,4753,4753,48,48,4,2.3333333333333335,0.9305555555555557,4,2.3333333333333335,0.9305555555555557
12085,all,1.0,1.0,1.0,1.0,1.0,1.0,1.0,1.0,51,0,0,51,51,1275,1275,28,28,4,2.142857142857143,0.9081632653061226,4,2.142857142857143,0.9081632653061226
12093,all,1.0,1.0,1.0,1.0,1.0,1.0,1.0,1.0,146,0,0,146,146,10585,10585,28,28,3,1.4642857142857142,0.32015306122448983,3,1.4642857142857142,0.32015306122448983
12096,all,1.0,1.0,1.0,1.0,1.0,1.0,1.0,1.0,58,0,0,58,58,1653,1653,27,27,3,2.074074074074074,0.6611796982167354,3,2.074074074074074,0.6611796982167354
12098,all,1.0,1.0,1.0,1.0,1.0,1.0,1.0,1.0,14,0,0,14,14,91,91,9,9,2,1.3333333333333333,0.2222222222222222,2,1.3333333333333333,0.2222222222222222
12101,all,1.0,1.0,1.0,1.0,1.0,1.0,1.0,1.0,69,0,0,69,69,2346,2346,13,13,2,1.4615384615384615,0.24852071005917153,2,1.4615384615384615,0.24852071005917153
12102,all,1.0,1.0,1.0,1.0,1.0,1.0,1.0,1.0,38,0,0,38,38,703,703,19,19,4,1.7894736842105263,0.7977839335180056,4,1.7894736842105263,0.7977839335180056
12103,all,1.0,1.0,1.0,1.0,1.0,1.0,1.0,1.0,98,0,0,98,98,4753,4753,28,28,3,1.5714285714285714,0.45918367346938777,3,1.5714285714285714,0.45918367346938777
12107,all,1.0,1.0,1.0,1.0,1.0,1.0,1.0,1.0,49,0,0,49,49,1176,1176,19,19,3,1.9473684210526316,0.5761772853185596,3,1.9473684210526316,0.5761772853185596
12108,all,1.0,1.0,1.0,1.0,1.0,1.0,1.0,1.0,76,0,0,76,76,2850,2850,33,33,3,1.7575757575757576,0.6078971533516988,3,1.7575757575757576,0.6078971533516988
12115,all,1.0,1.0,1.0,1.0,1.0,1.0,1.0,1.0,131,0,0,131,131,8515,8515,42,42,3,2.0238095238095237,0.6422902494331065,3,2.0238095238095237,0.6422902494331065
12138,all,1.0,1.0,1.0,1.0,1.0,1.0,1.0,1.0,16,0,0,16,16,120,120,9,9,3,2.0,0.4444444444444444,3,2.0,0.4444444444444444
12146,all,1.0,1.0,1.0,1.0,1.0,1.0,1.0,1.0,229,0,0,229,229,26106,26106,44,44,3,1.7045454545454546,0.5717975206611571,3,1.7045454545454546,0.5717975206611571
12147,all,1.0,1.0,1.0,1.0,1.0,1.0,1.0,1.0,56,0,0,56,56,1540,1540,17,17,3,1.588235294117647,0.35986159169550175,3,1.588235294117647,0.35986159169550175
12153,all,1.0,1.0,1.0,1.0,1.0,1.0,1.0,1.0,87,0,0,87,87,3741,3741,40,40,5,2.2,1.36,5,2.2,1.36
12154,all,1.0,1.0,1.0,1.0,1.0,1.0,1.0,1.0,57,0,0,57,57,1596,1596,36,36,3,1.4722222222222223,0.3047839506172839,3,1.4722222222222223,0.3047839506172839
12156,all,1.0,1.0,1.0,1.0,1.0,1.0,1.0,1.0,52,0,0,52,52,1326,1326,16,16,2,1.4375,0.24609375,2,1.4375,0.24609375
12158,all,1.0,1.0,1.0,1.0,1.0,1.0,1.0,1.0,36,0,0,36,36,630,630,20,20,3,1.8,0.6599999999999999,3,1.8,0.6599999999999999
12166,all,1.0,1.0,1.0,1.0,1.0,1.0,1.0,1.0,39,0,0,39,39,741,741,18,18,3,1.8888888888888888,0.654320987654321,3,1.8888888888888888,0.654320987654321
12169,all,1.0,1.0,1.0,1.0,1.0,1.0,1.0,1.0,40,0,0,40,40,780,780,20,20,3,1.8,0.4600000000000001,3,1.8,0.4600000000000001
12178,all,1.0,1.0,1.0,1.0,1.0,1.0,1.0,1.0,20,0,0,20,20,190,190,10,10,4,2.2,0.76,4,2.2,0.76
12179,all,1.0,1.0,1.0,1.0,1.0,1.0,1.0,1.0,17,0,0,17,17,136,136,15,15,4,2.4,1.0399999999999998,4,2.4,1.0399999999999998
12181,all,1.0,1.0,1.0,1.0,1.0,1.0,1.0,1.0,55,0,0,55,55,1485,1485,20,20,4,2.15,0.9274999999999999,4,2.15,0.9274999999999999
12182,all,1.0,1.0,1.0,1.0,1.0,1.0,1.0,1.0,29,0,0,29,29,406,406,18,18,4,2.611111111111111,0.5709876543209877,4,2.611111111111111,0.5709876543209877
12183,all,1.0,1.0,1.0,1.0,1.0,1.0,1.0,1.0,57,0,0,57,57,1596,1596,24,24,3,1.75,0.5208333333333334,3,1.75,0.5208333333333334
12192,all,1.0,1.0,1.0,1.0,1.0,1.0,1.0,1.0,34,0,0,34,34,561,561,16,16,3,1.9375,0.55859375,3,1.9375,0.55859375
12204,all,1.0,1.0,1.0,1.0,1.0,1.0,1.0,1.0,46,0,0,46,46,1035,1035,23,23,3,1.5217391304347827,0.3364839319470699,3,1.5217391304347827,0.3364839319470699
12209,all,1.0,1.0,1.0,1.0,1.0,1.0,1.0,1.0,47,0,0,47,47,1081,1081,22,22,3,2.0454545454545454,0.6797520661157023,3,2.0454545454545454,0.6797520661157023
12228,all,1.0,1.0,1.0,1.0,1.0,1.0,1.0,1.0,45,0,0,45,45,990,990,19,19,4,2.210526315789474,1.0083102493074794,4,2.210526315789474,1.0083102493074794
12231,all,1.0,1.0,1.0,1.0,1.0,1.0,1.0,1.0,16,0,0,16,16,120,120,7,7,3,1.8571428571428572,0.6938775510204082,3,1.8571428571428572,0.6938775510204082
12240,all,1.0,1.0,1.0,1.0,1.0,1.0,1.0,1.0,161,0,0,161,161,12880,12880,59,59,4,1.9491525423728813,0.6584314852054007,4,1.9491525423728813,0.6584314852054007
12241,all,1.0,1.0,1.0,1.0,1.0,1.0,1.0,1.0,32,0,0,32,32,496,496,19,19,4,2.1052631578947367,0.8310249307479223,4,2.1052631578947367,0.8310249307479223
12249,all,1.0,1.0,1.0,1.0,1.0,1.0,1.0,1.0,26,0,0,26,26,325,325,12,12,3,1.5,0.4166666666666667,3,1.5,0.4166666666666667
12251,all,1.0,1.0,1.0,1.0,1.0,1.0,1.0,1.0,66,0,0,66,66,2145,2145,25,25,3,2.24,0.6624000000000001,3,2.24,0.6624000000000001
12268,all,1.0,1.0,1.0,1.0,1.0,1.0,1.0,1.0,54,0,0,54,54,1431,1431,27,27,4,1.8518518518518519,0.5706447187928669,4,1.8518518518518519,0.5706447187928669
12269,all,1.0,1.0,1.0,1.0,1.0,1.0,1.0,1.0,105,0,0,105,105,5460,5460,35,35,4,2.4857142857142858,0.8783673469387757,4,2.4857142857142858,0.8783673469387757
12281,all,1.0,1.0,1.0,1.0,1.0,1.0,1.0,1.0,29,0,0,29,29,406,406,17,17,3,1.6470588235294117,0.46366782006920415,3,1.6470588235294117,0.46366782006920415
12284,all,1.0,1.0,1.0,1.0,1.0,1.0,1.0,1.0,50,0,0,50,50,1225,1225,21,21,4,1.7619047619047619,0.6575963718820862,4,1.7619047619047619,0.6575963718820862
12307,all,1.0,1.0,1.0,1.0,1.0,1.0,1.0,1.0,41,0,0,41,41,820,820,20,20,3,1.5,0.35,3,1.5,0.35
12313,all,1.0,1.0,1.0,1.0,1.0,1.0,1.0,1.0,79,0,0,79,79,3081,3081,24,24,4,1.8333333333333333,0.7222222222222223,4,1.8333333333333333,0.7222222222222223
12315,all,1.0,1.0,1.0,1.0,1.0,1.0,1.0,1.0,35,0,0,35,35,595,595,15,15,3,1.7333333333333334,0.46222222222222226,3,1.7333333333333334,0.46222222222222226
12319,all,1.0,1.0,1.0,1.0,1.0,1.0,1.0,1.0,72,0,0,72,72,2556,2556,28,28,3,2.0357142857142856,0.6772959183673471,3,2.0357142857142856,0.6772959183673471
12333,all,1.0,1.0,1.0,1.0,1.0,1.0,1.0,1.0,269,0,0,269,269,36046,36046,48,48,4,2.2083333333333335,0.7065972222222222,4,2.2083333333333335,0.7065972222222222
12345,all,1.0,1.0,1.0,1.0,1.0,1.0,1.0,1.0,81,0,0,81,81,3240,3240,20,20,4,2.0,0.9,4,2.0,0.9
12372,all,1.0,1.0,1.0,1.0,1.0,1.0,1.0,1.0,123,0,0,123,123,7503,7503,43,43,3,1.6511627906976745,0.41319632233639814,3,1.6511627906976745,0.41319632233639814
12375,all,1.0,1.0,1.0,1.0,1.0,1.0,1.0,1.0,31,0,0,31,31,465,465,9,9,3,2.0,0.4444444444444444,3,2.0,0.4444444444444444
12379,all,1.0,1.0,1.0,1.0,1.0,1.0,1.0,1.0,70,0,0,70,70,2415,2415,39,39,4,2.3333333333333335,0.8888888888888888,4,2.3333333333333335,0.8888888888888888
12382,all,1.0,1.0,1.0,1.0,1.0,1.0,1.0,1.0,67,0,0,67,67,2211,2211,23,23,3,1.9565217391304348,0.5633270321361059,3,1.9565217391304348,0.5633270321361059
12386,all,1.0,1.0,1.0,1.0,1.0,1.0,1.0,1.0,36,0,0,36,36,630,630,10,10,2,1.4,0.24000000000000005,2,1.4,0.24000000000000005
12398,all,1.0,1.0,1.0,1.0,1.0,1.0,1.0,1.0,103,0,0,103,103,5253,5253,45,45,3,1.3777777777777778,0.32395061728395064,3,1.3777777777777778,0.32395061728395064
12407,all,1.0,1.0,1.0,1.0,1.0,1.0,1.0,1.0,43,0,0,43,43,903,903,13,13,3,1.7692307692307692,0.6390532544378699,3,1.7692307692307692,0.6390532544378699
12408,all,1.0,1.0,1.0,1.0,1.0,1.0,1.0,1.0,85,0,0,85,85,3570,3570,33,33,4,1.7878787878787878,0.8337924701561066,4,1.7878787878787878,0.8337924701561066
12421,all,1.0,1.0,1.0,1.0,1.0,1.0,1.0,1.0,92,0,0,92,92,4186,4186,28,28,3,1.75,0.4732142857142857,3,1.75,0.4732142857142857
12424,all,1.0,1.0,1.0,1.0,1.0,1.0,1.0,1.0,88,0,0,88,88,3828,3828,27,27,4,2.2962962962962963,1.1714677640603564,4,2.2962962962962963,1.1714677640603564
12434,all,1.0,1.0,1.0,1.0,1.0,1.0,1.0,1.0,37,0,0,37,37,666,666,18,18,3,1.6666666666666667,0.5555555555555556,3,1.6666666666666667,0.5555555555555556
12440,all,1.0,1.0,1.0,1.0,1.0,1.0,1.0,1.0,47,0,0,47,47,1081,1081,22,22,3,2.090909090909091,0.7190082644628099,3,2.090909090909091,0.7190082644628099
12443,all,1.0,1.0,1.0,1.0,1.0,1.0,1.0,1.0,60,0,0,60,60,1770,1770,35,35,4,2.0285714285714285,0.9420408163265305,4,2.0285714285714285,0.9420408163265305
12455,all,1.0,1.0,1.0,1.0,1.0,1.0,1.0,1.0,26,0,0,26,26,325,325,12,12,3,1.4166666666666667,0.40972222222222215,3,1.4166666666666667,0.40972222222222215
12459,all,1.0,1.0,1.0,1.0,1.0,1.0,1.0,1.0,225,0,0,225,225,25200,25200,50,50,4,2.16,0.7743999999999999,4,2.16,0.7743999999999999
12460,all,1.0,1.0,1.0,1.0,1.0,1.0,1.0,1.0,34,0,0,34,34,561,561,25,25,4,2.48,0.9696000000000001,4,2.48,0.9696000000000001
12463,all,1.0,1.0,1.0,1.0,1.0,1.0,1.0,1.0,49,0,0,49,49,1176,1176,13,13,3,1.4615384615384615,0.4023668639053254,3,1.4615384615384615,0.4023668639053254
12464,all,1.0,1.0,1.0,1.0,1.0,1.0,1.0,1.0,39,0,0,39,39,741,741,18,18,4,2.1666666666666665,1.0277777777777777,4,2.1666666666666665,1.0277777777777777
12471,all,1.0,1.0,1.0,1.0,1.0,1.0,1.0,1.0,74,0,0,74,74,2701,2701,42,42,4,1.9047619047619047,0.6099773242630385,4,1.9047619047619047,0.6099773242630385
12475,all,1.0,1.0,1.0,1.0,1.0,1.0,1.0,1.0,28,0,0,28,28,378,378,15,15,3,1.9333333333333333,0.5955555555555556,3,1.9333333333333333,0.5955555555555556
12490,all,1.0,1.0,1.0,1.0,1.0,1.0,1.0,1.0,78,0,0,78,78,3003,3003,32,32,3,1.6875,0.33984375,3,1.6875,0.33984375
12494,all,1.0,1.0,1.0,1.0,1.0,1.0,1.0,1.0,62,0,0,62,62,1891,1891,29,29,5,2.3793103448275863,1.4768133174791913,5,2.3793103448275863,1.4768133174791913
12495,all,1.0,1.0,1.0,1.0,1.0,1.0,1.0,1.0,19,0,0,19,19,171,171,11,11,3,2.1818181818181817,0.6942148760330578,3,2.1818181818181817,0.6942148760330578
12497,all,1.0,1.0,1.0,1.0,1.0,1.0,1.0,1.0,25,0,0,25,25,300,300,14,14,3,1.8571428571428572,0.5510204081632653,3,1.8571428571428572,0.5510204081632653
12524,all,1.0,1.0,1.0,1.0,1.0,1.0,1.0,1.0,101,0,0,101,101,5050,5050,56,56,5,2.9285714285714284,1.4234693877551021,5,2.9285714285714284,1.4234693877551021
12543,all,1.0,1.0,1.0,1.0,1.0,1.0,1.0,1.0,73,0,0,73,73,2628,2628,25,25,3,1.92,0.5535999999999999,3,1.92,0.5535999999999999
12551,all,1.0,1.0,1.0,1.0,1.0,1.0,1.0,1.0,9,0,0,9,9,36,36,6,6,2,1.5,0.25,2,1.5,0.25
12552,all,1.0,1.0,1.0,1.0,1.0,1.0,1.0,1.0,81,0,0,81,81,3240,3240,41,41,4,2.1707317073170733,0.678167757287329,4,2.1707317073170733,0.678167757287329
12567,all,1.0,1.0,1.0,1.0,1.0,1.0,1.0,1.0,72,0,0,72,72,2556,2556,15,15,5,3.2,2.026666666666667,5,3.2,2.026666666666667
12570,all,1.0,1.0,1.0,1.0,1.0,1.0,1.0,1.0,190,0,0,190,190,17955,17955,46,46,3,1.8695652173913044,0.6351606805293004,3,1.8695652173913044,0.6351606805293004
12574,all,1.0,1.0,1.0,1.0,1.0,1.0,1.0,1.0,141,0,0,141,141,9870,9870,38,38,4,2.3947368421052633,0.9231301939058171,4,2.3947368421052633,0.9231301939058171
12597,all,1.0,1.0,1.0,1.0,1.0,1.0,1.0,1.0,27,0,0,27,27,351,351,14,14,3,1.8571428571428572,0.6938775510204082,3,1.8571428571428572,0.6938775510204082
12612,all,1.0,1.0,1.0,1.0,1.0,1.0,1.0,1.0,25,0,0,25,25,300,300,16,16,3,1.625,0.609375,3,1.625,0.609375
12614,all,1.0,1.0,1.0,1.0,1.0,1.0,1.0,1.0,86,0,0,86,86,3655,3655,47,47,4,2.3404255319148937,0.6075147125396106,4,2.3404255319148937,0.6075147125396106
12620,all,1.0,1.0,1.0,1.0,1.0,1.0,1.0,1.0,88,0,0,88,88,3828,3828,19,19,2,1.4210526315789473,0.24376731301939059,2,1.4210526315789473,0.24376731301939059
12626,all,1.0,1.0,1.0,1.0,1.0,1.0,1.0,1.0,79,0,0,79,79,3081,3081,23,23,4,1.7826086956521738,0.6918714555765595,4,1.7826086956521738,0.6918714555765595
12641,all,1.0,1.0,1.0,1.0,1.0,1.0,1.0,1.0,86,0,0,86,86,3655,3655,23,23,3,1.8695652173913044,0.54820415879017,3,1.8695652173913044,0.54820415879017
12647,all,1.0,1.0,1.0,1.0,1.0,1.0,1.0,1.0,18,0,0,18,18,153,153,14,14,3,1.6428571428571428,0.3724489795918367,3,1.6428571428571428,0.3724489795918367
12664,all,1.0,1.0,1.0,1.0,1.0,1.0,1.0,1.0,72,0,0,72,72,2556,2556,33,33,5,2.272727272727273,2.0165289256198347,5,2.272727272727273,2.0165289256198347
12669,all,1.0,1.0,1.0,1.0,1.0,1.0,1.0,1.0,120,0,0,120,120,7140,7140,45,45,4,2.3555555555555556,0.851358024691358,4,2.3555555555555556,0.851358024691358
12673,all,1.0,1.0,1.0,1.0,1.0,1.0,1.0,1.0,53,0,0,53,53,1378,1378,31,31,3,1.6774193548387097,0.4765868886576482,3,1.6774193548387097,0.4765868886576482
12678,all,1.0,1.0,1.0,1.0,1.0,1.0,1.0,1.0,58,0,0,58,58,1653,1653,40,40,4,2.0,1.05,4,2.0,1.05
12679,all,1.0,1.0,1.0,1.0,1.0,1.0,1.0,1.0,18,0,0,18,18,153,153,9,9,2,1.2222222222222223,0.1728395061728395,2,1.2222222222222223,0.1728395061728395
12681,all,1.0,1.0,1.0,1.0,1.0,1.0,1.0,1.0,47,0,0,47,47,1081,1081,22,22,4,2.0454545454545454,1.043388429752066,4,2.0454545454545454,1.043388429752066
12690,all,1.0,1.0,1.0,1.0,1.0,1.0,1.0,1.0,11,0,0,11,11,55,55,10,10,4,2.6,1.6400000000000001,4,2.6,1.6400000000000001
12696,all,1.0,1.0,1.0,1.0,1.0,1.0,1.0,1.0,46,0,0,46,46,1035,1035,14,14,3,1.8571428571428572,0.6938775510204082,3,1.8571428571428572,0.6938775510204082
12700,all,1.0,1.0,1.0,1.0,1.0,1.0,1.0,1.0,136,0,0,136,136,9180,9180,57,57,4,1.8421052631578947,0.5540166204986149,4,1.8421052631578947,0.5540166204986149
12701,all,1.0,1.0,1.0,1.0,1.0,1.0,1.0,1.0,6,0,0,6,6,15,15,6,6,2,1.1666666666666667,0.13888888888888887,2,1.1666666666666667,0.13888888888888887
12704,all,1.0,1.0,1.0,1.0,1.0,1.0,1.0,1.0,68,0,0,68,68,2278,2278,26,26,3,1.9615384615384615,0.5754437869822484,3,1.9615384615384615,0.5754437869822484
12706,all,1.0,1.0,1.0,1.0,1.0,1.0,1.0,1.0,233,0,0,233,233,27028,27028,28,28,3,1.6071428571428572,0.5956632653061223,3,1.6071428571428572,0.5956632653061223
12711,all,1.0,1.0,1.0,1.0,1.0,1.0,1.0,1.0,73,0,0,73,73,2628,2628,39,39,4,1.5384615384615385,0.45364891518737677,4,1.5384615384615385,0.45364891518737677
12728,all,1.0,1.0,1.0,1.0,1.0,1.0,1.0,1.0,101,0,0,101,101,5050,5050,35,35,4,2.1142857142857143,0.6726530612244899,4,2.1142857142857143,0.6726530612244899
12731,all,1.0,1.0,1.0,1.0,1.0,1.0,1.0,1.0,145,0,0,145,145,10440,10440,33,33,3,1.8484848484848484,0.613406795224977,3,1.8484848484848484,0.613406795224977
12733,all,1.0,1.0,1.0,1.0,1.0,1.0,1.0,1.0,18,0,0,18,18,153,153,13,13,6,2.8461538461538463,2.2840236686390534,6,2.8461538461538463,2.2840236686390534
12735,all,1.0,1.0,1.0,1.0,1.0,1.0,1.0,1.0,56,0,0,56,56,1540,1540,22,22,3,1.6363636363636365,0.4132231404958677,3,1.6363636363636365,0.4132231404958677
12744,all,1.0,1.0,1.0,1.0,1.0,1.0,1.0,1.0,115,0,0,115,115,6555,6555,39,39,3,1.8974358974358974,0.39973701512163046,3,1.8974358974358974,0.39973701512163046
12750,all,1.0,1.0,1.0,1.0,1.0,1.0,1.0,1.0,25,0,0,25,25,300,300,10,10,2,1.5,0.25,2,1.5,0.25
12756,all,1.0,1.0,1.0,1.0,1.0,1.0,1.0,1.0,33,0,0,33,33,528,528,15,15,3,1.8,0.56,3,1.8,0.56
12764,all,1.0,1.0,1.0,1.0,1.0,1.0,1.0,1.0,44,0,0,44,44,946,946,22,22,4,2.3636363636363638,0.8677685950413224,4,2.3636363636363638,0.8677685950413224
12766,all,1.0,1.0,1.0,1.0,1.0,1.0,1.0,1.0,90,0,0,90,90,4005,4005,36,36,5,2.0555555555555554,0.9969135802469135,5,2.0555555555555554,0.9969135802469135
12784,all,1.0,1.0,1.0,1.0,1.0,1.0,1.0,1.0,76,0,0,76,76,2850,2850,34,34,4,2.1470588235294117,0.8901384083044983,4,2.1470588235294117,0.8901384083044983
12786,all,1.0,1.0,1.0,1.0,1.0,1.0,1.0,1.0,10,0,0,10,10,45,45,6,6,2,1.1666666666666667,0.13888888888888887,2,1.1666666666666667,0.13888888888888887
12790,all,1.0,1.0,1.0,1.0,1.0,1.0,1.0,1.0,52,0,0,52,52,1326,1326,15,15,3,1.7333333333333334,0.46222222222222226,3,1.7333333333333334,0.46222222222222226
12792,all,1.0,1.0,1.0,1.0,1.0,1.0,1.0,1.0,27,0,0,27,27,351,351,16,16,3,1.6875,0.33984375,3,1.6875,0.33984375
12795,all,1.0,1.0,1.0,1.0,1.0,1.0,1.0,1.0,68,0,0,68,68,2278,2278,34,34,4,2.6176470588235294,0.647923875432526,4,2.6176470588235294,0.647923875432526
12797,all,1.0,1.0,1.0,1.0,1.0,1.0,1.0,1.0,60,0,0,60,60,1770,1770,30,30,4,2.6666666666666665,0.9555555555555556,4,2.6666666666666665,0.9555555555555556
12805,all,1.0,1.0,1.0,1.0,1.0,1.0,1.0,1.0,170,0,0,170,170,14365,14365,65,65,4,2.246153846153846,0.8009467455621302,4,2.246153846153846,0.8009467455621302
12809,all,1.0,1.0,1.0,1.0,1.0,1.0,1.0,1.0,157,0,0,157,157,12246,12246,36,36,3,2.0555555555555554,0.6635802469135802,3,2.0555555555555554,0.6635802469135802
12810,all,1.0,1.0,1.0,1.0,1.0,1.0,1.0,1.0,287,0,0,287,287,41041,41041,57,57,5,2.210526315789474,0.938134810710988,5,2.210526315789474,0.938134810710988
12817,all,1.0,1.0,1.0,1.0,1.0,1.0,1.0,1.0,46,0,0,46,46,1035,1035,24,24,4,2.2083333333333335,0.9982638888888888,4,2.2083333333333335,0.9982638888888888
12822,all,1.0,1.0,1.0,1.0,1.0,1.0,1.0,1.0,134,0,0,134,134,8911,8911,29,29,4,2.0,0.9655172413793104,4,2.0,0.9655172413793104
12824,all,1.0,1.0,1.0,1.0,1.0,1.0,1.0,1.0,21,0,0,21,21,210,210,9,9,3,1.5555555555555556,0.46913580246913583,3,1.5555555555555556,0.46913580246913583
12825,all,1.0,1.0,1.0,1.0,1.0,1.0,1.0,1.0,59,0,0,59,59,1711,1711,31,31,3,1.6451612903225807,0.48699271592091564,3,1.6451612903225807,0.48699271592091564
12827,all,1.0,1.0,1.0,1.0,1.0,1.0,1.0,1.0,28,0,0,28,28,378,378,16,16,4,2.0625,1.05859375,4,2.0625,1.05859375
12833,all,1.0,1.0,1.0,1.0,1.0,1.0,1.0,1.0,104,0,0,104,104,5356,5356,31,31,3,1.4838709677419355,0.37877211238293446,3,1.4838709677419355,0.37877211238293446
12860,all,1.0,1.0,1.0,1.0,1.0,1.0,1.0,1.0,34,0,0,34,34,561,561,12,12,3,1.5833333333333333,0.40972222222222215,3,1.5833333333333333,0.40972222222222215
12861,all,1.0,1.0,1.0,1.0,1.0,1.0,1.0,1.0,268,0,0,268,268,35778,35778,63,63,4,2.2857142857142856,0.9024943310657596,4,2.2857142857142856,0.9024943310657596
12864,all,1.0,1.0,1.0,1.0,1.0,1.0,1.0,1.0,27,0,0,27,27,351,351,11,11,3,2.0,0.5454545454545454,3,2.0,0.5454545454545454
12875,all,1.0,1.0,1.0,1.0,1.0,1.0,1.0,1.0,23,0,0,23,23,253,253,9,9,2,1.5555555555555556,0.2469135802469136,2,1.5555555555555556,0.2469135802469136
12876,all,1.0,1.0,1.0,1.0,1.0,1.0,1.0,1.0,64,0,0,64,64,2016,2016,37,37,4,1.945945945945946,0.8619430241051862,4,1.945945945945946,0.8619430241051862
12883,all,1.0,1.0,1.0,1.0,1.0,1.0,1.0,1.0,9,0,0,9,9,36,36,6,6,2,1.1666666666666667,0.13888888888888887,2,1.1666666666666667,0.13888888888888887
12884,all,1.0,1.0,1.0,1.0,1.0,1.0,1.0,1.0,43,0,0,43,43,903,903,27,27,3,1.5925925925925926,0.38957475994513024,3,1.5925925925925926,0.38957475994513024
12887,all,1.0,1.0,1.0,1.0,1.0,1.0,1.0,1.0,97,0,0,97,97,4656,4656,39,39,2,1.4871794871794872,0.24983563445101908,2,1.4871794871794872,0.24983563445101908
12895,all,1.0,1.0,1.0,1.0,1.0,1.0,1.0,1.0,80,0,0,80,80,3160,3160,22,22,4,2.0454545454545454,0.7706611570247932,4,2.0454545454545454,0.7706611570247932
12896,all,1.0,1.0,1.0,1.0,1.0,1.0,1.0,1.0,20,0,0,20,20,190,190,14,14,2,1.2142857142857142,0.1683673469387755,2,1.2142857142857142,0.1683673469387755
12897,all,1.0,1.0,1.0,1.0,1.0,1.0,1.0,1.0,157,0,0,157,157,12246,12246,38,38,4,2.1052631578947367,0.778393351800554,4,2.1052631578947367,0.778393351800554
12902,all,1.0,1.0,1.0,1.0,1.0,1.0,1.0,1.0,9,0,0,9,9,36,36,5,5,2,1.2,0.16,2,1.2,0.16
12916,all,1.0,1.0,1.0,1.0,1.0,1.0,1.0,1.0,74,0,0,74,74,2701,2701,29,29,4,2.0344827586206895,0.7919143876337694,4,2.0344827586206895,0.7919143876337694
12923,all,1.0,1.0,1.0,1.0,1.0,1.0,1.0,1.0,14,0,0,14,14,91,91,11,11,3,1.8181818181818181,0.6942148760330579,3,1.8181818181818181,0.6942148760330579
12927,all,1.0,1.0,1.0,1.0,1.0,1.0,1.0,1.0,20,0,0,20,20,190,190,14,14,3,2.0,0.7142857142857143,3,2.0,0.7142857142857143
12930,all,1.0,1.0,1.0,1.0,1.0,1.0,1.0,1.0,44,0,0,44,44,946,946,24,24,3,1.5833333333333333,0.4930555555555556,3,1.5833333333333333,0.4930555555555556
12933,all,1.0,1.0,1.0,1.0,1.0,1.0,1.0,1.0,77,0,0,77,77,2926,2926,38,38,4,2.1052631578947367,0.7257617728531855,4,2.1052631578947367,0.7257617728531855
12947,all,1.0,1.0,1.0,1.0,1.0,1.0,1.0,1.0,101,0,0,101,101,5050,5050,41,41,4,2.3902439024390243,0.9208804283164783,4,2.3902439024390243,0.9208804283164783
12953,all,1.0,1.0,1.0,1.0,1.0,1.0,1.0,1.0,9,0,0,9,9,36,36,6,6,2,1.3333333333333333,0.22222222222222224,2,1.3333333333333333,0.22222222222222224
12959,all,1.0,1.0,1.0,1.0,1.0,1.0,1.0,1.0,62,0,0,62,62,1891,1891,27,27,4,2.6296296296296298,0.9739368998628259,4,2.6296296296296298,0.9739368998628259
12966,all,1.0,1.0,1.0,1.0,1.0,1.0,1.0,1.0,42,0,0,42,42,861,861,21,21,5,2.5714285714285716,1.1972789115646258,5,2.5714285714285716,1.1972789115646258
12979,all,1.0,1.0,1.0,1.0,1.0,1.0,1.0,1.0,82,0,0,82,82,3321,3321,29,29,3,1.9655172413793103,0.6539833531510105,3,1.9655172413793103,0.6539833531510105
12983,all,1.0,1.0,1.0,1.0,1.0,1.0,1.0,1.0,76,0,0,76,76,2850,2850,33,33,3,1.6363636363636365,0.4738292011019284,3,1.6363636363636365,0.4738292011019284
12986,all,1.0,1.0,1.0,1.0,1.0,1.0,1.0,1.0,46,0,0,46,46,1035,1035,11,11,4,1.8181818181818181,1.0578512396694215,4,1.8181818181818181,1.0578512396694215
12998,all,1.0,1.0,1.0,1.0,1.0,1.0,1.0,1.0,35,0,0,35,35,595,595,10,10,2,1.3,0.21000000000000002,2,1.3,0.21000000000000002
13000,all,1.0,1.0,1.0,1.0,1.0,1.0,1.0,1.0,133,0,0,133,133,8778,8778,35,35,4,2.0,0.6857142857142857,4,2.0,0.6857142857142857
13016,all,1.0,1.0,1.0,1.0,1.0,1.0,1.0,1.0,23,0,0,23,23,253,253,10,10,3,1.8,0.76,3,1.8,0.76
13020,all,1.0,1.0,1.0,1.0,1.0,1.0,1.0,1.0,192,0,0,192,192,18336,18336,33,33,4,2.0,0.7878787878787878,4,2.0,0.7878787878787878
13031,all,1.0,1.0,1.0,1.0,1.0,1.0,1.0,1.0,7,0,0,7,7,21,21,8,8,2,1.375,0.234375,2,1.375,0.234375
13035,all,1.0,1.0,1.0,1.0,1.0,1.0,1.0,1.0,74,0,0,74,74,2701,2701,27,27,4,1.962962962962963,0.7023319615912208,4,1.962962962962963,0.7023319615912208
13045,all,1.0,1.0,1.0,1.0,1.0,1.0,1.0,1.0,57,0,0,57,57,1596,1596,18,18,3,1.4444444444444444,0.46913580246913583,3,1.4444444444444444,0.46913580246913583
13061,all,1.0,1.0,1.0,1.0,1.0,1.0,1.0,1.0,110,0,0,110,110,5995,5995,11,11,3,1.6363636363636365,0.5950413223140496,3,1.6363636363636365,0.5950413223140496
13076,all,1.0,1.0,1.0,1.0,1.0,1.0,1.0,1.0,55,0,0,55,55,1485,1485,16,16,3,1.875,0.609375,3,1.875,0.609375
13082,all,1.0,1.0,1.0,1.0,1.0,1.0,1.0,1.0,35,0,0,35,35,595,595,18,18,3,1.4444444444444444,0.3580246913580247,3,1.4444444444444444,0.3580246913580247
13121,all,1.0,1.0,1.0,1.0,1.0,1.0,1.0,1.0,209,0,0,209,209,21736,21736,45,45,4,2.1777777777777776,1.0795061728395063,4,2.1777777777777776,1.0795061728395063
13124,all,1.0,1.0,1.0,1.0,1.0,1.0,1.0,1.0,111,0,0,111,111,6105,6105,35,35,4,2.342857142857143,0.7395918367346938,4,2.342857142857143,0.7395918367346938
13127,all,1.0,1.0,1.0,1.0,1.0,1.0,1.0,1.0,117,0,0,117,117,6786,6786,27,27,4,1.7037037037037037,0.578875171467764,4,1.7037037037037037,0.578875171467764
13129,all,1.0,1.0,1.0,1.0,1.0,1.0,1.0,1.0,67,0,0,67,67,2211,2211,19,19,3,1.368421052631579,0.3379501385041551,3,1.368421052631579,0.3379501385041551
13132,all,1.0,1.0,1.0,1.0,1.0,1.0,1.0,1.0,77,0,0,77,77,2926,2926,37,37,4,2.4054054054054053,0.997808619430241,4,2.4054054054054053,0.997808619430241
13140,all,1.0,1.0,1.0,1.0,1.0,1.0,1.0,1.0,136,0,0,136,136,9180,9180,44,44,4,1.8636363636363635,0.6632231404958678,4,1.8636363636363635,0.6632231404958678
13144,all,1.0,1.0,1.0,1.0,1.0,1.0,1.0,1.0,195,0,0,195,195,18915,18915,47,47,5,1.9574468085106382,0.9769126301493889,5,1.9574468085106382,0.9769126301493889
13145,all,1.0,1.0,1.0,1.0,1.0,1.0,1.0,1.0,10,0,0,10,10,45,45,6,6,2,1.3333333333333333,0.22222222222222224,2,1.3333333333333333,0.22222222222222224
13146,all,1.0,1.0,1.0,1.0,1.0,1.0,1.0,1.0,36,0,0,36,36,630,630,9,9,2,1.2222222222222223,0.1728395061728395,2,1.2222222222222223,0.1728395061728395
13148,all,1.0,1.0,1.0,1.0,1.0,1.0,1.0,1.0,135,0,0,135,135,9045,9045,36,36,3,2.1666666666666665,0.6388888888888887,3,2.1666666666666665,0.6388888888888887
13150,all,1.0,1.0,1.0,1.0,1.0,1.0,1.0,1.0,50,0,0,50,50,1225,1225,12,12,3,1.75,0.3541666666666667,3,1.75,0.3541666666666667
13158,all,1.0,1.0,1.0,1.0,1.0,1.0,1.0,1.0,29,0,0,29,29,406,406,15,15,3,1.9333333333333333,0.7288888888888889,3,1.9333333333333333,0.7288888888888889
13159,all,1.0,1.0,1.0,1.0,1.0,1.0,1.0,1.0,35,0,0,35,35,595,595,17,17,3,1.7647058823529411,0.532871972318339,3,1.7647058823529411,0.532871972318339
13160,all,1.0,1.0,1.0,1.0,1.0,1.0,1.0,1.0,19,0,0,19,19,171,171,12,12,2,1.4166666666666667,0.24305555555555555,2,1.4166666666666667,0.24305555555555555
13169,all,1.0,1.0,1.0,1.0,1.0,1.0,1.0,1.0,19,0,0,19,19,171,171,9,9,3,1.7777777777777777,0.3950617283950617,3,1.7777777777777777,0.3950617283950617
13172,all,1.0,1.0,1.0,1.0,1.0,1.0,1.0,1.0,135,0,0,135,135,9045,9045,55,55,5,2.2,0.9236363636363637,5,2.2,0.9236363636363637
13175,all,1.0,1.0,1.0,1.0,1.0,1.0,1.0,1.0,89,0,0,89,89,3916,3916,42,42,4,2.2857142857142856,0.8231292517006804,4,2.2857142857142856,0.8231292517006804
13176,all,1.0,1.0,1.0,1.0,1.0,1.0,1.0,1.0,51,0,0,51,51,1275,1275,30,30,4,2.1,0.7566666666666667,4,2.1,0.7566666666666667
13182,all,1.0,1.0,1.0,1.0,1.0,1.0,1.0,1.0,74,0,0,74,74,2701,2701,23,23,3,1.6956521739130435,0.7334593572778827,3,1.6956521739130435,0.7334593572778827
13195,all,1.0,1.0,1.0,1.0,1.0,1.0,1.0,1.0,28,0,0,28,28,378,378,22,22,4,2.1818181818181817,0.7851239669421485,4,2.1818181818181817,0.7851239669421485
13198,all,1.0,1.0,1.0,1.0,1.0,1.0,1.0,1.0,166,0,0,166,166,13695,13695,43,43,5,1.9069767441860466,1.0611141157382369,5,1.9069767441860466,1.0611141157382369
13202,all,1.0,1.0,1.0,1.0,1.0,1.0,1.0,1.0,39,0,0,39,39,741,741,26,26,4,2.0,0.6923076923076923,4,2.0,0.6923076923076923
13215,all,1.0,1.0,1.0,1.0,1.0,1.0,1.0,1.0,39,0,0,39,39,741,741,21,21,3,1.8095238095238095,0.5351473922902493,3,1.8095238095238095,0.5351473922902493
13220,all,1.0,1.0,1.0,1.0,1.0,1.0,1.0,1.0,110,0,0,110,110,5995,5995,37,37,4,2.054054054054054,0.9159970781592403,4,2.054054054054054,0.9159970781592403
13228,all,1.0,1.0,1.0,1.0,1.0,1.0,1.0,1.0,38,0,0,38,38,703,703,23,23,2,1.391304347826087,0.23818525519848768,2,1.391304347826087,0.23818525519848768
13232,all,1.0,1.0,1.0,1.0,1.0,1.0,1.0,1.0,76,0,0,76,76,2850,2850,33,33,4,2.484848484848485,0.9770431588613406,4,2.484848484848485,0.9770431588613406
13235,all,1.0,1.0,1.0,1.0,1.0,1.0,1.0,1.0,43,0,0,43,43,903,903,19,19,4,2.210526315789474,0.9030470914127424,4,2.210526315789474,0.9030470914127424
13252,all,1.0,1.0,1.0,1.0,1.0,1.0,1.0,1.0,54,0,0,54,54,1431,1431,30,30,3,1.5666666666666667,0.37888888888888883,3,1.5666666666666667,0.37888888888888883
13258,all,1.0,1.0,1.0,1.0,1.0,1.0,1.0,1.0,102,0,0,102,102,5151,5151,34,34,3,1.9705882352941178,0.5579584775086506,3,1.9705882352941178,0.5579584775086506
13267,all,1.0,1.0,1.0,1.0,1.0,1.0,1.0,1.0,82,0,0,82,82,3321,3321,44,44,4,2.1818181818181817,0.5123966942148759,4,2.1818181818181817,0.5123966942148759
13273,all,1.0,1.0,1.0,1.0,1.0,1.0,1.0,1.0,204,0,0,204,204,20706,20706,40,40,4,2.1,0.8400000000000001,4,2.1,0.8400000000000001
13274,all,1.0,1.0,1.0,1.0,1.0,1.0,1.0,1.0,69,0,0,69,69,2346,2346,41,41,5,2.317073170731707,0.8994646044021415,5,2.317073170731707,0.8994646044021415
13278,all,1.0,1.0,1.0,1.0,1.0,1.0,1.0,1.0,30,0,0,30,30,435,435,18,18,3,1.8888888888888888,0.54320987654321,3,1.8888888888888888,0.54320987654321
13284,all,1.0,1.0,1.0,1.0,1.0,1.0,1.0,1.0,49,0,0,49,49,1176,1176,19,19,4,1.736842105263158,0.8254847645429364,4,1.736842105263158,0.8254847645429364
13290,all,1.0,1.0,1.0,1.0,1.0,1.0,1.0,1.0,176,0,0,176,176,15400,15400,60,60,7,2.4166666666666665,1.8097222222222225,7,2.4166666666666665,1.8097222222222225
13292,all,1.0,1.0,1.0,1.0,1.0,1.0,1.0,1.0,88,0,0,88,88,3828,3828,44,44,4,2.159090909090909,1.042871900826446,4,2.159090909090909,1.042871900826446
13294,all,1.0,1.0,1.0,1.0,1.0,1.0,1.0,1.0,63,0,0,63,63,1953,1953,24,24,4,2.0,0.75,4,2.0,0.75
13300,all,1.0,1.0,1.0,1.0,1.0,1.0,1.0,1.0,32,0,0,32,32,496,496,13,13,2,1.5384615384615385,0.24852071005917153,2,1.5384615384615385,0.24852071005917153
13320,all,1.0,1.0,1.0,1.0,1.0,1.0,1.0,1.0,18,0,0,18,18,153,153,13,13,4,2.0,0.9230769230769231,4,2.0,0.9230769230769231
13325,all,1.0,1.0,1.0,1.0,1.0,1.0,1.0,1.0,91,0,0,91,91,4095,4095,33,33,3,1.5454545454545454,0.3691460055096419,3,1.5454545454545454,0.3691460055096419
13332,all,1.0,1.0,1.0,1.0,1.0,1.0,1.0,1.0,103,0,0,103,103,5253,5253,43,43,4,2.046511627906977,0.6955110870740941,4,2.046511627906977,0.6955110870740941
13336,all,1.0,1.0,1.0,1.0,1.0,1.0,1.0,1.0,58,0,0,58,58,1653,1653,29,29,3,1.6551724137931034,0.43281807372175973,3,1.6551724137931034,0.43281807372175973
13352,all,1.0,1.0,1.0,1.0,1.0,1.0,1.0,1.0,65,0,0,65,65,2080,2080,25,25,4,2.16,0.9344000000000001,4,2.16,0.9344000000000001
13355,all,1.0,1.0,1.0,1.0,1.0,1.0,1.0,1.0,105,0,0,105,105,5460,5460,45,45,4,2.2222222222222223,0.928395061728395,4,2.2222222222222223,0.928395061728395
13356,all,1.0,1.0,1.0,1.0,1.0,1.0,1.0,1.0,48,0,0,48,48,1128,1128,12,12,2,1.3333333333333333,0.22222222222222224,2,1.3333333333333333,0.22222222222222224
13357,all,1.0,1.0,1.0,1.0,1.0,1.0,1.0,1.0,37,0,0,37,37,666,666,23,23,4,1.5217391304347827,0.6843100189035917,4,1.5217391304347827,0.6843100189035917
13372,all,1.0,1.0,1.0,1.0,1.0,1.0,1.0,1.0,125,0,0,125,125,7750,7750,39,39,6,1.9230769230769231,1.3530571992110454,6,1.9230769230769231,1.3530571992110454
13383,all,1.0,1.0,1.0,1.0,1.0,1.0,1.0,1.0,113,0,0,113,113,6328,6328,29,29,4,1.6896551724137931,0.558858501783591,4,1.6896551724137931,0.558858501783591
13397,all,1.0,1.0,1.0,1.0,1.0,1.0,1.0,1.0,50,0,0,50,50,1225,1225,16,16,3,1.6875,0.33984375,3,1.6875,0.33984375
13415,all,1.0,1.0,1.0,1.0,1.0,1.0,1.0,1.0,65,0,0,65,65,2080,2080,25,25,4,2.2,0.7999999999999998,4,2.2,0.7999999999999998
13417,all,1.0,1.0,1.0,1.0,1.0,1.0,1.0,1.0,180,0,0,180,180,16110,16110,43,43,3,1.8372093023255813,0.5548945375878854,3,1.8372093023255813,0.5548945375878854
13420,all,1.0,1.0,1.0,1.0,1.0,1.0,1.0,1.0,138,0,0,138,138,9453,9453,32,32,3,1.625,0.421875,3,1.625,0.421875
13428,all,1.0,1.0,1.0,1.0,1.0,1.0,1.0,1.0,20,0,0,20,20,190,190,10,10,2,1.4,0.24000000000000005,2,1.4,0.24000000000000005
13445,all,1.0,1.0,1.0,1.0,1.0,1.0,1.0,1.0,74,0,0,74,74,2701,2701,33,33,4,1.9393939393939394,0.8448117539026629,4,1.9393939393939394,0.8448117539026629
13452,all,1.0,1.0,1.0,1.0,1.0,1.0,1.0,1.0,27,0,0,27,27,351,351,17,17,2,1.2941176470588236,0.20761245674740486,2,1.2941176470588236,0.20761245674740486
13455,all,1.0,1.0,1.0,1.0,1.0,1.0,1.0,1.0,173,0,0,173,173,14878,14878,49,49,4,2.3469387755102042,0.8796334860474804,4,2.3469387755102042,0.8796334860474804
13463,all,1.0,1.0,1.0,1.0,1.0,1.0,1.0,1.0,44,0,0,44,44,946,946,21,21,3,1.4761904761904763,0.43990929705215415,3,1.4761904761904763,0.43990929705215415
13465,all,1.0,1.0,1.0,1.0,1.0,1.0,1.0,1.0,129,0,0,129,129,8256,8256,40,40,4,2.4,0.8400000000000001,4,2.4,0.8400000000000001
13471,all,1.0,1.0,1.0,1.0,1.0,1.0,1.0,1.0,24,0,0,24,24,276,276,13,13,4,2.3076923076923075,0.8284023668639052,4,2.3076923076923075,0.8284023668639052
13473,all,1.0,1.0,1.0,1.0,1.0,1.0,1.0,1.0,45,0,0,45,45,990,990,19,19,3,2.0,0.5263157894736842,3,2.0,0.5263157894736842
13482,all,1.0,1.0,1.0,1.0,1.0,1.0,1.0,1.0,55,0,0,55,55,1485,1485,19,19,3,1.8421052631578947,0.44875346260387816,3,1.8421052631578947,0.44875346260387816
13490,all,1.0,1.0,1.0,1.0,1.0,1.0,1.0,1.0,22,0,0,22,22,231,231,15,15,2,1.4666666666666666,0.24888888888888885,2,1.4666666666666666,0.24888888888888885
13497,all,1.0,1.0,1.0,1.0,1.0,1.0,1.0,1.0,40,0,0,40,40,780,780,15,15,2,1.6666666666666667,0.22222222222222227,2,1.6666666666666667,0.22222222222222227
13524,all,1.0,1.0,1.0,1.0,1.0,1.0,1.0,1.0,41,0,0,41,41,820,820,11,11,3,1.6363636363636365,0.5950413223140496,3,1.6363636363636365,0.5950413223140496
13525,all,1.0,1.0,1.0,1.0,1.0,1.0,1.0,1.0,33,0,0,33,33,528,528,14,14,4,2.0714285714285716,1.2091836734693877,4,2.0714285714285716,1.2091836734693877
13528,all,1.0,1.0,1.0,1.0,1.0,1.0,1.0,1.0,132,0,0,132,132,8646,8646,46,46,4,2.108695652173913,0.6620982986767486,4,2.108695652173913,0.6620982986767486
13550,all,1.0,1.0,1.0,1.0,1.0,1.0,1.0,1.0,177,0,0,177,177,15576,15576,58,58,4,2.1724137931034484,0.6599286563614746,4,2.1724137931034484,0.6599286563614746
13556,all,1.0,1.0,1.0,1.0,1.0,1.0,1.0,1.0,50,0,0,50,50,1225,1225,20,20,3,1.9,0.6900000000000002,3,1.9,0.6900000000000002
13565,all,1.0,1.0,1.0,1.0,1.0,1.0,1.0,1.0,31,0,0,31,31,465,465,20,20,3,1.5,0.45,3,1.5,0.45
13568,all,1.0,1.0,1.0,1.0,1.0,1.0,1.0,1.0,34,0,0,34,34,561,561,8,8,2,1.5,0.25,2,1.5,0.25
13574,all,1.0,1.0,1.0,1.0,1.0,1.0,1.0,1.0,45,0,0,45,45,990,990,25,25,4,1.92,0.7935999999999999,4,1.92,0.7935999999999999
13578,all,1.0,1.0,1.0,1.0,1.0,1.0,1.0,1.0,38,0,0,38,38,703,703,16,16,3,1.6875,0.33984375,3,1.6875,0.33984375
13605,all,1.0,1.0,1.0,1.0,1.0,1.0,1.0,1.0,112,0,0,112,112,6216,6216,20,20,3,2.0,0.5,3,2.0,0.5
13616,all,1.0,1.0,1.0,1.0,1.0,1.0,1.0,1.0,66,0,0,66,66,2145,2145,34,34,5,2.411764705882353,1.3598615916955015,5,2.411764705882353,1.3598615916955015
13632,all,1.0,1.0,1.0,1.0,1.0,1.0,1.0,1.0,5,0,0,5,5,10,10,6,6,2,1.5,0.25,2,1.5,0.25
13636,all,1.0,1.0,1.0,1.0,1.0,1.0,1.0,1.0,56,0,0,56,56,1540,1540,34,34,3,1.7647058823529411,0.5916955017301037,3,1.7647058823529411,0.5916955017301037
13637,all,1.0,1.0,1.0,1.0,1.0,1.0,1.0,1.0,61,0,0,61,61,1830,1830,27,27,4,2.074074074074074,0.7352537722908093,4,2.074074074074074,0.7352537722908093
13639,all,1.0,1.0,1.0,1.0,1.0,1.0,1.0,1.0,73,0,0,73,73,2628,2628,37,37,5,2.72972972972973,1.2242512783053325,5,2.72972972972973,1.2242512783053325
13650,all,1.0,1.0,1.0,1.0,1.0,1.0,1.0,1.0,84,0,0,84,84,3486,3486,19,19,3,1.5789473684210527,0.45429362880886426,3,1.5789473684210527,0.45429362880886426
13662,all,1.0,1.0,1.0,1.0,1.0,1.0,1.0,1.0,104,0,0,104,104,5356,5356,43,43,4,1.9069767441860466,0.9680908599242833,4,1.9069767441860466,0.9680908599242833
13670,all,1.0,1.0,1.0,1.0,1.0,1.0,1.0,1.0,151,0,0,151,151,11325,11325,40,40,5,2.55,1.0975,5,2.55,1.0975
13671,all,1.0,1.0,1.0,1.0,1.0,1.0,1.0,1.0,28,0,0,28,28,378,378,16,16,3,1.75,0.5625,3,1.75,0.5625
13675,all,1.0,1.0,1.0,1.0,1.0,1.0,1.0,1.0,77,0,0,77,77,2926,2926,23,23,3,1.6956521739130435,0.5595463137996218,3,1.6956521739130435,0.5595463137996218
13678,all,1.0,1.0,1.0,1.0,1.0,1.0,1.0,1.0,67,0,0,67,67,2211,2211,27,27,3,1.8888888888888888,0.6913580246913582,3,1.8888888888888888,0.6913580246913582
13703,all,1.0,1.0,1.0,1.0,1.0,1.0,1.0,1.0,54,0,0,54,54,1431,1431,14,14,2,1.3571428571428572,0.22959183673469385,2,1.3571428571428572,0.22959183673469385
13714,all,1.0,1.0,1.0,1.0,1.0,1.0,1.0,1.0,13,0,0,13,13,78,78,10,10,2,1.2,0.16,2,1.2,0.16
13717,all,1.0,1.0,1.0,1.0,1.0,1.0,1.0,1.0,56,0,0,56,56,1540,1540,37,37,4,2.2432432432432434,0.8327246165084005,4,2.2432432432432434,0.8327246165084005
13719,all,1.0,1.0,1.0,1.0,1.0,1.0,1.0,1.0,114,0,0,114,114,6441,6441,37,37,3,1.6486486486486487,0.552227903579255,3,1.6486486486486487,0.552227903579255
13720,all,1.0,1.0,1.0,1.0,1.0,1.0,1.0,1.0,77,0,0,77,77,2926,2926,35,35,4,1.7428571428571429,0.5910204081632653,4,1.7428571428571429,0.5910204081632653
13721,all,1.0,1.0,1.0,1.0,1.0,1.0,1.0,1.0,89,0,0,89,89,3916,3916,31,31,4,2.129032258064516,0.6930280957336109,4,2.129032258064516,0.6930280957336109
13728,all,1.0,1.0,1.0,1.0,1.0,1.0,1.0,1.0,66,0,0,66,66,2145,2145,16,16,3,1.8125,0.52734375,3,1.8125,0.52734375
13731,all,1.0,1.0,1.0,1.0,1.0,1.0,1.0,1.0,83,0,0,83,83,3403,3403,28,28,4,1.6785714285714286,0.6466836734693876,4,1.6785714285714286,0.6466836734693876
13754,all,1.0,1.0,1.0,1.0,1.0,1.0,1.0,1.0,50,0,0,50,50,1225,1225,21,21,3,1.7142857142857142,0.5850340136054423,3,1.7142857142857142,0.5850340136054423
13763,all,1.0,1.0,1.0,1.0,1.0,1.0,1.0,1.0,34,0,0,34,34,561,561,20,20,4,2.1,0.7900000000000001,4,2.1,0.7900000000000001
13769,all,1.0,1.0,1.0,1.0,1.0,1.0,1.0,1.0,44,0,0,44,44,946,946,15,15,3,1.5333333333333334,0.3822222222222222,3,1.5333333333333334,0.3822222222222222
13783,all,1.0,1.0,1.0,1.0,1.0,1.0,1.0,1.0,52,0,0,52,52,1326,1326,27,27,3,2.259259259259259,0.7105624142661179,3,2.259259259259259,0.7105624142661179
13789,all,1.0,1.0,1.0,1.0,1.0,1.0,1.0,1.0,49,0,0,49,49,1176,1176,18,18,4,2.3333333333333335,1.5555555555555556,4,2.3333333333333335,1.5555555555555556
13797,all,1.0,1.0,1.0,1.0,1.0,1.0,1.0,1.0,174,0,0,174,174,15051,15051,28,28,4,2.607142857142857,1.4528061224489797,4,2.607142857142857,1.4528061224489797
13800,all,1.0,1.0,1.0,1.0,1.0,1.0,1.0,1.0,18,0,0,18,18,153,153,11,11,3,1.5454545454545454,0.42975206611570244,3,1.5454545454545454,0.42975206611570244
13802,all,1.0,1.0,1.0,1.0,1.0,1.0,1.0,1.0,12,0,0,12,12,66,66,10,10,2,1.5,0.25,2,1.5,0.25
13815,all,1.0,1.0,1.0,1.0,1.0,1.0,1.0,1.0,65,0,0,65,65,2080,2080,37,37,4,1.9189189189189189,0.6150474799123448,4,1.9189189189189189,0.6150474799123448
13832,all,1.0,1.0,1.0,1.0,1.0,1.0,1.0,1.0,33,0,0,33,33,528,528,12,12,2,1.3333333333333333,0.22222222222222224,2,1.3333333333333333,0.22222222222222224
13835,all,1.0,1.0,1.0,1.0,1.0,1.0,1.0,1.0,161,0,0,161,161,12880,12880,36,36,4,2.1666666666666665,1.0833333333333333,4,2.1666666666666665,1.0833333333333333
13843,all,1.0,1.0,1.0,1.0,1.0,1.0,1.0,1.0,46,0,0,46,46,1035,1035,19,19,4,2.210526315789474,0.7977839335180055,4,2.210526315789474,0.7977839335180055
13844,all,1.0,1.0,1.0,1.0,1.0,1.0,1.0,1.0,49,0,0,49,49,1176,1176,28,28,4,2.5357142857142856,0.6772959183673469,4,2.5357142857142856,0.6772959183673469
13856,all,1.0,1.0,1.0,1.0,1.0,1.0,1.0,1.0,55,0,0,55,55,1485,1485,24,24,4,2.2083333333333335,0.8315972222222222,4,2.2083333333333335,0.8315972222222222
13874,all,1.0,1.0,1.0,1.0,1.0,1.0,1.0,1.0,70,0,0,70,70,2415,2415,32,32,4,2.5625,0.74609375,4,2.5625,0.74609375
13876,all,1.0,1.0,1.0,1.0,1.0,1.0,1.0,1.0,126,0,0,126,126,7875,7875,17,17,4,2.1176470588235294,0.809688581314879,4,2.1176470588235294,0.809688581314879
13879,all,1.0,1.0,1.0,1.0,1.0,1.0,1.0,1.0,29,0,0,29,29,406,406,15,15,4,1.9333333333333333,0.9955555555555555,4,1.9333333333333333,0.9955555555555555
13882,all,1.0,1.0,1.0,1.0,1.0,1.0,1.0,1.0,39,0,0,39,39,741,741,25,25,3,1.68,0.4576,3,1.68,0.4576
13892,all,1.0,1.0,1.0,1.0,1.0,1.0,1.0,1.0,42,0,0,42,42,861,861,19,19,4,1.9473684210526316,0.89196675900277,4,1.9473684210526316,0.89196675900277
13893,all,1.0,1.0,1.0,1.0,1.0,1.0,1.0,1.0,63,0,0,63,63,1953,1953,23,23,4,2.0,0.782608695652174,4,2.0,0.782608695652174
13900,all,1.0,1.0,1.0,1.0,1.0,1.0,1.0,1.0,46,0,0,46,46,1035,1035,25,25,3,1.68,0.4576,3,1.68,0.4576
13901,all,1.0,1.0,1.0,1.0,1.0,1.0,1.0,1.0,98,0,0,98,98,4753,4753,41,41,5,2.658536585365854,1.4931588340273647,5,2.658536585365854,1.4931588340273647
13904,all,1.0,1.0,1.0,1.0,1.0,1.0,1.0,1.0,201,0,0,201,201,20100,20100,36,36,4,2.111111111111111,0.7654320987654322,4,2.111111111111111,0.7654320987654322
13908,all,1.0,1.0,1.0,1.0,1.0,1.0,1.0,1.0,82,0,0,82,82,3321,3321,26,26,4,2.576923076923077,0.9363905325443784,4,2.576923076923077,0.9363905325443784
13914,all,1.0,1.0,1.0,1.0,1.0,1.0,1.0,1.0,9,0,0,9,9,36,36,7,7,2,1.5714285714285714,0.24489795918367346,2,1.5714285714285714,0.24489795918367346
13916,all,1.0,1.0,1.0,1.0,1.0,1.0,1.0,1.0,64,0,0,64,64,2016,2016,37,37,4,1.6756756756756757,0.5975164353542733,4,1.6756756756756757,0.5975164353542733
13921,all,1.0,1.0,1.0,1.0,1.0,1.0,1.0,1.0,29,0,0,29,29,406,406,19,19,3,1.7894736842105263,0.5872576177285319,3,1.7894736842105263,0.5872576177285319
13922,all,1.0,1.0,1.0,1.0,1.0,1.0,1.0,1.0,6,0,0,6,6,15,15,5,5,2,1.2,0.16,2,1.2,0.16
13934,all,1.0,1.0,1.0,1.0,1.0,1.0,1.0,1.0,92,0,0,92,92,4186,4186,28,28,3,1.8214285714285714,0.5752551020408163,3,1.8214285714285714,0.5752551020408163
13938,all,1.0,1.0,1.0,1.0,1.0,1.0,1.0,1.0,69,0,0,69,69,2346,2346,18,18,3,1.5,0.3611111111111111,3,1.5,0.3611111111111111
13943,all,1.0,1.0,1.0,1.0,1.0,1.0,1.0,1.0,100,0,0,100,100,4950,4950,49,49,3,2.122448979591837,0.5156184922948771,3,2.122448979591837,0.5156184922948771
13948,all,1.0,1.0,1.0,1.0,1.0,1.0,1.0,1.0,40,0,0,40,40,780,780,15,15,3,1.8666666666666667,0.648888888888889,3,1.8666666666666667,0.648888888888889
13949,all,1.0,1.0,1.0,1.0,1.0,1.0,1.0,1.0,54,0,0,54,54,1431,1431,16,16,2,1.3125,0.21484375,2,1.3125,0.21484375
13965,all,1.0,1.0,1.0,1.0,1.0,1.0,1.0,1.0,108,0,0,108,108,5778,5778,35,35,3,1.6285714285714286,0.34775510204081633,3,1.6285714285714286,0.34775510204081633
13967,all,1.0,1.0,1.0,1.0,1.0,1.0,1.0,1.0,27,0,0,27,27,351,351,17,17,3,1.8235294117647058,0.7335640138408305,3,1.8235294117647058,0.7335640138408305
13969,all,1.0,1.0,1.0,1.0,1.0,1.0,1.0,1.0,73,0,0,73,73,2628,2628,30,30,4,2.0,0.6666666666666666,4,2.0,0.6666666666666666
13979,all,1.0,1.0,1.0,1.0,1.0,1.0,1.0,1.0,44,0,0,44,44,946,946,22,22,5,2.8636363636363638,1.2086776859504134,5,2.8636363636363638,1.2086776859504134
13985,all,1.0,1.0,1.0,1.0,1.0,1.0,1.0,1.0,126,0,0,126,126,7875,7875,54,54,4,1.9814814814814814,0.7218792866941015,4,1.9814814814814814,0.7218792866941015
13986,all,1.0,1.0,1.0,1.0,1.0,1.0,1.0,1.0,21,0,0,21,21,210,210,11,11,3,1.8181818181818181,0.5123966942148761,3,1.8181818181818181,0.5123966942148761
13988,all,1.0,1.0,1.0,1.0,1.0,1.0,1.0,1.0,38,0,0,38,38,703,703,19,19,3,1.5263157894736843,0.3545706371191136,3,1.5263157894736843,0.3545706371191136
13991,all,1.0,1.0,1.0,1.0,1.0,1.0,1.0,1.0,67,0,0,67,67,2211,2211,13,13,2,1.1538461538461537,0.13017751479289943,2,1.1538461538461537,0.13017751479289943
13992,all,1.0,1.0,1.0,1.0,1.0,1.0,1.0,1.0,44,0,0,44,44,946,946,20,20,2,1.45,0.2475,2,1.45,0.2475
13995,all,1.0,1.0,1.0,1.0,1.0,1.0,1.0,1.0,43,0,0,43,43,903,903,8,8,2,1.25,0.1875,2,1.25,0.1875
14006,all,1.0,1.0,1.0,1.0,1.0,1.0,1.0,1.0,30,0,0,30,30,435,435,13,13,3,1.4615384615384615,0.4023668639053254,3,1.4615384615384615,0.4023668639053254
14008,all,1.0,1.0,1.0,1.0,1.0,1.0,1.0,1.0,58,0,0,58,58,1653,1653,20,20,3,1.85,0.5275,3,1.85,0.5275
14025,all,1.0,1.0,1.0,1.0,1.0,1.0,1.0,1.0,5,0,0,5,5,10,10,5,5,3,1.6,0.64,3,1.6,0.64
14029,all,1.0,1.0,1.0,1.0,1.0,1.0,1.0,1.0,29,0,0,29,29,406,406,17,17,3,2.176470588235294,0.615916955017301,3,2.176470588235294,0.615916955017301
14034,all,1.0,1.0,1.0,1.0,1.0,1.0,1.0,1.0,24,0,0,24,24,276,276,13,13,4,2.0,0.7692307692307693,4,2.0,0.7692307692307693
14056,all,1.0,1.0,1.0,1.0,1.0,1.0,1.0,1.0,68,0,0,68,68,2278,2278,17,17,3,1.6470588235294117,0.46366782006920415,3,1.6470588235294117,0.46366782006920415
14070,all,1.0,1.0,1.0,1.0,1.0,1.0,1.0,1.0,69,0,0,69,69,2346,2346,28,28,4,2.142857142857143,1.0510204081632655,4,2.142857142857143,1.0510204081632655
14073,all,1.0,1.0,1.0,1.0,1.0,1.0,1.0,1.0,67,0,0,67,67,2211,2211,25,25,4,1.6,0.72,4,1.6,0.72
14088,all,1.0,1.0,1.0,1.0,1.0,1.0,1.0,1.0,95,0,0,95,95,4465,4465,46,46,4,1.891304347826087,0.7490548204158791,4,1.891304347826087,0.7490548204158791
14089,all,1.0,1.0,1.0,1.0,1.0,1.0,1.0,1.0,122,0,0,122,122,7381,7381,37,37,3,1.9189189189189189,0.669101533966399,3,1.9189189189189189,0.669101533966399
14090,all,1.0,1.0,1.0,1.0,1.0,1.0,1.0,1.0,68,0,0,68,68,2278,2278,39,39,4,2.3846153846153846,0.6469428007889544,4,2.3846153846153846,0.6469428007889544
14108,all,1.0,1.0,1.0,1.0,1.0,1.0,1.0,1.0,54,0,0,54,54,1431,1431,27,27,3,1.5555555555555556,0.32098765432098764,3,1.5555555555555556,0.32098765432098764
14125,all,1.0,1.0,1.0,1.0,1.0,1.0,1.0,1.0,188,0,0,188,188,17578,17578,42,42,5,2.619047619047619,1.5215419501133784,5,2.619047619047619,1.5215419501133784
14128,all,1.0,1.0,1.0,1.0,1.0,1.0,1.0,1.0,105,0,0,105,105,5460,5460,47,47,4,2.127659574468085,0.7922136713444997,4,2.127659574468085,0.7922136713444997
14135,all,1.0,1.0,1.0,1.0,1.0,1.0,1.0,1.0,64,0,0,64,64,2016,2016,33,33,4,2.272727272727273,0.9256198347107438,4,2.272727272727273,0.9256198347107438
14152,all,1.0,1.0,1.0,1.0,1.0,1.0,1.0,1.0,186,0,0,186,186,17205,17205,76,76,4,2.1578947368421053,0.7382271468144044,4,2.1578947368421053,0.7382271468144044
14159,all,1.0,1.0,1.0,1.0,1.0,1.0,1.0,1.0,269,0,0,269,269,36046,36046,71,71,5,2.140845070422535,0.9097401309264036,5,2.140845070422535,0.9097401309264036
14168,all,1.0,1.0,1.0,1.0,1.0,1.0,1.0,1.0,20,0,0,20,20,190,190,14,14,4,2.5,0.9642857142857143,4,2.5,0.9642857142857143
14175,all,1.0,1.0,1.0,1.0,1.0,1.0,1.0,1.0,130,0,0,130,130,8385,8385,53,53,5,2.1132075471698113,1.0815236739053045,5,2.1132075471698113,1.0815236739053045
14180,all,1.0,1.0,1.0,1.0,1.0,1.0,1.0,1.0,55,0,0,55,55,1485,1485,31,31,4,2.5161290322580645,0.8303850156087407,4,2.5161290322580645,0.8303850156087407
14203,all,1.0,1.0,1.0,1.0,1.0,1.0,1.0,1.0,102,0,0,102,102,5151,5151,31,31,4,2.4516129032258065,1.1508844953173776,4,2.4516129032258065,1.1508844953173776
14209,all,1.0,1.0,1.0,1.0,1.0,1.0,1.0,1.0,15,0,0,15,15,105,105,8,8,2,1.125,0.109375,2,1.125,0.109375
14230,all,1.0,1.0,1.0,1.0,1.0,1.0,1.0,1.0,230,0,0,230,230,26335,26335,46,46,4,2.391304347826087,1.238185255198488,4,2.391304347826087,1.238185255198488
14248,all,1.0,1.0,1.0,1.0,1.0,1.0,1.0,1.0,37,0,0,37,37,666,666,21,21,4,2.1904761904761907,0.8208616780045352,4,2.1904761904761907,0.8208616780045352
14252,all,1.0,1.0,1.0,1.0,1.0,1.0,1.0,1.0,48,0,0,48,48,1128,1128,25,25,4,2.48,0.7296,4,2.48,0.7296
14253,all,1.0,1.0,1.0,1.0,1.0,1.0,1.0,1.0,54,0,0,54,54,1431,1431,29,29,3,1.8620689655172413,0.5326991676575503,3,1.8620689655172413,0.5326991676575503
14261,all,1.0,1.0,1.0,1.0,1.0,1.0,1.0,1.0,28,0,0,28,28,378,378,20,20,4,2.25,0.7875,4,2.25,0.7875
14265,all,1.0,1.0,1.0,1.0,1.0,1.0,1.0,1.0,88,0,0,88,88,3828,3828,26,26,4,1.7692307692307692,0.7159763313609468,4,1.7692307692307692,0.7159763313609468
14269,all,1.0,1.0,1.0,1.0,1.0,1.0,1.0,1.0,39,0,0,39,39,741,741,17,17,3,1.4705882352941178,0.3667820069204153,3,1.4705882352941178,0.3667820069204153
14271,all,1.0,1.0,1.0,1.0,1.0,1.0,1.0,1.0,35,0,0,35,35,595,595,18,18,3,2.0,0.6666666666666666,3,2.0,0.6666666666666666
14276,all,1.0,1.0,1.0,1.0,1.0,1.0,1.0,1.0,19,0,0,19,19,171,171,15,15,3,2.1333333333333333,0.6488888888888888,3,2.1333333333333333,0.6488888888888888
14281,all,1.0,1.0,1.0,1.0,1.0,1.0,1.0,1.0,53,0,0,53,53,1378,1378,30,30,4,2.2,0.8933333333333333,4,2.2,0.8933333333333333
14282,all,1.0,1.0,1.0,1.0,1.0,1.0,1.0,1.0,49,0,0,49,49,1176,1176,25,25,3,1.6,0.6399999999999999,3,1.6,0.6399999999999999
14283,all,1.0,1.0,1.0,1.0,1.0,1.0,1.0,1.0,41,0,0,41,41,820,820,19,19,4,2.3684210526315788,1.074792243767313,4,2.3684210526315788,1.074792243767313
14285,all,1.0,1.0,1.0,1.0,1.0,1.0,1.0,1.0,78,0,0,78,78,3003,3003,31,31,3,1.6774193548387097,0.5411030176899062,3,1.6774193548387097,0.5411030176899062
14290,all,1.0,1.0,1.0,1.0,1.0,1.0,1.0,1.0,78,0,0,78,78,3003,3003,30,30,4,2.033333333333333,0.6988888888888888,4,2.033333333333333,0.6988888888888888
14297,all,1.0,1.0,1.0,1.0,1.0,1.0,1.0,1.0,152,0,0,152,152,11476,11476,59,59,4,2.0677966101694913,0.6055731111749497,4,2.0677966101694913,0.6055731111749497
14306,all,1.0,1.0,1.0,1.0,1.0,1.0,1.0,1.0,101,0,0,101,101,5050,5050,48,48,3,1.6458333333333333,0.31206597222222227,3,1.6458333333333333,0.31206597222222227
14307,all,1.0,1.0,1.0,1.0,1.0,1.0,1.0,1.0,9,0,0,9,9,36,36,8,8,2,1.5,0.25,2,1.5,0.25
14319,all,1.0,1.0,1.0,1.0,1.0,1.0,1.0,1.0,45,0,0,45,45,990,990,23,23,4,1.6521739130434783,0.5746691871455577,4,1.6521739130434783,0.5746691871455577
14321,all,1.0,1.0,1.0,1.0,1.0,1.0,1.0,1.0,140,0,0,140,140,9730,9730,39,39,4,2.1025641025641026,0.6561472715318869,4,2.1025641025641026,0.6561472715318869
14329,all,1.0,1.0,1.0,1.0,1.0,1.0,1.0,1.0,27,0,0,27,27,351,351,11,11,2,1.0909090909090908,0.08264462809917356,2,1.0909090909090908,0.08264462809917356
14335,all,1.0,1.0,1.0,1.0,1.0,1.0,1.0,1.0,77,0,0,77,77,2926,2926,36,36,3,1.6944444444444444,0.48996913580246904,3,1.6944444444444444,0.48996913580246904
14337,all,1.0,1.0,1.0,1.0,1.0,1.0,1.0,1.0,106,0,0,106,106,5565,5565,22,22,3,1.8636363636363635,0.5723140495867769,3,1.8636363636363635,0.5723140495867769
14338,all,1.0,1.0,1.0,1.0,1.0,1.0,1.0,1.0,61,0,0,61,61,1830,1830,27,27,5,2.5185185185185186,1.212620027434842,5,2.5185185185185186,1.212620027434842
14352,all,1.0,1.0,1.0,1.0,1.0,1.0,1.0,1.0,58,0,0,58,58,1653,1653,21,21,2,1.380952380952381,0.23582766439909295,2,1.380952380952381,0.23582766439909295
14357,all,1.0,1.0,1.0,1.0,1.0,1.0,1.0,1.0,17,0,0,17,17,136,136,12,12,3,1.6666666666666667,0.3888888888888889,3,1.6666666666666667,0.3888888888888889
14366,all,1.0,1.0,1.0,1.0,1.0,1.0,1.0,1.0,75,0,0,75,75,2775,2775,9,9,2,1.4444444444444444,0.2469135802469136,2,1.4444444444444444,0.2469135802469136
14367,all,1.0,1.0,1.0,1.0,1.0,1.0,1.0,1.0,121,0,0,121,121,7260,7260,42,42,4,2.0476190476190474,0.8548752834467118,4,2.0476190476190474,0.8548752834467118
14375,all,1.0,1.0,1.0,1.0,1.0,1.0,1.0,1.0,178,0,0,178,178,15753,15753,41,41,4,2.2195121951219514,0.8054729327781083,4,2.2195121951219514,0.8054729327781083
14377,all,1.0,1.0,1.0,1.0,1.0,1.0,1.0,1.0,76,0,0,76,76,2850,2850,20,20,3,1.95,0.5475,3,1.95,0.5475
14385,all,1.0,1.0,1.0,1.0,1.0,1.0,1.0,1.0,45,0,0,45,45,990,990,23,23,3,1.391304347826087,0.32514177693761814,3,1.391304347826087,0.32514177693761814
14396,all,1.0,1.0,1.0,1.0,1.0,1.0,1.0,1.0,38,0,0,38,38,703,703,14,14,2,1.5714285714285714,0.24489795918367346,2,1.5714285714285714,0.24489795918367346
14402,all,1.0,1.0,1.0,1.0,1.0,1.0,1.0,1.0,65,0,0,65,65,2080,2080,32,32,4,2.28125,1.0146484375,4,2.28125,1.0146484375
14412,all,1.0,1.0,1.0,1.0,1.0,1.0,1.0,1.0,62,0,0,62,62,1891,1891,25,25,5,2.52,1.2895999999999999,5,2.52,1.2895999999999999
14430,all,1.0,1.0,1.0,1.0,1.0,1.0,1.0,1.0,31,0,0,31,31,465,465,14,14,3,1.8571428571428572,0.6938775510204082,3,1.8571428571428572,0.6938775510204082
14432,all,1.0,1.0,1.0,1.0,1.0,1.0,1.0,1.0,35,0,0,35,35,595,595,18,18,3,1.4444444444444444,0.3580246913580247,3,1.4444444444444444,0.3580246913580247
14470,all,1.0,1.0,1.0,1.0,1.0,1.0,1.0,1.0,78,0,0,78,78,3003,3003,29,29,4,2.310344827586207,1.1105826397146255,4,2.310344827586207,1.1105826397146255
14475,all,1.0,1.0,1.0,1.0,1.0,1.0,1.0,1.0,12,0,0,12,12,66,66,10,10,4,2.0,1.0,4,2.0,1.0
14477,all,1.0,1.0,1.0,1.0,1.0,1.0,1.0,1.0,142,0,0,142,142,10011,10011,30,30,3,1.9,0.8233333333333335,3,1.9,0.8233333333333335
14483,all,1.0,1.0,1.0,1.0,1.0,1.0,1.0,1.0,31,0,0,31,31,465,465,5,5,2,1.4,0.24,2,1.4,0.24
14484,all,1.0,1.0,1.0,1.0,1.0,1.0,1.0,1.0,114,0,0,114,114,6441,6441,44,44,3,1.9772727272727273,0.522210743801653,3,1.9772727272727273,0.522210743801653
14487,all,1.0,1.0,1.0,1.0,1.0,1.0,1.0,1.0,43,0,0,43,43,903,903,20,20,4,2.5,1.25,4,2.5,1.25
14488,all,1.0,1.0,1.0,1.0,1.0,1.0,1.0,1.0,57,0,0,57,57,1596,1596,16,16,3,1.625,0.359375,3,1.625,0.359375
14502,all,1.0,1.0,1.0,1.0,1.0,1.0,1.0,1.0,121,0,0,121,121,7260,7260,48,48,5,2.4166666666666665,1.1597222222222223,5,2.4166666666666665,1.1597222222222223
14526,all,1.0,1.0,1.0,1.0,1.0,1.0,1.0,1.0,110,0,0,110,110,5995,5995,25,25,4,2.08,0.8735999999999998,4,2.08,0.8735999999999998
14533,all,1.0,1.0,1.0,1.0,1.0,1.0,1.0,1.0,70,0,0,70,70,2415,2415,38,38,4,2.026315789473684,0.7098337950138505,4,2.026315789473684,0.7098337950138505
14536,all,1.0,1.0,1.0,1.0,1.0,1.0,1.0,1.0,39,0,0,39,39,741,741,25,25,5,2.4,1.36,5,2.4,1.36
14537,all,1.0,1.0,1.0,1.0,1.0,1.0,1.0,1.0,57,0,0,57,57,1596,1596,31,31,4,2.7096774193548385,0.6576482830385018,4,2.7096774193548385,0.6576482830385018
14543,all,1.0,1.0,1.0,1.0,1.0,1.0,1.0,1.0,106,0,0,106,106,5565,5565,20,20,3,1.85,0.6275,3,1.85,0.6275
14547,all,1.0,1.0,1.0,1.0,1.0,1.0,1.0,1.0,48,0,0,48,48,1128,1128,26,26,4,2.3461538461538463,0.9186390532544378,4,2.3461538461538463,0.9186390532544378
14549,all,1.0,1.0,1.0,1.0,1.0,1.0,1.0,1.0,51,0,0,51,51,1275,1275,30,30,4,2.7,0.7433333333333333,4,2.7,0.7433333333333333
14557,all,1.0,1.0,1.0,1.0,1.0,1.0,1.0,1.0,48,0,0,48,48,1128,1128,14,14,4,2.642857142857143,0.9438775510204083,4,2.642857142857143,0.9438775510204083
14562,all,1.0,1.0,1.0,1.0,1.0,1.0,1.0,1.0,84,0,0,84,84,3486,3486,41,41,4,2.292682926829268,0.74360499702558,4,2.292682926829268,0.74360499702558
14567,all,1.0,1.0,1.0,1.0,1.0,1.0,1.0,1.0,19,0,0,19,19,171,171,11,11,3,1.8181818181818181,0.33057851239669417,3,1.8181818181818181,0.33057851239669417
14575,all,1.0,1.0,1.0,1.0,1.0,1.0,1.0,1.0,55,0,0,55,55,1485,1485,18,18,4,1.7777777777777777,0.7283950617283951,4,1.7777777777777777,0.7283950617283951
14591,all,1.0,1.0,1.0,1.0,1.0,1.0,1.0,1.0,108,0,0,108,108,5778,5778,38,38,5,2.3157894736842106,1.321329639889197,5,2.3157894736842106,1.321329639889197
14592,all,1.0,1.0,1.0,1.0,1.0,1.0,1.0,1.0,35,0,0,35,35,595,595,20,20,4,2.15,0.7275,4,2.15,0.7275
14600,all,1.0,1.0,1.0,1.0,1.0,1.0,1.0,1.0,32,0,0,32,32,496,496,19,19,4,2.473684210526316,0.775623268698061,4,2.473684210526316,0.775623268698061
14611,all,1.0,1.0,1.0,1.0,1.0,1.0,1.0,1.0,92,0,0,92,92,4186,4186,29,29,4,1.7586206896551724,0.8038049940546966,4,1.7586206896551724,0.8038049940546966
14619,all,1.0,1.0,1.0,1.0,1.0,1.0,1.0,1.0,88,0,0,88,88,3828,3828,15,15,3,1.6,0.5066666666666667,3,1.6,0.5066666666666667
14635,all,1.0,1.0,1.0,1.0,1.0,1.0,1.0,1.0,214,0,0,214,214,22791,22791,71,71,4,2.084507042253521,0.8097599682602661,4,2.084507042253521,0.8097599682602661
14644,all,1.0,1.0,1.0,1.0,1.0,1.0,1.0,1.0,30,0,0,30,30,435,435,19,19,3,1.7894736842105263,0.4819944598337951,3,1.7894736842105263,0.4819944598337951
14662,all,1.0,1.0,1.0,1.0,1.0,1.0,1.0,1.0,53,0,0,53,53,1378,1378,14,14,3,1.5,0.39285714285714285,3,1.5,0.39285714285714285
14676,all,1.0,1.0,1.0,1.0,1.0,1.0,1.0,1.0,90,0,0,90,90,4005,4005,29,29,3,1.5862068965517242,0.3115338882282996,3,1.5862068965517242,0.3115338882282996
14677,all,1.0,1.0,1.0,1.0,1.0,1.0,1.0,1.0,58,0,0,58,58,1653,1653,18,18,3,2.0,0.6666666666666666,3,2.0,0.6666666666666666
14683,all,1.0,1.0,1.0,1.0,1.0,1.0,1.0,1.0,83,0,0,83,83,3403,3403,29,29,3,2.2413793103448274,0.5279429250891795,3,2.2413793103448274,0.5279429250891795
14686,all,1.0,1.0,1.0,1.0,1.0,1.0,1.0,1.0,104,0,0,104,104,5356,5356,25,25,4,1.96,0.8384,4,1.96,0.8384
14691,all,1.0,1.0,1.0,1.0,1.0,1.0,1.0,1.0,37,0,0,37,37,666,666,17,17,5,3.176470588235294,1.5570934256055362,5,3.176470588235294,1.5570934256055362
14698,all,1.0,1.0,1.0,1.0,1.0,1.0,1.0,1.0,121,0,0,121,121,7260,7260,58,58,4,2.293103448275862,0.724435196195006,4,2.293103448275862,0.724435196195006
14707,all,1.0,1.0,1.0,1.0,1.0,1.0,1.0,1.0,15,0,0,15,15,105,105,8,8,3,2.0,0.5,3,2.0,0.5
14723,all,1.0,1.0,1.0,1.0,1.0,1.0,1.0,1.0,24,0,0,24,24,276,276,12,12,2,1.5,0.25,2,1.5,0.25
14726,all,1.0,1.0,1.0,1.0,1.0,1.0,1.0,1.0,229,0,0,229,229,26106,26106,58,58,6,2.5172413793103448,0.9393579072532698,6,2.5172413793103448,0.9393579072532698
14728,all,1.0,1.0,1.0,1.0,1.0,1.0,1.0,1.0,91,0,0,91,91,4095,4095,13,13,2,1.4615384615384615,0.24852071005917153,2,1.4615384615384615,0.24852071005917153
14736,all,1.0,1.0,1.0,1.0,1.0,1.0,1.0,1.0,88,0,0,88,88,3828,3828,28,28,3,1.75,0.5446428571428571,3,1.75,0.5446428571428571
14740,all,1.0,1.0,1.0,1.0,1.0,1.0,1.0,1.0,79,0,0,79,79,3081,3081,45,45,5,2.466666666666667,1.2266666666666668,5,2.466666666666667,1.2266666666666668
14743,all,1.0,1.0,1.0,1.0,1.0,1.0,1.0,1.0,93,0,0,93,93,4278,4278,28,28,4,2.107142857142857,0.9528061224489796,4,2.107142857142857,0.9528061224489796
14748,all,1.0,1.0,1.0,1.0,1.0,1.0,1.0,1.0,58,0,0,58,58,1653,1653,30,30,4,1.9,0.7566666666666667,4,1.9,0.7566666666666667
14750,all,1.0,1.0,1.0,1.0,1.0,1.0,1.0,1.0,120,0,0,120,120,7140,7140,27,27,4,2.0,0.5925925925925926,4,2.0,0.5925925925925926
14756,all,1.0,1.0,1.0,1.0,1.0,1.0,1.0,1.0,96,0,0,96,96,4560,4560,42,42,4,2.6666666666666665,0.8412698412698412,4,2.6666666666666665,0.8412698412698412
14759,all,1.0,1.0,1.0,1.0,1.0,1.0,1.0,1.0,17,0,0,17,17,136,136,5,5,2,1.4,0.24,2,1.4,0.24
14764,all,1.0,1.0,1.0,1.0,1.0,1.0,1.0,1.0,40,0,0,40,40,780,780,16,16,4,2.125,0.984375,4,2.125,0.984375
14766,all,1.0,1.0,1.0,1.0,1.0,1.0,1.0,1.0,28,0,0,28,28,378,378,18,18,4,2.2777777777777777,0.7561728395061729,4,2.2777777777777777,0.7561728395061729
14768,all,1.0,1.0,1.0,1.0,1.0,1.0,1.0,1.0,69,0,0,69,69,2346,2346,29,29,4,2.4827586206896552,0.93935790725327,4,2.4827586206896552,0.93935790725327
14769,all,1.0,1.0,1.0,1.0,1.0,1.0,1.0,1.0,67,0,0,67,67,2211,2211,22,22,4,2.590909090909091,0.9690082644628102,4,2.590909090909091,0.9690082644628102
14773,all,1.0,1.0,1.0,1.0,1.0,1.0,1.0,1.0,77,0,0,77,77,2926,2926,31,31,4,2.032258064516129,0.8699271592091572,4,2.032258064516129,0.8699271592091572
14783,all,1.0,1.0,1.0,1.0,1.0,1.0,1.0,1.0,8,0,0,8,8,28,28,4,4,2,1.25,0.1875,2,1.25,0.1875
14795,all,1.0,1.0,1.0,1.0,1.0,1.0,1.0,1.0,85,0,0,85,85,3570,3570,23,23,3,2.0434782608695654,0.6502835538752361,3,2.0434782608695654,0.6502835538752361
14798,all,1.0,1.0,1.0,1.0,1.0,1.0,1.0,1.0,321,0,0,321,321,51360,51360,25,25,4,2.16,0.8544000000000002,4,2.16,0.8544000000000002
14801,all,1.0,1.0,1.0,1.0,1.0,1.0,1.0,1.0,47,0,0,47,47,1081,1081,26,26,4,1.9230769230769231,0.7633136094674556,4,1.9230769230769231,0.7633136094674556
14804,all,1.0,1.0,1.0,1.0,1.0,1.0,1.0,1.0,32,0,0,32,32,496,496,20,20,3,1.8,0.6599999999999999,3,1.8,0.6599999999999999
14807,all,1.0,1.0,1.0,1.0,1.0,1.0,1.0,1.0,250,0,0,250,250,31125,31125,39,39,4,2.4358974358974357,1.015121630506246,4,2.4358974358974357,1.015121630506246
14812,all,1.0,1.0,1.0,1.0,1.0,1.0,1.0,1.0,47,0,0,47,47,1081,1081,23,23,3,1.5217391304347827,0.5103969754253308,3,1.5217391304347827,0.5103969754253308
14818,all,1.0,1.0,1.0,1.0,1.0,1.0,1.0,1.0,65,0,0,65,65,2080,2080,32,32,5,2.46875,1.1240234375,5,2.46875,1.1240234375
14820,all,1.0,1.0,1.0,1.0,1.0,1.0,1.0,1.0,53,0,0,53,53,1378,1378,17,17,3,1.7647058823529411,0.532871972318339,3,1.7647058823529411,0.532871972318339
14824,all,1.0,1.0,1.0,1.0,1.0,1.0,1.0,1.0,88,0,0,88,88,3828,3828,27,27,4,2.4074074074074074,0.9080932784636491,4,2.4074074074074074,0.9080932784636491
14844,all,1.0,1.0,1.0,1.0,1.0,1.0,1.0,1.0,27,0,0,27,27,351,351,15,15,5,2.533333333333333,1.5822222222222222,5,2.533333333333333,1.5822222222222222
14845,all,1.0,1.0,1.0,1.0,1.0,1.0,1.0,1.0,94,0,0,94,94,4371,4371,19,19,2,1.4736842105263157,0.2493074792243767,2,1.4736842105263157,0.2493074792243767
14849,all,1.0,1.0,1.0,1.0,1.0,1.0,1.0,1.0,111,0,0,111,111,6105,6105,17,17,3,1.5294117647058822,0.3667820069204153,3,1.5294117647058822,0.3667820069204153
14854,all,1.0,1.0,1.0,1.0,1.0,1.0,1.0,1.0,47,0,0,47,47,1081,1081,11,11,3,1.5454545454545454,0.42975206611570244,3,1.5454545454545454,0.42975206611570244
14855,all,1.0,1.0,1.0,1.0,1.0,1.0,1.0,1.0,83,0,0,83,83,3403,3403,28,28,5,2.7142857142857144,1.7040816326530615,5,2.7142857142857144,1.7040816326530615
14857,all,1.0,1.0,1.0,1.0,1.0,1.0,1.0,1.0,23,0,0,23,23,253,253,10,10,3,1.7,0.6100000000000001,3,1.7,0.6100000000000001
14861,all,1.0,1.0,1.0,1.0,1.0,1.0,1.0,1.0,65,0,0,65,65,2080,2080,17,17,3,1.7647058823529411,0.532871972318339,3,1.7647058823529411,0.532871972318339
14862,all,1.0,1.0,1.0,1.0,1.0,1.0,1.0,1.0,101,0,0,101,101,5050,5050,23,23,4,2.0,0.9565217391304348,4,2.0,0.9565217391304348
14864,all,1.0,1.0,1.0,1.0,1.0,1.0,1.0,1.0,107,0,0,107,107,5671,5671,36,36,4,1.9722222222222223,0.7492283950617282,4,1.9722222222222223,0.7492283950617282
14869,all,1.0,1.0,1.0,1.0,1.0,1.0,1.0,1.0,39,0,0,39,39,741,741,16,16,3,1.5,0.375,3,1.5,0.375
14870,all,1.0,1.0,1.0,1.0,1.0,1.0,1.0,1.0,371,0,0,371,371,68635,68635,58,58,4,2.2241379310344827,0.7256242568370986,4,2.2241379310344827,0.7256242568370986
14872,all,1.0,1.0,1.0,1.0,1.0,1.0,1.0,1.0,140,0,0,140,140,9730,9730,32,32,3,1.8125,0.58984375,3,1.8125,0.58984375
14874,all,1.0,1.0,1.0,1.0,1.0,1.0,1.0,1.0,42,0,0,42,42,861,861,22,22,3,2.1818181818181817,0.6033057851239666,3,2.1818181818181817,0.6033057851239666
14880,all,1.0,1.0,1.0,1.0,1.0,1.0,1.0,1.0,60,0,0,60,60,1770,1770,24,24,5,2.0833333333333335,1.159722222222222,5,2.0833333333333335,1.159722222222222
14892,all,1.0,1.0,1.0,1.0,1.0,1.0,1.0,1.0,77,0,0,77,77,2926,2926,43,43,4,2.395348837209302,0.7041644131963224,4,2.395348837209302,0.7041644131963224
14928,all,1.0,1.0,1.0,1.0,1.0,1.0,1.0,1.0,23,0,0,23,23,253,253,17,17,3,1.9411764705882353,0.6435986159169551,3,1.9411764705882353,0.6435986159169551
14938,all,1.0,1.0,1.0,1.0,1.0,1.0,1.0,1.0,226,0,0,226,226,25425,25425,38,38,4,2.0526315789473686,0.8919667590027702,4,2.0526315789473686,0.8919667590027702
14940,all,1.0,1.0,1.0,1.0,1.0,1.0,1.0,1.0,21,0,0,21,21,210,210,14,14,4,2.0714285714285716,0.7806122448979591,4,2.0714285714285716,0.7806122448979591
14941,all,1.0,1.0,1.0,1.0,1.0,1.0,1.0,1.0,18,0,0,18,18,153,153,11,11,3,1.6363636363636365,0.5950413223140496,3,1.6363636363636365,0.5950413223140496
14954,all,1.0,1.0,1.0,1.0,1.0,1.0,1.0,1.0,47,0,0,47,47,1081,1081,4,4,3,1.75,0.6875,3,1.75,0.6875
14961,all,1.0,1.0,1.0,1.0,1.0,1.0,1.0,1.0,25,0,0,25,25,300,300,19,19,4,2.4210526315789473,0.6648199445983379,4,2.4210526315789473,0.6648199445983379
14967,all,1.0,1.0,1.0,1.0,1.0,1.0,1.0,1.0,25,0,0,25,25,300,300,13,13,3,1.6923076923076923,0.5207100591715976,3,1.6923076923076923,0.5207100591715976
14969,all,1.0,1.0,1.0,1.0,1.0,1.0,1.0,1.0,118,0,0,118,118,6903,6903,36,36,5,2.611111111111111,1.0154320987654322,5,2.611111111111111,1.0154320987654322
14970,all,1.0,1.0,1.0,1.0,1.0,1.0,1.0,1.0,11,0,0,11,11,55,55,10,10,3,2.3,0.8099999999999999,3,2.3,0.8099999999999999
14974,all,1.0,1.0,1.0,1.0,1.0,1.0,1.0,1.0,28,0,0,28,28,378,378,11,11,3,1.5454545454545454,0.6115702479338843,3,1.5454545454545454,0.6115702479338843
14975,all,1.0,1.0,1.0,1.0,1.0,1.0,1.0,1.0,206,0,0,206,206,21115,21115,30,30,3,1.8333333333333333,0.5388888888888889,3,1.8333333333333333,0.5388888888888889
14986,all,1.0,1.0,1.0,1.0,1.0,1.0,1.0,1.0,34,0,0,34,34,561,561,14,14,6,2.9285714285714284,2.4948979591836737,6,2.9285714285714284,2.4948979591836737
14988,all,1.0,1.0,1.0,1.0,1.0,1.0,1.0,1.0,100,0,0,100,100,4950,4950,34,34,3,1.9705882352941178,0.38148788927335636,3,1.9705882352941178,0.38148788927335636
14990,all,1.0,1.0,1.0,1.0,1.0,1.0,1.0,1.0,75,0,0,75,75,2775,2775,35,35,4,1.8571428571428572,0.6938775510204084,4,1.8571428571428572,0.6938775510204084
14998,all,1.0,1.0,1.0,1.0,1.0,1.0,1.0,1.0,22,0,0,22,22,231,231,10,10,3,2.0,0.8,3,2.0,0.8
15002,all,1.0,1.0,1.0,1.0,1.0,1.0,1.0,1.0,30,0,0,30,30,435,435,18,18,3,1.9444444444444444,0.6080246913580247,3,1.9444444444444444,0.6080246913580247
15006,all,1.0,1.0,1.0,1.0,1.0,1.0,1.0,1.0,30,0,0,30,30,435,435,12,12,2,1.3333333333333333,0.22222222222222224,2,1.3333333333333333,0.22222222222222224
15008,all,1.0,1.0,1.0,1.0,1.0,1.0,1.0,1.0,22,0,0,22,22,231,231,16,16,4,1.875,0.984375,4,1.875,0.984375
15011,all,1.0,1.0,1.0,1.0,1.0,1.0,1.0,1.0,24,0,0,24,24,276,276,16,16,3,1.875,0.484375,3,1.875,0.484375
15016,all,1.0,1.0,1.0,1.0,1.0,1.0,1.0,1.0,4,0,0,4,4,6,6,4,4,2,1.5,0.25,2,1.5,0.25
15017,all,1.0,1.0,1.0,1.0,1.0,1.0,1.0,1.0,122,0,0,122,122,7381,7381,32,32,4,2.3125,0.90234375,4,2.3125,0.90234375
15032,all,1.0,1.0,1.0,1.0,1.0,1.0,1.0,1.0,8,0,0,8,8,28,28,8,8,2,1.125,0.109375,2,1.125,0.109375
15036,all,1.0,1.0,1.0,1.0,1.0,1.0,1.0,1.0,25,0,0,25,25,300,300,10,10,3,1.7,0.41,3,1.7,0.41
15049,all,1.0,1.0,1.0,1.0,1.0,1.0,1.0,1.0,32,0,0,32,32,496,496,6,6,2,1.5,0.25,2,1.5,0.25
15050,all,1.0,1.0,1.0,1.0,1.0,1.0,1.0,1.0,31,0,0,31,31,465,465,16,16,3,1.9375,0.68359375,3,1.9375,0.68359375
15055,all,1.0,1.0,1.0,1.0,1.0,1.0,1.0,1.0,49,0,0,49,49,1176,1176,20,20,4,2.3,0.9099999999999999,4,2.3,0.9099999999999999
15062,all,1.0,1.0,1.0,1.0,1.0,1.0,1.0,1.0,46,0,0,46,46,1035,1035,26,26,3,2.1153846153846154,0.7174556213017753,3,2.1153846153846154,0.7174556213017753
15069,all,1.0,1.0,1.0,1.0,1.0,1.0,1.0,1.0,82,0,0,82,82,3321,3321,38,38,3,2.0789473684210527,0.5463988919667591,3,2.0789473684210527,0.5463988919667591
15070,all,1.0,1.0,1.0,1.0,1.0,1.0,1.0,1.0,32,0,0,32,32,496,496,18,18,3,1.8333333333333333,0.4722222222222222,3,1.8333333333333333,0.4722222222222222
15071,all,1.0,1.0,1.0,1.0,1.0,1.0,1.0,1.0,102,0,0,102,102,5151,5151,36,36,4,2.2222222222222223,1.0061728395061729,4,2.2222222222222223,1.0061728395061729
15073,all,1.0,1.0,1.0,1.0,1.0,1.0,1.0,1.0,34,0,0,34,34,561,561,7,7,3,1.8571428571428572,0.6938775510204082,3,1.8571428571428572,0.6938775510204082
15074,all,1.0,1.0,1.0,1.0,1.0,1.0,1.0,1.0,46,0,0,46,46,1035,1035,27,27,3,1.8518518518518519,0.5706447187928669,3,1.8518518518518519,0.5706447187928669
15085,all,1.0,1.0,1.0,1.0,1.0,1.0,1.0,1.0,168,0,0,168,168,14028,14028,20,20,2,1.4,0.24000000000000005,2,1.4,0.24000000000000005
15097,all,1.0,1.0,1.0,1.0,1.0,1.0,1.0,1.0,136,0,0,136,136,9180,9180,25,25,3,1.6,0.4799999999999999,3,1.6,0.4799999999999999
15107,all,1.0,1.0,1.0,1.0,1.0,1.0,1.0,1.0,31,0,0,31,31,465,465,17,17,3,1.4705882352941178,0.3667820069204153,3,1.4705882352941178,0.3667820069204153
15109,all,1.0,1.0,1.0,1.0,1.0,1.0,1.0,1.0,40,0,0,40,40,780,780,22,22,3,1.8181818181818181,0.6033057851239669,3,1.8181818181818181,0.6033057851239669
15110,all,1.0,1.0,1.0,1.0,1.0,1.0,1.0,1.0,254,0,0,254,254,32131,32131,50,50,3,1.82,0.6275999999999999,3,1.82,0.6275999999999999
15112,all,1.0,1.0,1.0,1.0,1.0,1.0,1.0,1.0,21,0,0,21,21,210,210,13,13,2,1.3076923076923077,0.21301775147928995,2,1.3076923076923077,0.21301775147928995
15113,all,1.0,1.0,1.0,1.0,1.0,1.0,1.0,1.0,57,0,0,57,57,1596,1596,15,15,3,1.6666666666666667,0.48888888888888893,3,1.6666666666666667,0.48888888888888893
15117,all,1.0,1.0,1.0,1.0,1.0,1.0,1.0,1.0,195,0,0,195,195,18915,18915,47,47,4,2.297872340425532,0.7197827071072884,4,2.297872340425532,0.7197827071072884
15126,all,1.0,1.0,1.0,1.0,1.0,1.0,1.0,1.0,22,0,0,22,22,231,231,9,9,3,1.5555555555555556,0.46913580246913583,3,1.5555555555555556,0.46913580246913583
15140,all,1.0,1.0,1.0,1.0,1.0,1.0,1.0,1.0,70,0,0,70,70,2415,2415,28,28,4,2.142857142857143,0.979591836734694,4,2.142857142857143,0.979591836734694
15148,all,1.0,1.0,1.0,1.0,1.0,1.0,1.0,1.0,201,0,0,201,201,20100,20100,66,66,5,3.1363636363636362,1.4511019283746556,5,3.1363636363636362,1.4511019283746556
15153,all,1.0,1.0,1.0,1.0,1.0,1.0,1.0,1.0,113,0,0,113,113,6328,6328,31,31,3,1.903225806451613,0.5390218522372529,3,1.903225806451613,0.5390218522372529
15155,all,1.0,1.0,1.0,1.0,1.0,1.0,1.0,1.0,21,0,0,21,21,210,210,11,11,2,1.3636363636363635,0.23140495867768598,2,1.3636363636363635,0.23140495867768598
15165,all,1.0,1.0,1.0,1.0,1.0,1.0,1.0,1.0,176,0,0,176,176,15400,15400,68,68,6,2.3823529411764706,1.7361591695501728,6,2.3823529411764706,1.7361591695501728
15175,all,1.0,1.0,1.0,1.0,1.0,1.0,1.0,1.0,31,0,0,31,31,465,465,17,17,3,1.8235294117647058,0.49826989619377166,3,1.8235294117647058,0.49826989619377166
15179,all,1.0,1.0,1.0,1.0,1.0,1.0,1.0,1.0,54,0,0,54,54,1431,1431,24,24,3,1.6666666666666667,0.47222222222222227,3,1.6666666666666667,0.47222222222222227
15183,all,1.0,1.0,1.0,1.0,1.0,1.0,1.0,1.0,50,0,0,50,50,1225,1225,16,16,3,1.625,0.484375,3,1.625,0.484375
15185,all,1.0,1.0,1.0,1.0,1.0,1.0,1.0,1.0,13,0,0,13,13,78,78,11,11,3,1.4545454545454546,0.42975206611570244,3,1.4545454545454546,0.42975206611570244
15195,all,1.0,1.0,1.0,1.0,1.0,1.0,1.0,1.0,174,0,0,174,174,15051,15051,50,50,4,2.64,0.7904000000000002,4,2.64,0.7904000000000002
15197,all,1.0,1.0,1.0,1.0,1.0,1.0,1.0,1.0,159,0,0,159,159,12561,12561,31,31,4,1.6451612903225807,0.6805411030176898,4,1.6451612903225807,0.6805411030176898
15198,all,1.0,1.0,1.0,1.0,1.0,1.0,1.0,1.0,87,0,0,87,87,3741,3741,33,33,3,1.878787878787879,0.5307621671258036,3,1.878787878787879,0.5307621671258036
15203,all,1.0,1.0,1.0,1.0,1.0,1.0,1.0,1.0,22,0,0,22,22,231,231,7,7,3,2.0,0.8571428571428571,3,2.0,0.8571428571428571
15219,all,1.0,1.0,1.0,1.0,1.0,1.0,1.0,1.0,158,0,0,158,158,12403,12403,46,46,5,2.0,0.9565217391304348,5,2.0,0.9565217391304348
15249,all,1.0,1.0,1.0,1.0,1.0,1.0,1.0,1.0,85,0,0,85,85,3570,3570,26,26,3,1.8846153846153846,0.6405325443786982,3,1.8846153846153846,0.6405325443786982
15257,all,1.0,1.0,1.0,1.0,1.0,1.0,1.0,1.0,97,0,0,97,97,4656,4656,31,31,4,2.806451612903226,0.9302809573361083,4,2.806451612903226,0.9302809573361083
15259,all,1.0,1.0,1.0,1.0,1.0,1.0,1.0,1.0,68,0,0,68,68,2278,2278,17,17,2,1.5294117647058822,0.24913494809688583,2,1.5294117647058822,0.24913494809688583
15262,all,1.0,1.0,1.0,1.0,1.0,1.0,1.0,1.0,52,0,0,52,52,1326,1326,25,25,5,1.8,0.9600000000000003,5,1.8,0.9600000000000003
15266,all,1.0,1.0,1.0,1.0,1.0,1.0,1.0,1.0,48,0,0,48,48,1128,1128,22,22,2,1.4090909090909092,0.24173553719008256,2,1.4090909090909092,0.24173553719008256
15267,all,1.0,1.0,1.0,1.0,1.0,1.0,1.0,1.0,108,0,0,108,108,5778,5778,21,21,4,2.380952380952381,0.9977324263038551,4,2.380952380952381,0.9977324263038551
15268,all,1.0,1.0,1.0,1.0,1.0,1.0,1.0,1.0,74,0,0,74,74,2701,2701,32,32,4,1.90625,0.8974609375,4,1.90625,0.8974609375
15269,all,1.0,1.0,1.0,1.0,1.0,1.0,1.0,1.0,150,0,0,150,150,11175,11175,43,43,4,2.1627906976744184,0.7409410492157924,4,2.1627906976744184,0.7409410492157924
15273,all,1.0,1.0,1.0,1.0,1.0,1.0,1.0,1.0,136,0,0,136,136,9180,9180,51,51,4,1.9803921568627452,0.9211841599384852,4,1.9803921568627452,0.9211841599384852
15274,all,1.0,1.0,1.0,1.0,1.0,1.0,1.0,1.0,145,0,0,145,145,10440,10440,19,19,3,1.5263157894736843,0.3545706371191136,3,1.5263157894736843,0.3545706371191136
15276,all,1.0,1.0,1.0,1.0,1.0,1.0,1.0,1.0,58,0,0,58,58,1653,1653,26,26,2,1.4615384615384615,0.24852071005917156,2,1.4615384615384615,0.24852071005917156
15286,all,1.0,1.0,1.0,1.0,1.0,1.0,1.0,1.0,54,0,0,54,54,1431,1431,21,21,2,1.4761904761904763,0.24943310657596368,2,1.4761904761904763,0.24943310657596368
15297,all,1.0,1.0,1.0,1.0,1.0,1.0,1.0,1.0,58,0,0,58,58,1653,1653,20,20,3,1.95,0.5475,3,1.95,0.5475
15301,all,1.0,1.0,1.0,1.0,1.0,1.0,1.0,1.0,98,0,0,98,98,4753,4753,26,26,4,1.6923076923076923,0.6745562130177514,4,1.6923076923076923,0.6745562130177514
15302,all,1.0,1.0,1.0,1.0,1.0,1.0,1.0,1.0,273,0,0,273,273,37128,37128,39,39,4,2.2051282051282053,0.8809993425378041,4,2.2051282051282053,0.8809993425378041
15303,all,1.0,1.0,1.0,1.0,1.0,1.0,1.0,1.0,43,0,0,43,43,903,903,17,17,3,2.176470588235294,0.7335640138408305,3,2.176470588235294,0.7335640138408305
15307,all,1.0,1.0,1.0,1.0,1.0,1.0,1.0,1.0,13,0,0,13,13,78,78,6,6,3,1.5,0.5833333333333334,3,1.5,0.5833333333333334
15311,all,1.0,1.0,1.0,1.0,1.0,1.0,1.0,1.0,18,0,0,18,18,153,153,9,9,3,1.7777777777777777,0.6172839506172839,3,1.7777777777777777,0.6172839506172839
15329,all,1.0,1.0,1.0,1.0,1.0,1.0,1.0,1.0,33,0,0,33,33,528,528,18,18,3,1.5555555555555556,0.3580246913580247,3,1.5555555555555556,0.3580246913580247
15345,all,1.0,1.0,1.0,1.0,1.0,1.0,1.0,1.0,151,0,0,151,151,11325,11325,47,47,4,2.1914893617021276,0.9633318243549116,4,2.1914893617021276,0.9633318243549116
15347,all,1.0,1.0,1.0,1.0,1.0,1.0,1.0,1.0,40,0,0,40,40,780,780,13,13,3,1.3846153846153846,0.3905325443786983,3,1.3846153846153846,0.3905325443786983
15356,all,1.0,1.0,1.0,1.0,1.0,1.0,1.0,1.0,63,0,0,63,63,1953,1953,31,31,5,2.2580645161290325,1.0946930280957337,5,2.2580645161290325,1.0946930280957337
15366,all,1.0,1.0,1.0,1.0,1.0,1.0,1.0,1.0,26,0,0,26,26,325,325,14,14,4,1.8571428571428572,0.836734693877551,4,1.8571428571428572,0.836734693877551
15379,all,1.0,1.0,1.0,1.0,1.0,1.0,1.0,1.0,160,0,0,160,160,12720,12720,39,39,3,2.0,0.358974358974359,3,2.0,0.358974358974359
15382,all,1.0,1.0,1.0,1.0,1.0,1.0,1.0,1.0,83,0,0,83,83,3403,3403,31,31,4,2.4838709677419355,0.8949011446409992,4,2.4838709677419355,0.8949011446409992
15386,all,1.0,1.0,1.0,1.0,1.0,1.0,1.0,1.0,124,0,0,124,124,7626,7626,44,44,5,2.090909090909091,1.1735537190082646,5,2.090909090909091,1.1735537190082646
15391,all,1.0,1.0,1.0,1.0,1.0,1.0,1.0,1.0,21,0,0,21,21,210,210,16,16,2,1.5625,0.24609375,2,1.5625,0.24609375
15392,all,1.0,1.0,1.0,1.0,1.0,1.0,1.0,1.0,140,0,0,140,140,9730,9730,40,40,4,2.125,0.759375,4,2.125,0.759375
15399,all,1.0,1.0,1.0,1.0,1.0,1.0,1.0,1.0,104,0,0,104,104,5356,5356,46,46,4,2.260869565217391,0.8449905482041586,4,2.260869565217391,0.8449905482041586
15404,all,1.0,1.0,1.0,1.0,1.0,1.0,1.0,1.0,18,0,0,18,18,153,153,11,11,2,1.2727272727272727,0.1983471074380165,2,1.2727272727272727,0.1983471074380165
15409,all,1.0,1.0,1.0,1.0,1.0,1.0,1.0,1.0,137,0,0,137,137,9316,9316,59,59,5,2.135593220338983,0.8968687158862396,5,2.135593220338983,0.8968687158862396
15451,all,1.0,1.0,1.0,1.0,1.0,1.0,1.0,1.0,214,0,0,214,214,22791,22791,52,52,4,1.9807692307692308,0.5573224852071006,4,1.9807692307692308,0.5573224852071006
15468,all,1.0,1.0,1.0,1.0,1.0,1.0,1.0,1.0,56,0,0,56,56,1540,1540,24,24,2,1.375,0.234375,2,1.375,0.234375
15469,all,1.0,1.0,1.0,1.0,1.0,1.0,1.0,1.0,298,0,0,298,298,44253,44253,47,47,4,2.4680851063829787,1.1000452693526481,4,2.4680851063829787,1.1000452693526481
15472,all,1.0,1.0,1.0,1.0,1.0,1.0,1.0,1.0,334,0,0,334,334,55611,55611,47,47,4,2.276595744680851,1.0086011770031686,4,2.276595744680851,1.0086011770031686
15474,all,1.0,1.0,1.0,1.0,1.0,1.0,1.0,1.0,52,0,0,52,52,1326,1326,25,25,3,2.0,0.64,3,2.0,0.64
15485,all,1.0,1.0,1.0,1.0,1.0,1.0,1.0,1.0,142,0,0,142,142,10011,10011,35,35,3,1.6571428571428573,0.45387755102040805,3,1.6571428571428573,0.45387755102040805
15486,all,1.0,1.0,1.0,1.0,1.0,1.0,1.0,1.0,314,0,0,314,314,49141,49141,60,60,4,1.9,0.5233333333333334,4,1.9,0.5233333333333334
15496,all,1.0,1.0,1.0,1.0,1.0,1.0,1.0,1.0,84,0,0,84,84,3486,3486,32,32,4,2.1875,0.83984375,4,2.1875,0.83984375
15514,all,1.0,1.0,1.0,1.0,1.0,1.0,1.0,1.0,168,0,0,168,168,14028,14028,37,37,4,2.3513513513513513,1.0927684441197956,4,2.3513513513513513,1.0927684441197956
15524,all,1.0,1.0,1.0,1.0,1.0,1.0,1.0,1.0,374,0,0,374,374,69751,69751,38,38,3,1.5789473684210527,0.3490304709141274,3,1.5789473684210527,0.3490304709141274
15525,all,1.0,1.0,1.0,1.0,1.0,1.0,1.0,1.0,24,0,0,24,24,276,276,9,9,2,1.2222222222222223,0.1728395061728395,2,1.2222222222222223,0.1728395061728395
15528,all,1.0,1.0,1.0,1.0,1.0,1.0,1.0,1.0,43,0,0,43,43,903,903,18,18,4,2.4444444444444446,0.9135802469135802,4,2.4444444444444446,0.9135802469135802
15546,all,1.0,1.0,1.0,1.0,1.0,1.0,1.0,1.0,82,0,0,82,82,3321,3321,39,39,4,2.6923076923076925,1.0848126232741622,4,2.6923076923076925,1.0848126232741622
15558,all,1.0,1.0,1.0,1.0,1.0,1.0,1.0,1.0,133,0,0,133,133,8778,8778,48,48,5,2.5,0.9166666666666666,5,2.5,0.9166666666666666
15564,all,1.0,1.0,1.0,1.0,1.0,1.0,1.0,1.0,236,0,0,236,236,27730,27730,38,38,4,2.4473684210526314,1.1419667590027704,4,2.4473684210526314,1.1419667590027704
15565,all,1.0,1.0,1.0,1.0,1.0,1.0,1.0,1.0,34,0,0,34,34,561,561,14,14,4,2.357142857142857,1.3724489795918369,4,2.357142857142857,1.3724489795918369
15569,all,1.0,1.0,1.0,1.0,1.0,1.0,1.0,1.0,21,0,0,21,21,210,210,16,16,3,1.5,0.375,3,1.5,0.375
15576,all,1.0,1.0,1.0,1.0,1.0,1.0,1.0,1.0,59,0,0,59,59,1711,1711,32,32,4,2.375,0.921875,4,2.375,0.921875
15581,all,1.0,1.0,1.0,1.0,1.0,1.0,1.0,1.0,25,0,0,25,25,300,300,19,19,4,2.473684210526316,0.8808864265927978,4,2.473684210526316,0.8808864265927978
15586,all,1.0,1.0,1.0,1.0,1.0,1.0,1.0,1.0,91,0,0,91,91,4095,4095,38,38,5,2.4473684210526314,0.9840720221606651,5,2.4473684210526314,0.9840720221606651
15595,all,1.0,1.0,1.0,1.0,1.0,1.0,1.0,1.0,42,0,0,42,42,861,861,21,21,3,1.9523809523809523,0.6167800453514738,3,1.9523809523809523,0.6167800453514738
15599,all,1.0,1.0,1.0,1.0,1.0,1.0,1.0,1.0,196,0,0,196,196,19110,19110,24,24,3,1.875,0.609375,3,1.875,0.609375
15600,all,1.0,1.0,1.0,1.0,1.0,1.0,1.0,1.0,99,0,0,99,99,4851,4851,36,36,5,2.1944444444444446,1.267746913580247,5,2.1944444444444446,1.267746913580247
15610,all,1.0,1.0,1.0,1.0,1.0,1.0,1.0,1.0,157,0,0,157,157,12246,12246,40,40,4,2.025,0.5743750000000001,4,2.025,0.5743750000000001
15614,all,1.0,1.0,1.0,1.0,1.0,1.0,1.0,1.0,38,0,0,38,38,703,703,12,12,3,1.5,0.4166666666666667,3,1.5,0.4166666666666667
15617,all,1.0,1.0,1.0,1.0,1.0,1.0,1.0,1.0,108,0,0,108,108,5778,5778,31,31,5,2.5806451612903225,1.3402705515088453,5,2.5806451612903225,1.3402705515088453
15618,all,1.0,1.0,1.0,1.0,1.0,1.0,1.0,1.0,15,0,0,15,15,105,105,10,10,4,2.3,0.8099999999999999,4,2.3,0.8099999999999999
15619,all,1.0,1.0,1.0,1.0,1.0,1.0,1.0,1.0,55,0,0,55,55,1485,1485,26,26,4,2.4615384615384617,0.6331360946745563,4,2.4615384615384617,0.6331360946745563
15621,all,1.0,1.0,1.0,1.0,1.0,1.0,1.0,1.0,67,0,0,67,67,2211,2211,26,26,3,1.6153846153846154,0.3905325443786982,3,1.6153846153846154,0.3905325443786982
15644,all,1.0,1.0,1.0,1.0,1.0,1.0,1.0,1.0,201,0,0,201,201,20100,20100,49,49,5,2.5306122448979593,1.2694710537276135,5,2.5306122448979593,1.2694710537276135
15645,all,1.0,1.0,1.0,1.0,1.0,1.0,1.0,1.0,51,0,0,51,51,1275,1275,23,23,4,2.217391304347826,0.8657844990548204,4,2.217391304347826,0.8657844990548204
15652,all,1.0,1.0,1.0,1.0,1.0,1.0,1.0,1.0,103,0,0,103,103,5253,5253,37,37,3,1.7567567567567568,0.4543462381300219,3,1.7567567567567568,0.4543462381300219
15653,all,1.0,1.0,1.0,1.0,1.0,1.0,1.0,1.0,50,0,0,50,50,1225,1225,20,20,3,1.4,0.34,3,1.4,0.34
15658,all,1.0,1.0,1.0,1.0,1.0,1.0,1.0,1.0,92,0,0,92,92,4186,4186,27,27,4,1.8888888888888888,0.617283950617284,4,1.8888888888888888,0.617283950617284
15667,all,1.0,1.0,1.0,1.0,1.0,1.0,1.0,1.0,81,0,0,81,81,3240,3240,28,28,3,1.6428571428571428,0.44387755102040816,3,1.6428571428571428,0.44387755102040816
15681,all,1.0,1.0,1.0,1.0,1.0,1.0,1.0,1.0,47,0,0,47,47,1081,1081,15,15,3,1.8,0.56,3,1.8,0.56
15684,all,1.0,1.0,1.0,1.0,1.0,1.0,1.0,1.0,33,0,0,33,33,528,528,21,21,2,1.4285714285714286,0.24489795918367352,2,1.4285714285714286,0.24489795918367352
15687,all,1.0,1.0,1.0,1.0,1.0,1.0,1.0,1.0,98,0,0,98,98,4753,4753,41,41,4,2.4390243902439024,0.8316478286734086,4,2.4390243902439024,0.8316478286734086
15690,all,1.0,1.0,1.0,1.0,1.0,1.0,1.0,1.0,83,0,0,83,83,3403,3403,23,23,3,1.7826086956521738,0.6918714555765595,3,1.7826086956521738,0.6918714555765595
15693,all,1.0,1.0,1.0,1.0,1.0,1.0,1.0,1.0,28,0,0,28,28,378,378,19,19,4,2.0,1.0526315789473684,4,2.0,1.0526315789473684
15704,all,1.0,1.0,1.0,1.0,1.0,1.0,1.0,1.0,38,0,0,38,38,703,703,16,16,3,1.3125,0.33984375,3,1.3125,0.33984375
15709,all,1.0,1.0,1.0,1.0,1.0,1.0,1.0,1.0,54,0,0,54,54,1431,1431,26,26,4,2.0384615384615383,0.8831360946745563,4,2.0384615384615383,0.8831360946745563
15725,all,1.0,1.0,1.0,1.0,1.0,1.0,1.0,1.0,113,0,0,113,113,6328,6328,44,44,5,2.2045454545454546,1.2536157024793388,5,2.2045454545454546,1.2536157024793388
15726,all,1.0,1.0,1.0,1.0,1.0,1.0,1.0,1.0,104,0,0,104,104,5356,5356,40,40,5,2.125,1.359375,5,2.125,1.359375
15733,all,1.0,1.0,1.0,1.0,1.0,1.0,1.0,1.0,44,0,0,44,44,946,946,20,20,4,2.55,0.6475000000000001,4,2.55,0.6475000000000001
15735,all,1.0,1.0,1.0,1.0,1.0,1.0,1.0,1.0,9,0,0,9,9,36,36,6,6,2,1.5,0.25,2,1.5,0.25
15744,all,1.0,1.0,1.0,1.0,1.0,1.0,1.0,1.0,27,0,0,27,27,351,351,12,12,4,1.75,0.8541666666666666,4,1.75,0.8541666666666666
15745,all,1.0,1.0,1.0,1.0,1.0,1.0,1.0,1.0,11,0,0,11,11,55,55,8,8,2,1.125,0.109375,2,1.125,0.109375
15750,all,1.0,1.0,1.0,1.0,1.0,1.0,1.0,1.0,161,0,0,161,161,12880,12880,24,24,3,1.5833333333333333,0.3263888888888889,3,1.5833333333333333,0.3263888888888889
15759,all,1.0,1.0,1.0,1.0,1.0,1.0,1.0,1.0,79,0,0,79,79,3081,3081,9,9,3,1.6666666666666667,0.4444444444444444,3,1.6666666666666667,0.4444444444444444
15764,all,1.0,1.0,1.0,1.0,1.0,1.0,1.0,1.0,138,0,0,138,138,9453,9453,38,38,4,2.3684210526315788,0.9168975069252077,4,2.3684210526315788,0.9168975069252077
15772,all,1.0,1.0,1.0,1.0,1.0,1.0,1.0,1.0,113,0,0,113,113,6328,6328,35,35,4,2.057142857142857,0.7395918367346939,4,2.057142857142857,0.7395918367346939
15778,all,1.0,1.0,1.0,1.0,1.0,1.0,1.0,1.0,71,0,0,71,71,2485,2485,23,23,4,2.1739130434782608,0.839319470699433,4,2.1739130434782608,0.839319470699433
15792,all,1.0,1.0,1.0,1.0,1.0,1.0,1.0,1.0,6,0,0,6,6,15,15,7,7,2,1.1428571428571428,0.12244897959183675,2,1.1428571428571428,0.12244897959183675
15794,all,1.0,1.0,1.0,1.0,1.0,1.0,1.0,1.0,208,0,0,208,208,21528,21528,49,49,4,1.8979591836734695,0.7446897126197418,4,1.8979591836734695,0.7446897126197418
15797,all,1.0,1.0,1.0,1.0,1.0,1.0,1.0,1.0,21,0,0,21,21,210,210,16,16,5,3.375,2.109375,5,3.375,2.109375
15802,all,1.0,1.0,1.0,1.0,1.0,1.0,1.0,1.0,49,0,0,49,49,1176,1176,18,18,3,1.5555555555555556,0.3580246913580247,3,1.5555555555555556,0.3580246913580247
15809,all,1.0,1.0,1.0,1.0,1.0,1.0,1.0,1.0,4,0,0,4,4,6,6,4,4,2,1.25,0.1875,2,1.25,0.1875
15810,all,1.0,1.0,1.0,1.0,1.0,1.0,1.0,1.0,214,0,0,214,214,22791,22791,66,66,5,2.8636363636363638,1.6026170798898072,5,2.8636363636363638,1.6026170798898072
15811,all,1.0,1.0,1.0,1.0,1.0,1.0,1.0,1.0,19,0,0,19,19,171,171,10,10,3,2.2,0.76,3,2.2,0.76
15816,all,1.0,1.0,1.0,1.0,1.0,1.0,1.0,1.0,47,0,0,47,47,1081,1081,24,24,4,2.1666666666666665,0.6388888888888888,4,2.1666666666666665,0.6388888888888888
15818,all,1.0,1.0,1.0,1.0,1.0,1.0,1.0,1.0,29,0,0,29,29,406,406,18,18,4,2.1666666666666665,0.8055555555555556,4,2.1666666666666665,0.8055555555555556
15823,all,1.0,1.0,1.0,1.0,1.0,1.0,1.0,1.0,61,0,0,61,61,1830,1830,20,20,3,1.8,0.5599999999999999,3,1.8,0.5599999999999999
15826,all,1.0,1.0,1.0,1.0,1.0,1.0,1.0,1.0,145,0,0,145,145,10440,10440,36,36,5,2.25,1.2986111111111112,5,2.25,1.2986111111111112
15830,all,1.0,1.0,1.0,1.0,1.0,1.0,1.0,1.0,10,0,0,10,10,45,45,7,7,2,1.2857142857142858,0.20408163265306123,2,1.2857142857142858,0.20408163265306123
15839,all,1.0,1.0,1.0,1.0,1.0,1.0,1.0,1.0,79,0,0,79,79,3081,3081,21,21,3,1.619047619047619,0.42630385487528344,3,1.619047619047619,0.42630385487528344
15846,all,1.0,1.0,1.0,1.0,1.0,1.0,1.0,1.0,55,0,0,55,55,1485,1485,24,24,4,2.0416666666666665,0.7899305555555557,4,2.0416666666666665,0.7899305555555557
15850,all,1.0,1.0,1.0,1.0,1.0,1.0,1.0,1.0,107,0,0,107,107,5671,5671,15,15,3,1.6,0.5066666666666667,3,1.6,0.5066666666666667
15859,all,1.0,1.0,1.0,1.0,1.0,1.0,1.0,1.0,70,0,0,70,70,2415,2415,31,31,3,1.8387096774193548,0.7159209157127993,3,1.8387096774193548,0.7159209157127993
15870,all,1.0,1.0,1.0,1.0,1.0,1.0,1.0,1.0,51,0,0,51,51,1275,1275,25,25,3,1.64,0.4704,3,1.64,0.4704
15876,all,1.0,1.0,1.0,1.0,1.0,1.0,1.0,1.0,112,0,0,112,112,6216,6216,24,24,3,1.8333333333333333,0.638888888888889,3,1.8333333333333333,0.638888888888889
15881,all,1.0,1.0,1.0,1.0,1.0,1.0,1.0,1.0,105,0,0,105,105,5460,5460,23,23,6,2.391304347826087,2.151228733459357,6,2.391304347826087,2.151228733459357
15883,all,1.0,1.0,1.0,1.0,1.0,1.0,1.0,1.0,191,0,0,191,191,18145,18145,54,54,5,2.4814814814814814,1.3237311385459534,5,2.4814814814814814,1.3237311385459534
15895,all,1.0,1.0,1.0,1.0,1.0,1.0,1.0,1.0,57,0,0,57,57,1596,1596,21,21,4,1.5238095238095237,0.6303854875283447,4,1.5238095238095237,0.6303854875283447
15906,all,1.0,1.0,1.0,1.0,1.0,1.0,1.0,1.0,62,0,0,62,62,1891,1891,28,28,4,2.107142857142857,1.024234693877551,4,2.107142857142857,1.024234693877551
15918,all,1.0,1.0,1.0,1.0,1.0,1.0,1.0,1.0,21,0,0,21,21,210,210,15,15,3,1.9333333333333333,0.7288888888888889,3,1.9333333333333333,0.7288888888888889
15927,all,1.0,1.0,1.0,1.0,1.0,1.0,1.0,1.0,21,0,0,21,21,210,210,8,8,2,1.375,0.234375,2,1.375,0.234375
15944,all,1.0,1.0,1.0,1.0,1.0,1.0,1.0,1.0,77,0,0,77,77,2926,2926,28,28,3,1.8928571428571428,0.667091836734694,3,1.8928571428571428,0.667091836734694
15947,all,1.0,1.0,1.0,1.0,1.0,1.0,1.0,1.0,114,0,0,114,114,6441,6441,34,34,3,1.4411764705882353,0.3641868512110727,3,1.4411764705882353,0.3641868512110727
15952,all,1.0,1.0,1.0,1.0,1.0,1.0,1.0,1.0,16,0,0,16,16,120,120,15,15,3,1.6666666666666667,0.6222222222222222,3,1.6666666666666667,0.6222222222222222
15954,all,1.0,1.0,1.0,1.0,1.0,1.0,1.0,1.0,118,0,0,118,118,6903,6903,28,28,3,1.6071428571428572,0.3099489795918367,3,1.6071428571428572,0.3099489795918367
15963,all,1.0,1.0,1.0,1.0,1.0,1.0,1.0,1.0,64,0,0,64,64,2016,2016,30,30,5,2.3,1.0766666666666669,5,2.3,1.0766666666666669
15976,all,1.0,1.0,1.0,1.0,1.0,1.0,1.0,1.0,326,0,0,326,326,52975,52975,59,59,3,1.9152542372881356,0.4504452743464523,3,1.9152542372881356,0.4504452743464523
15978,all,1.0,1.0,1.0,1.0,1.0,1.0,1.0,1.0,31,0,0,31,31,465,465,15,15,3,1.8666666666666667,0.7822222222222223,3,1.8666666666666667,0.7822222222222223
15984,all,1.0,1.0,1.0,1.0,1.0,1.0,1.0,1.0,25,0,0,25,25,300,300,12,12,4,2.5,1.4166666666666667,4,2.5,1.4166666666666667
15986,all,1.0,1.0,1.0,1.0,1.0,1.0,1.0,1.0,26,0,0,26,26,325,325,15,15,3,2.3333333333333335,0.6222222222222223,3,2.3333333333333335,0.6222222222222223
15987,all,1.0,1.0,1.0,1.0,1.0,1.0,1.0,1.0,58,0,0,58,58,1653,1653,18,18,4,1.9444444444444444,0.941358024691358,4,1.9444444444444444,0.941358024691358
15994,all,1.0,1.0,1.0,1.0,1.0,1.0,1.0,1.0,23,0,0,23,23,253,253,14,14,4,1.7857142857142858,0.8826530612244899,4,1.7857142857142858,0.8826530612244899
16005,all,1.0,1.0,1.0,1.0,1.0,1.0,1.0,1.0,260,0,0,260,260,33670,33670,87,87,4,2.2873563218390807,0.6875412868278503,4,2.2873563218390807,0.6875412868278503
16015,all,1.0,1.0,1.0,1.0,1.0,1.0,1.0,1.0,310,0,0,310,310,47895,47895,53,53,4,2.0943396226415096,0.6514773940904237,4,2.0943396226415096,0.6514773940904237
16025,all,1.0,1.0,1.0,1.0,1.0,1.0,1.0,1.0,56,0,0,56,56,1540,1540,30,30,5,2.2333333333333334,1.0455555555555558,5,2.2333333333333334,1.0455555555555558
16027,all,1.0,1.0,1.0,1.0,1.0,1.0,1.0,1.0,22,0,0,22,22,231,231,8,8,2,1.375,0.234375,2,1.375,0.234375
16032,all,1.0,1.0,1.0,1.0,1.0,1.0,1.0,1.0,175,0,0,175,175,15225,15225,29,29,5,2.5172413793103448,1.3531510107015454,5,2.5172413793103448,1.3531510107015454
16037,all,1.0,1.0,1.0,1.0,1.0,1.0,1.0,1.0,308,0,0,308,308,47278,47278,70,70,4,2.1142857142857143,0.8155102040816328,4,2.1142857142857143,0.8155102040816328
16038,all,1.0,1.0,1.0,1.0,1.0,1.0,1.0,1.0,236,0,0,236,236,27730,27730,56,56,4,2.0714285714285716,0.7448979591836736,4,2.0714285714285716,0.7448979591836736
16063,all,1.0,1.0,1.0,1.0,1.0,1.0,1.0,1.0,97,0,0,97,97,4656,4656,23,23,3,1.826086956521739,0.5784499054820416,3,1.826086956521739,0.5784499054820416
16064,all,1.0,1.0,1.0,1.0,1.0,1.0,1.0,1.0,236,0,0,236,236,27730,27730,37,37,5,2.5945945945945947,1.051862673484295,5,2.5945945945945947,1.051862673484295
16069,all,1.0,1.0,1.0,1.0,1.0,1.0,1.0,1.0,102,0,0,102,102,5151,5151,30,30,3,1.8,0.6266666666666667,3,1.8,0.6266666666666667
16071,all,1.0,1.0,1.0,1.0,1.0,1.0,1.0,1.0,31,0,0,31,31,465,465,16,16,3,2.0,0.625,3,2.0,0.625
16072,all,1.0,1.0,1.0,1.0,1.0,1.0,1.0,1.0,104,0,0,104,104,5356,5356,28,28,5,1.9285714285714286,1.2091836734693877,5,1.9285714285714286,1.2091836734693877
16076,all,1.0,1.0,1.0,1.0,1.0,1.0,1.0,1.0,255,0,0,255,255,32385,32385,56,56,4,1.9642857142857142,0.6415816326530611,4,1.9642857142857142,0.6415816326530611
16080,all,1.0,1.0,1.0,1.0,1.0,1.0,1.0,1.0,139,0,0,139,139,9591,9591,45,45,4,2.311111111111111,0.8365432098765433,4,2.311111111111111,0.8365432098765433
16082,all,1.0,1.0,1.0,1.0,1.0,1.0,1.0,1.0,31,0,0,31,31,465,465,19,19,3,1.5263157894736843,0.3545706371191136,3,1.5263157894736843,0.3545706371191136
16084,all,1.0,1.0,1.0,1.0,1.0,1.0,1.0,1.0,96,0,0,96,96,4560,4560,40,40,4,2.1,0.9899999999999999,4,2.1,0.9899999999999999
16089,all,1.0,1.0,1.0,1.0,1.0,1.0,1.0,1.0,39,0,0,39,39,741,741,17,17,3,1.588235294117647,0.47750865051903113,3,1.588235294117647,0.47750865051903113
16098,all,1.0,1.0,1.0,1.0,1.0,1.0,1.0,1.0,66,0,0,66,66,2145,2145,23,23,6,2.782608695652174,2.257088846880907,6,2.782608695652174,2.257088846880907
16099,all,1.0,1.0,1.0,1.0,1.0,1.0,1.0,1.0,54,0,0,54,54,1431,1431,27,27,4,2.4074074074074074,0.9080932784636491,4,2.4074074074074074,0.9080932784636491
16101,all,1.0,1.0,1.0,1.0,1.0,1.0,1.0,1.0,62,0,0,62,62,1891,1891,25,25,4,2.12,0.9056000000000001,4,2.12,0.9056000000000001
16111,all,1.0,1.0,1.0,1.0,1.0,1.0,1.0,1.0,39,0,0,39,39,741,741,12,12,2,1.4166666666666667,0.24305555555555555,2,1.4166666666666667,0.24305555555555555
16112,all,1.0,1.0,1.0,1.0,1.0,1.0,1.0,1.0,71,0,0,71,71,2485,2485,26,26,3,1.7307692307692308,0.42751479289940825,3,1.7307692307692308,0.42751479289940825
16114,all,1.0,1.0,1.0,1.0,1.0,1.0,1.0,1.0,66,0,0,66,66,2145,2145,18,18,3,1.6111111111111112,0.4598765432098766,3,1.6111111111111112,0.4598765432098766
16119,all,1.0,1.0,1.0,1.0,1.0,1.0,1.0,1.0,21,0,0,21,21,210,210,13,13,4,2.230769230769231,1.1005917159763317,4,2.230769230769231,1.1005917159763317
16123,all,1.0,1.0,1.0,1.0,1.0,1.0,1.0,1.0,187,0,0,187,187,17391,17391,34,34,4,2.2058823529411766,0.987024221453287,4,2.2058823529411766,0.987024221453287
16125,all,1.0,1.0,1.0,1.0,1.0,1.0,1.0,1.0,182,0,0,182,182,16471,16471,39,39,3,1.641025641025641,0.48652202498356345,3,1.641025641025641,0.48652202498356345
16142,all,1.0,1.0,1.0,1.0,1.0,1.0,1.0,1.0,68,0,0,68,68,2278,2278,26,26,4,2.769230769230769,1.1005917159763312,4,2.769230769230769,1.1005917159763312
16161,all,1.0,1.0,1.0,1.0,1.0,1.0,1.0,1.0,16,0,0,16,16,120,120,8,8,2,1.375,0.234375,2,1.375,0.234375
16164,all,1.0,1.0,1.0,1.0,1.0,1.0,1.0,1.0,120,0,0,120,120,7140,7140,19,19,3,1.9473684210526316,0.6814404432132964,3,1.9473684210526316,0.6814404432132964
16166,all,1.0,1.0,1.0,1.0,1.0,1.0,1.0,1.0,53,0,0,53,53,1378,1378,26,26,4,2.1153846153846154,0.8713017751479288,4,2.1153846153846154,0.8713017751479288
16173,all,1.0,1.0,1.0,1.0,1.0,1.0,1.0,1.0,97,0,0,97,97,4656,4656,25,25,3,1.96,0.5984000000000002,3,1.96,0.5984000000000002
16180,all,1.0,1.0,1.0,1.0,1.0,1.0,1.0,1.0,79,0,0,79,79,3081,3081,24,24,4,2.375,0.9010416666666666,4,2.375,0.9010416666666666
16183,all,1.0,1.0,1.0,1.0,1.0,1.0,1.0,1.0,84,0,0,84,84,3486,3486,25,25,3,1.6,0.3999999999999999,3,1.6,0.3999999999999999
16188,all,1.0,1.0,1.0,1.0,1.0,1.0,1.0,1.0,62,0,0,62,62,1891,1891,20,20,3,1.75,0.3875,3,1.75,0.3875
16193,all,1.0,1.0,1.0,1.0,1.0,1.0,1.0,1.0,42,0,0,42,42,861,861,20,20,4,2.3,1.41,4,2.3,1.41
16206,all,1.0,1.0,1.0,1.0,1.0,1.0,1.0,1.0,42,0,0,42,42,861,861,12,12,3,1.4166666666666667,0.40972222222222215,3,1.4166666666666667,0.40972222222222215
16210,all,1.0,1.0,1.0,1.0,1.0,1.0,1.0,1.0,51,0,0,51,51,1275,1275,36,36,4,2.4444444444444446,1.191358024691358,4,2.4444444444444446,1.191358024691358
16216,all,1.0,1.0,1.0,1.0,1.0,1.0,1.0,1.0,113,0,0,113,113,6328,6328,30,30,4,2.3,0.7433333333333336,4,2.3,0.7433333333333336
16237,all,1.0,1.0,1.0,1.0,1.0,1.0,1.0,1.0,119,0,0,119,119,7021,7021,49,49,4,2.1020408163265305,0.6630570595585172,4,2.1020408163265305,0.6630570595585172
16238,all,1.0,1.0,1.0,1.0,1.0,1.0,1.0,1.0,123,0,0,123,123,7503,7503,35,35,3,1.8857142857142857,0.6155102040816325,3,1.8857142857142857,0.6155102040816325
16240,all,1.0,1.0,1.0,1.0,1.0,1.0,1.0,1.0,6,0,0,6,6,15,15,6,6,2,1.3333333333333333,0.22222222222222224,2,1.3333333333333333,0.22222222222222224
16241,all,1.0,1.0,1.0,1.0,1.0,1.0,1.0,1.0,22,0,0,22,22,231,231,14,14,4,2.0,1.0,4,2.0,1.0
16243,all,1.0,1.0,1.0,1.0,1.0,1.0,1.0,1.0,144,0,0,144,144,10296,10296,34,34,4,1.911764705882353,0.9039792387543252,4,1.911764705882353,0.9039792387543252
16246,all,1.0,1.0,1.0,1.0,1.0,1.0,1.0,1.0,123,0,0,123,123,7503,7503,31,31,3,1.6451612903225807,0.42247658688865763,3,1.6451612903225807,0.42247658688865763
16253,all,1.0,1.0,1.0,1.0,1.0,1.0,1.0,1.0,87,0,0,87,87,3741,3741,16,16,3,1.9375,0.55859375,3,1.9375,0.55859375
16254,all,1.0,1.0,1.0,1.0,1.0,1.0,1.0,1.0,517,0,0,517,517,133386,133386,40,40,3,2.075,0.569375,3,2.075,0.569375
16255,all,1.0,1.0,1.0,1.0,1.0,1.0,1.0,1.0,24,0,0,24,24,276,276,16,16,3,1.75,0.4375,3,1.75,0.4375
16257,all,1.0,1.0,1.0,1.0,1.0,1.0,1.0,1.0,22,0,0,22,22,231,231,16,16,4,2.125,1.109375,4,2.125,1.109375
16273,all,1.0,1.0,1.0,1.0,1.0,1.0,1.0,1.0,317,0,0,317,317,50086,50086,74,74,4,2.1621621621621623,0.9737034331628925,4,2.1621621621621623,0.9737034331628925
16283,all,1.0,1.0,1.0,1.0,1.0,1.0,1.0,1.0,316,0,0,316,316,49770,49770,55,55,4,1.9636363636363636,0.6895867768595041,4,1.9636363636363636,0.6895867768595041
16292,all,1.0,1.0,1.0,1.0,1.0,1.0,1.0,1.0,28,0,0,28,28,378,378,10,10,3,1.7,0.6100000000000001,3,1.7,0.6100000000000001
16295,all,1.0,1.0,1.0,1.0,1.0,1.0,1.0,1.0,133,0,0,133,133,8778,8778,30,30,5,2.9,1.7566666666666664,5,2.9,1.7566666666666664
16297,all,1.0,1.0,1.0,1.0,1.0,1.0,1.0,1.0,78,0,0,78,78,3003,3003,39,39,4,2.051282051282051,0.8178829717291255,4,2.051282051282051,0.8178829717291255
16308,all,1.0,1.0,1.0,1.0,1.0,1.0,1.0,1.0,341,0,0,341,341,57970,57970,45,45,4,2.511111111111111,1.0498765432098764,4,2.511111111111111,1.0498765432098764
16314,all,1.0,1.0,1.0,1.0,1.0,1.0,1.0,1.0,63,0,0,63,63,1953,1953,29,29,3,2.2413793103448274,0.6658739595719382,3,2.2413793103448274,0.6658739595719382
16318,all,1.0,1.0,1.0,1.0,1.0,1.0,1.0,1.0,159,0,0,159,159,12561,12561,29,29,4,2.0,0.896551724137931,4,2.0,0.896551724137931
16322,all,1.0,1.0,1.0,1.0,1.0,1.0,1.0,1.0,163,0,0,163,163,13203,13203,44,44,4,2.1136363636363638,0.7370867768595041,4,2.1136363636363638,0.7370867768595041
16327,all,1.0,1.0,1.0,1.0,1.0,1.0,1.0,1.0,287,0,0,287,287,41041,41041,54,54,5,2.3333333333333335,1.2222222222222225,5,2.3333333333333335,1.2222222222222225
16334,all,1.0,1.0,1.0,1.0,1.0,1.0,1.0,1.0,58,0,0,58,58,1653,1653,15,15,2,1.2666666666666666,0.19555555555555557,2,1.2666666666666666,0.19555555555555557
16335,all,1.0,1.0,1.0,1.0,1.0,1.0,1.0,1.0,31,0,0,31,31,465,465,13,13,4,1.9230769230769231,0.8402366863905326,4,1.9230769230769231,0.8402366863905326
16343,all,1.0,1.0,1.0,1.0,1.0,1.0,1.0,1.0,71,0,0,71,71,2485,2485,26,26,3,1.5769230769230769,0.4748520710059172,3,1.5769230769230769,0.4748520710059172
16344,all,1.0,1.0,1.0,1.0,1.0,1.0,1.0,1.0,65,0,0,65,65,2080,2080,27,27,3,1.8148148148148149,0.5953360768175583,3,1.8148148148148149,0.5953360768175583
16356,all,1.0,1.0,1.0,1.0,1.0,1.0,1.0,1.0,142,0,0,142,142,10011,10011,40,40,4,2.3,1.16,4,2.3,1.16
16359,all,1.0,1.0,1.0,1.0,1.0,1.0,1.0,1.0,270,0,0,270,270,36315,36315,53,53,4,1.849056603773585,0.6564613741545033,4,1.849056603773585,0.6564613741545033
16360,all,1.0,1.0,1.0,1.0,1.0,1.0,1.0,1.0,29,0,0,29,29,406,406,10,10,2,1.2,0.16,2,1.2,0.16
16362,all,1.0,1.0,1.0,1.0,1.0,1.0,1.0,1.0,48,0,0,48,48,1128,1128,15,15,3,1.6666666666666667,0.48888888888888893,3,1.6666666666666667,0.48888888888888893
16364,all,1.0,1.0,1.0,1.0,1.0,1.0,1.0,1.0,111,0,0,111,111,6105,6105,34,34,3,1.5294117647058822,0.42560553633218,3,1.5294117647058822,0.42560553633218
16377,all,1.0,1.0,1.0,1.0,1.0,1.0,1.0,1.0,168,0,0,168,168,14028,14028,31,31,3,1.8387096774193548,0.6514047866805411,3,1.8387096774193548,0.6514047866805411
16408,all,1.0,1.0,1.0,1.0,1.0,1.0,1.0,1.0,16,0,0,16,16,120,120,10,10,3,1.8,0.5599999999999999,3,1.8,0.5599999999999999
16410,all,1.0,1.0,1.0,1.0,1.0,1.0,1.0,1.0,63,0,0,63,63,1953,1953,17,17,3,1.6470588235294117,0.46366782006920415,3,1.6470588235294117,0.46366782006920415
16414,all,1.0,1.0,1.0,1.0,1.0,1.0,1.0,1.0,100,0,0,100,100,4950,4950,22,22,3,1.6363636363636365,0.5041322314049587,3,1.6363636363636365,0.5041322314049587
16418,all,1.0,1.0,1.0,1.0,1.0,1.0,1.0,1.0,47,0,0,47,47,1081,1081,20,20,4,1.9,0.6900000000000001,4,1.9,0.6900000000000001
16424,all,1.0,1.0,1.0,1.0,1.0,1.0,1.0,1.0,76,0,0,76,76,2850,2850,16,16,4,1.8125,0.77734375,4,1.8125,0.77734375
16432,all,1.0,1.0,1.0,1.0,1.0,1.0,1.0,1.0,21,0,0,21,21,210,210,16,16,3,1.75,0.5625,3,1.75,0.5625
16448,all,1.0,1.0,1.0,1.0,1.0,1.0,1.0,1.0,27,0,0,27,27,351,351,16,16,4,1.8125,0.90234375,4,1.8125,0.90234375
16449,all,1.0,1.0,1.0,1.0,1.0,1.0,1.0,1.0,54,0,0,54,54,1431,1431,9,9,4,2.111111111111111,0.9876543209876544,4,2.111111111111111,0.9876543209876544
16458,all,1.0,1.0,1.0,1.0,1.0,1.0,1.0,1.0,59,0,0,59,59,1711,1711,36,36,3,1.8888888888888888,0.6543209876543212,3,1.8888888888888888,0.6543209876543212
16465,all,1.0,1.0,1.0,1.0,1.0,1.0,1.0,1.0,114,0,0,114,114,6441,6441,32,32,4,2.4375,0.74609375,4,2.4375,0.74609375
16468,all,1.0,1.0,1.0,1.0,1.0,1.0,1.0,1.0,93,0,0,93,93,4278,4278,33,33,4,2.515151515151515,0.9770431588613404,4,2.515151515151515,0.9770431588613404
16483,all,1.0,1.0,1.0,1.0,1.0,1.0,1.0,1.0,562,0,0,562,562,157641,157641,59,59,4,2.2542372881355934,0.9353634013214591,4,2.2542372881355934,0.9353634013214591
16486,all,1.0,1.0,1.0,1.0,1.0,1.0,1.0,1.0,80,0,0,80,80,3160,3160,20,20,3,1.8,0.4600000000000001,3,1.8,0.4600000000000001
16491,all,1.0,1.0,1.0,1.0,1.0,1.0,1.0,1.0,223,0,0,223,223,24753,24753,32,32,4,2.375,0.984375,4,2.375,0.984375
16494,all,1.0,1.0,1.0,1.0,1.0,1.0,1.0,1.0,21,0,0,21,21,210,210,9,9,2,1.4444444444444444,0.2469135802469136,2,1.4444444444444444,0.2469135802469136
16497,all,1.0,1.0,1.0,1.0,1.0,1.0,1.0,1.0,74,0,0,74,74,2701,2701,40,40,4,2.175,0.694375,4,2.175,0.694375
16499,all,1.0,1.0,1.0,1.0,1.0,1.0,1.0,1.0,143,0,0,143,143,10153,10153,27,27,3,1.7407407407407407,0.7846364883401921,3,1.7407407407407407,0.7846364883401921
16509,all,1.0,1.0,1.0,1.0,1.0,1.0,1.0,1.0,236,0,0,236,236,27730,27730,55,55,4,2.327272727272727,0.874710743801653,4,2.327272727272727,0.874710743801653
16513,all,1.0,1.0,1.0,1.0,1.0,1.0,1.0,1.0,162,0,0,162,162,13041,13041,46,46,4,1.934782608695652,0.5827032136105859,4,1.934782608695652,0.5827032136105859
16518,all,1.0,1.0,1.0,1.0,1.0,1.0,1.0,1.0,64,0,0,64,64,2016,2016,17,17,4,2.411764705882353,0.9480968858131488,4,2.411764705882353,0.9480968858131488
16521,all,1.0,1.0,1.0,1.0,1.0,1.0,1.0,1.0,120,0,0,120,120,7140,7140,42,42,5,2.642857142857143,1.1343537414965985,5,2.642857142857143,1.1343537414965985
16526,all,1.0,1.0,1.0,1.0,1.0,1.0,1.0,1.0,159,0,0,159,159,12561,12561,43,43,3,1.813953488372093,0.5235262303948081,3,1.813953488372093,0.5235262303948081
16531,all,1.0,1.0,1.0,1.0,1.0,1.0,1.0,1.0,112,0,0,112,112,6216,6216,35,35,3,1.8857142857142857,0.44408163265306116,3,1.8857142857142857,0.44408163265306116
16538,all,1.0,1.0,1.0,1.0,1.0,1.0,1.0,1.0,69,0,0,69,69,2346,2346,26,26,2,1.4615384615384615,0.24852071005917156,2,1.4615384615384615,0.24852071005917156
16544,all,1.0,1.0,1.0,1.0,1.0,1.0,1.0,1.0,77,0,0,77,77,2926,2926,29,29,3,2.0344827586206895,0.6539833531510106,3,2.0344827586206895,0.6539833531510106
16567,all,1.0,1.0,1.0,1.0,1.0,1.0,1.0,1.0,58,0,0,58,58,1653,1653,17,17,3,1.7647058823529411,0.532871972318339,3,1.7647058823529411,0.532871972318339
16573,all,1.0,1.0,1.0,1.0,1.0,1.0,1.0,1.0,43,0,0,43,43,903,903,19,19,3,1.8421052631578947,0.554016620498615,3,1.8421052631578947,0.554016620498615
16574,all,1.0,1.0,1.0,1.0,1.0,1.0,1.0,1.0,95,0,0,95,95,4465,4465,11,11,4,2.090909090909091,0.9917355371900826,4,2.090909090909091,0.9917355371900826
16575,all,1.0,1.0,1.0,1.0,1.0,1.0,1.0,1.0,52,0,0,52,52,1326,1326,14,14,3,1.7857142857142858,0.4540816326530612,3,1.7857142857142858,0.4540816326530612
16593,all,1.0,1.0,1.0,1.0,1.0,1.0,1.0,1.0,81,0,0,81,81,3240,3240,29,29,4,2.310344827586207,0.9726516052318666,4,2.310344827586207,0.9726516052318666
16605,all,1.0,1.0,1.0,1.0,1.0,1.0,1.0,1.0,15,0,0,15,15,105,105,10,10,3,2.0,0.8,3,2.0,0.8
16606,all,1.0,1.0,1.0,1.0,1.0,1.0,1.0,1.0,5,0,0,5,5,10,10,5,5,2,1.4,0.24,2,1.4,0.24
16616,all,1.0,1.0,1.0,1.0,1.0,1.0,1.0,1.0,243,0,0,243,243,29403,29403,58,58,4,2.103448275862069,0.6099881093935791,4,2.103448275862069,0.6099881093935791
16631,all,1.0,1.0,1.0,1.0,1.0,1.0,1.0,1.0,171,0,0,171,171,14535,14535,24,24,3,1.6666666666666667,0.47222222222222227,3,1.6666666666666667,0.47222222222222227
16653,all,1.0,1.0,1.0,1.0,1.0,1.0,1.0,1.0,43,0,0,43,43,903,903,14,14,3,1.7857142857142858,0.5969387755102041,3,1.7857142857142858,0.5969387755102041
16659,all,1.0,1.0,1.0,1.0,1.0,1.0,1.0,1.0,92,0,0,92,92,4186,4186,27,27,4,2.5185185185185186,1.064471879286694,4,2.5185185185185186,1.064471879286694
16660,all,1.0,1.0,1.0,1.0,1.0,1.0,1.0,1.0,73,0,0,73,73,2628,2628,23,23,4,1.9565217391304348,0.8241965973534972,4,1.9565217391304348,0.8241965973534972
16669,all,1.0,1.0,1.0,1.0,1.0,1.0,1.0,1.0,38,0,0,38,38,703,703,26,26,4,1.9230769230769231,0.9940828402366864,4,1.9230769230769231,0.9940828402366864
16670,all,1.0,1.0,1.0,1.0,1.0,1.0,1.0,1.0,28,0,0,28,28,378,378,16,16,3,1.625,0.609375,3,1.625,0.609375
16672,all,1.0,1.0,1.0,1.0,1.0,1.0,1.0,1.0,210,0,0,210,210,21945,21945,35,35,3,1.457142857142857,0.30530612244897964,3,1.457142857142857,0.30530612244897964
16673,all,1.0,1.0,1.0,1.0,1.0,1.0,1.0,1.0,24,0,0,24,24,276,276,13,13,2,1.3846153846153846,0.23668639053254442,2,1.3846153846153846,0.23668639053254442
16677,all,1.0,1.0,1.0,1.0,1.0,1.0,1.0,1.0,130,0,0,130,130,8385,8385,19,19,3,1.9473684210526316,0.6814404432132964,3,1.9473684210526316,0.6814404432132964
16683,all,1.0,1.0,1.0,1.0,1.0,1.0,1.0,1.0,60,0,0,60,60,1770,1770,11,11,3,1.9090909090909092,0.6280991735537189,3,1.9090909090909092,0.6280991735537189
16693,all,1.0,1.0,1.0,1.0,1.0,1.0,1.0,1.0,308,0,0,308,308,47278,47278,47,47,4,2.3191489361702127,0.7704843820733361,4,2.3191489361702127,0.7704843820733361
16697,all,1.0,1.0,1.0,1.0,1.0,1.0,1.0,1.0,152,0,0,152,152,11476,11476,22,22,3,2.1363636363636362,0.7541322314049588,3,2.1363636363636362,0.7541322314049588
16706,all,1.0,1.0,1.0,1.0,1.0,1.0,1.0,1.0,103,0,0,103,103,5253,5253,26,26,2,1.5769230769230769,0.24408284023668633,2,1.5769230769230769,0.24408284023668633
16715,all,1.0,1.0,1.0,1.0,1.0,1.0,1.0,1.0,43,0,0,43,43,903,903,18,18,2,1.4444444444444444,0.2469135802469136,2,1.4444444444444444,0.2469135802469136
16716,all,1.0,1.0,1.0,1.0,1.0,1.0,1.0,1.0,83,0,0,83,83,3403,3403,17,17,3,1.9411764705882353,0.6435986159169551,3,1.9411764705882353,0.6435986159169551
16720,all,1.0,1.0,1.0,1.0,1.0,1.0,1.0,1.0,69,0,0,69,69,2346,2346,19,19,4,1.894736842105263,1.1468144044321331,4,1.894736842105263,1.1468144044321331
16725,all,1.0,1.0,1.0,1.0,1.0,1.0,1.0,1.0,308,0,0,308,308,47278,47278,38,38,3,1.7894736842105263,0.5346260387811635,3,1.7894736842105263,0.5346260387811635
16733,all,1.0,1.0,1.0,1.0,1.0,1.0,1.0,1.0,57,0,0,57,57,1596,1596,19,19,3,1.5789473684210527,0.45429362880886426,3,1.5789473684210527,0.45429362880886426
16737,all,1.0,1.0,1.0,1.0,1.0,1.0,1.0,1.0,66,0,0,66,66,2145,2145,32,32,4,2.65625,0.8505859375,4,2.65625,0.8505859375
16744,all,1.0,1.0,1.0,1.0,1.0,1.0,1.0,1.0,26,0,0,26,26,325,325,11,11,3,1.8181818181818181,0.5123966942148761,3,1.8181818181818181,0.5123966942148761
16757,all,1.0,1.0,1.0,1.0,1.0,1.0,1.0,1.0,76,0,0,76,76,2850,2850,24,24,4,1.8333333333333333,0.638888888888889,4,1.8333333333333333,0.638888888888889
16758,all,1.0,1.0,1.0,1.0,1.0,1.0,1.0,1.0,187,0,0,187,187,17391,17391,58,58,5,2.5344827586206895,1.076397146254459,5,2.5344827586206895,1.076397146254459
16759,all,1.0,1.0,1.0,1.0,1.0,1.0,1.0,1.0,46,0,0,46,46,1035,1035,24,24,3,2.25,0.6041666666666666,3,2.25,0.6041666666666666
16761,all,1.0,1.0,1.0,1.0,1.0,1.0,1.0,1.0,100,0,0,100,100,4950,4950,29,29,3,1.8275862068965518,0.5564803804994054,3,1.8275862068965518,0.5564803804994054
16764,all,1.0,1.0,1.0,1.0,1.0,1.0,1.0,1.0,43,0,0,43,43,903,903,20,20,3,1.85,0.7275,3,1.85,0.7275
16765,all,1.0,1.0,1.0,1.0,1.0,1.0,1.0,1.0,79,0,0,79,79,3081,3081,30,30,4,2.1333333333333333,0.9822222222222223,4,2.1333333333333333,0.9822222222222223
16773,all,1.0,1.0,1.0,1.0,1.0,1.0,1.0,1.0,644,0,0,644,644,207046,207046,42,42,3,1.9047619047619047,0.5147392290249433,3,1.9047619047619047,0.5147392290249433
16775,all,1.0,1.0,1.0,1.0,1.0,1.0,1.0,1.0,269,0,0,269,269,36046,36046,52,52,4,2.3653846153846154,0.6934171597633136,4,2.3653846153846154,0.6934171597633136
16776,all,1.0,1.0,1.0,1.0,1.0,1.0,1.0,1.0,101,0,0,101,101,5050,5050,15,15,3,2.0,0.6666666666666666,3,2.0,0.6666666666666666
